1462840016.029058, 8, 3, 95, 15383267230208, 14377483330837, 14377899330560, 15383683233462, 15383715233280, 14377931331879, -3.230000
1462840016.131006, 8, 3, 96, 15389642377728, 14383858449841, 14384274449408, 15390058380703, 15390090380288, 14384306450470, -2.440000
1462840016.131260, 8, 4, 96, 15389642377728, 15437708185849, 15438252185600, 15390186381451, 15390218381312, 15438284186846, -1.510000
1462840016.228000, 8, 3, 97, 15396016577024, 14390232620783, 14390648620544, 15396432580181, 15396464580096, 14390680621923, -2.390000
1462840016.230348, 8, 4, 97, 15396016577024, 15444082356051, 15444626355712, 15396560580652, 15396592580608, 15444658357027, -1.660000
1462840016.232097, 8, 5, 97, 15396016577024, 16370289018487, 16370961018368, 15396688581491, 15396720581120, 16370993018867, -1.740000
1462840016.233615, 8, 6, 97, 15396016577024, 16149133828820, 16149933828608, 15396816579208, 15396848579072, 16149965829049, -14.870000
1462840016.327758, 8, 3, 98, 15402390794752, 14396606810093, 14397022809600, 15402806797651, 15402838797312, 14397054810742, -1.160000
1462840016.329721, 8, 4, 98, 15402390794752, 15450456544624, 15451000544256, 15402934798361, 15402966798336, 15451032545599, -2.080000
1462840016.331533, 8, 5, 98, 15402390794752, 16376663202417, 16377335202304, 15403062799196, 15403094798848, 16377367202809, -1.900000
1462840016.334629, 8, 6, 98, 15402390794752, 16155508032071, 16156308032000, 15403190797076, 15403222796800, 16156340032316, -13.730000
1462840016.427608, 8, 3, 99, 15408764993536, 14402980980578, 14403396980224, 15409180996670, 15409212996608, 14403428981677, -3.890000
1462840016.429306, 8, 4, 99, 15408764993536, 15456830714317, 15457374713856, 15409308997034, 15409340996608, 15457406714802, -1.690000
1462840016.431670, 8, 5, 99, 15408764993536, 16383037367504, 16383709367296, 15409436997893, 15409468997632, 16383741367901, -2.030000
1462840016.433650, 8, 6, 99, 15408764993536, 16161882216434, 16162682215936, 15409564995436, 15409596995072, 16162714216157, -13.630000
1462840016.527090, 8, 3, 100, 15415139494912, 14409355453548, 14409771453440, 15415555498180, 15415587497984, 14409803454677, -2.310000
1462840016.529098, 8, 4, 100, 15415139494912, 15463205186556, 15463749186048, 15415683498348, 15415715497984, 15463781187052, -1.610000
1462840016.530999, 8, 5, 100, 15415139494912, 16389411835113, 16390083834880, 15415811499237, 15415843499008, 16390115835535, -1.880000
1462840016.533005, 8, 6, 100, 15415139494912, 16168256703360, 16169056702976, 15415939496930, 15415971496448, 16169088703083, -13.940000
1462840016.626872, 8, 3, 101, 15421511825408, 14415727755785, 14416143755776, 15421927828807, 15421959828480, 14416175756873, -1.850000
1462840016.628789, 8, 4, 101, 15421511825408, 15469577488017, 15470121487872, 15422055829220, 15422087828992, 15470153489002, -1.980000
1462840016.630924, 8, 5, 101, 15421511825408, 16395784131932, 16396456131584, 15422183829626, 15422215829504, 16396488132358, -1.810000
1462840016.632910, 8, 6, 101, 15421511825408, 16174629019480, 16175429019136, 15422311827461, 15422343827456, 16175461019723, -12.430000
1462840016.726910, 8, 3, 102, 15427886027776, 14422101929752, 14422517929472, 15428302030881, 15428334030848, 14422549930902, -2.440000
1462840016.728705, 8, 4, 102, 15427886027776, 15475951661294, 15476495661056, 15428430031510, 15428462031360, 15476527662274, -1.840000
1462840016.730615, 8, 5, 102, 15427886027776, 16402158300591, 16402830300160, 15428558031901, 15428590031872, 16402862301004, -1.950000
1462840016.732563, 8, 6, 102, 15427886027776, 16181003207426, 16181803207168, 15428686029929, 15428718029824, 16181835207663, -12.890000
1462840016.826490, 8, 3, 103, 15434261172736, 14428477046441, 14428893046272, 15434677175983, 15434709175808, 14428925047560, -2.950000
1462840016.828533, 8, 4, 103, 15434261172736, 15482326777219, 15482870776832, 15434805176295, 15434837175808, 15482902777717, -2.300000
1462840016.830502, 8, 5, 103, 15434261172736, 16408533411925, 16409205411840, 15434933177225, 15434965176832, 16409237412326, -1.950000
1462840016.832834, 8, 6, 103, 15434261172736, 16187378338017, 16188178337792, 15435061174900, 15435093174784, 16188210338281, -11.650000
1462840016.926310, 8, 3, 104, 15440634288128, 14434850133524, 14435266133504, 15441050291482, 15441082291200, 14435298134661, -2.890000
1462840016.928242, 8, 4, 104, 15440634288128, 15488699863581, 15489243863552, 15441178292067, 15441210291712, 15489275864564, -1.970000
1462840016.930300, 8, 5, 104, 15440634288128, 16414906493634, 16415578493440, 15441306292468, 15441338292224, 16415610494070, -2.000000
1462840016.932270, 8, 6, 104, 15440634288128, 16193751439041, 16194551438848, 15441434290329, 15441466290176, 16194583439308, -10.990000
1462840017.026010, 8, 3, 105, 15447008471552, 14441224288732, 14441640288256, 15447424474448, 15447456474112, 14441672289336, -2.200000
1462840017.028020, 8, 4, 105, 15447008471552, 15495074018045, 15495618017792, 15447552475273, 15447584475136, 15495650019017, -1.810000
1462840017.030277, 8, 5, 105, 15447008471552, 16421280643499, 16421952643072, 15447680475719, 15447712475648, 16421984643893, -2.340000
1462840017.032875, 8, 6, 105, 15447008471552, 16200125608168, 16200925607936, 15447808473728, 15447840473600, 16200957608415, -11.990000
1462840017.126868, 8, 3, 106, 15453382668288, 14447598457180, 14448014456832, 15453798671290, 15453830670848, 14448046457824, -2.680000
1462840017.128200, 8, 4, 106, 15453382668288, 15501448185734, 15501992185344, 15453926671842, 15453958671360, 15502024186233, -1.670000
1462840017.129852, 8, 5, 106, 15453382668288, 16427654806580, 16428326806528, 15454054672797, 15454086672384, 16428358807009, -1.910000
1462840017.132006, 8, 6, 106, 15453382668288, 16206499790535, 16207299790336, 15454182670499, 15454214670336, 16207331790790, -11.240000
1462840017.226081, 8, 3, 107, 15459756857344, 14453972618103, 14454388617728, 15460172860396, 15460204859904, 14454420618675, -3.430000
1462840017.227720, 8, 4, 107, 15459756857344, 15507822345841, 15508366345728, 15460300861176, 15460332860928, 15508398346836, -1.890000
1462840017.229933, 8, 5, 107, 15459756857344, 16434028962077, 16434700961792, 15460428861611, 15460460861440, 16434732962482, -1.910000
1462840017.232057, 8, 6, 107, 15459756857344, 16212873965332, 16213673965056, 15460556859485, 15460588859392, 16213705965579, -10.530000
1462840017.327204, 8, 3, 108, 15466131054080, 14460346786536, 14460762786304, 15466547057226, 15466579057152, 14460794787682, -3.120000
1462840017.329571, 8, 4, 108, 15466131054080, 15514196513584, 15514740513280, 15466675057726, 15466707057664, 15514772514599, -1.800000
1462840017.329822, 8, 5, 108, 15466131054080, 16440403125212, 16441075124736, 15466803058167, 15466835057664, 16441107125120, -1.960000
1462840017.331491, 8, 6, 108, 15466131054080, 16219248147737, 16220048147456, 15466931056193, 15466963056128, 16220080147988, -12.670000
1462840017.425443, 8, 3, 109, 15472505230848, 14466720935168, 14467136934912, 15472921233984, 15472953233920, 14467168936264, -2.660000
1462840017.427235, 8, 4, 109, 15472505230848, 15520570661431, 15521114661376, 15473049234736, 15473081234432, 15521146662453, -1.650000
1462840017.429389, 8, 5, 109, 15472505230848, 16446777268460, 16447449268224, 15473177235158, 15473209234944, 16447481268868, -2.010000
1462840017.432637, 8, 6, 109, 15472505230848, 16225622310241, 16226422309888, 15473305232877, 15473337232384, 16226454309991, -11.740000
1462840017.525109, 8, 3, 110, 15478879424000, 14473095100108, 14473511099904, 15479295427193, 15479327427072, 14473543101203, -3.720000
1462840017.527025, 8, 4, 110, 15478879424000, 15526944825626, 15527488825344, 15479423427672, 15479455427584, 15527520826619, -2.040000
1462840017.529060, 8, 5, 110, 15478879424000, 16453151428074, 16453823427584, 15479551428096, 15479583428096, 16453855428460, -2.440000
1462840017.531412, 8, 6, 110, 15478879424000, 16231996489095, 16232796488704, 15479679426016, 15479711425536, 16232828488847, -12.830000
1462840017.624883, 8, 3, 111, 15485253609984, 14479469257948, 14479885257728, 15485669613124, 15485701613056, 14479917259050, -4.880000
1462840017.626897, 8, 4, 111, 15485253609984, 15533318982724, 15533862982656, 15485797613873, 15485829613568, 15533894983731, -1.880000
1462840017.628877, 8, 5, 111, 15485253609984, 16459525580549, 16460197580288, 15485925614269, 15485957614080, 16460229580967, -2.000000
1462840017.631028, 8, 6, 111, 15485253609984, 16238370660862, 16239170660352, 15486053611826, 15486085611520, 16239202660628, -14.270000
1462840017.725511, 8, 3, 112, 15491627786240, 14485843406007, 14486259405824, 15492043789389, 15492075789312, 14486291407169, -2.160000
1462840017.727167, 8, 4, 112, 15491627786240, 15539693130060, 15540237129728, 15492171789861, 15492203789824, 15540269131054, -1.710000
1462840017.729624, 8, 5, 112, 15491627786240, 16465899723287, 16466571723264, 15492299790770, 15492331790336, 16466603723712, -2.010000
1462840017.730814, 8, 6, 112, 15491627786240, 16244744822862, 16245544822784, 15492427788528, 15492459788288, 16245576823112, -14.270000
1462840017.824707, 8, 3, 113, 15498001954304, 14492217546003, 14492633545728, 15498417957388, 15498449957376, 14492665547140, -2.280000
1462840017.826450, 8, 4, 113, 15498001954304, 15546067269293, 15546611269120, 15498545958087, 15498577957888, 15546643270298, -1.220000
1462840017.828545, 8, 5, 113, 15498001954304, 16472273857911, 16472945857536, 15498673958469, 15498705958400, 16472977858345, -2.260000
1462840017.830552, 8, 6, 113, 15498001954304, 16251118976757, 16251918976512, 15498801956421, 15498833956352, 16251950977036, -16.030001
1462840017.924379, 8, 3, 114, 15504376142336, 14498591705899, 14499007705600, 15504792145397, 15504824144896, 14499039706522, -3.230000
1462840017.926315, 8, 4, 114, 15504376142336, 15552441428427, 15552985427968, 15504920145829, 15504952145408, 15553017428929, -1.290000
1462840017.928317, 8, 5, 114, 15504376142336, 16478648012463, 16479320012288, 15505048146698, 15505080146432, 16479352012886, -2.390000
1462840017.930332, 8, 6, 114, 15504376142336, 16257493150549, 16258293150208, 15505176144323, 15505208143872, 16258325150343, -15.150000
1462840018.024186, 8, 3, 115, 15510750306304, 14504965841799, 14505381841408, 15511166309249, 15511198308864, 14505413842440, -2.580000
1462840018.026087, 8, 4, 115, 15510750306304, 15558815563581, 15559359563264, 15511294309928, 15511326309888, 15559391564600, -1.820000
1462840018.028518, 8, 5, 115, 15510750306304, 16485022142998, 16485694142976, 15511422310817, 15511454310400, 16485726143446, -2.170000
1462840018.030480, 8, 6, 115, 15510750306304, 16263867300417, 16264667300352, 15511550308623, 15511582308352, 16264699300681, -13.250000
1462840018.125745, 8, 4, 116, 15517124480512, 15565189708922, 15565733708800, 15517668484317, 15517700484096, 15565765709939, -1.830000
1462840018.125532, 8, 3, 116, 15517124480512, 14511339987909, 14511755987456, 15517540483427, 15517572483072, 14511787988523, -4.320000
1462840018.128793, 8, 5, 116, 15517124480512, 16491396283733, 16492068283392, 15517796484690, 15517828484608, 16492100284192, -2.340000
1462840018.130054, 8, 6, 116, 15517124480512, 16270241460441, 16271041460224, 15517924482721, 15517956482560, 16271073460731, -11.080000
1462840018.225227, 8, 3, 117, 15523498643456, 14517714122812, 14518130122752, 15523914646737, 15523946646528, 14518162123953, -3.600000
1462840018.226356, 8, 4, 117, 15523498643456, 15571563843092, 15572107843072, 15524042647371, 15524074647040, 15572139844095, -1.980000
1462840018.228026, 8, 5, 117, 15523498643456, 16497770413285, 16498442413056, 15524170647742, 15524202647552, 16498474413738, -2.380000
1462840018.230742, 8, 6, 117, 15523498643456, 16276615609293, 16277415608832, 15524298645402, 15524330644992, 16277447609054, -10.450000
1462840018.323630, 8, 3, 118, 15529872818176, 14524088269439, 14524504269312, 15530288821381, 15530320821248, 14524536270603, -2.360000
1462840018.325940, 8, 4, 118, 15529872818176, 15577937988982, 15578481988608, 15530416821743, 15530448821248, 15578513989484, -2.320000
1462840018.327507, 8, 5, 118, 15529872818176, 16504144554590, 16504816554496, 15530544822601, 15530576822272, 16504848555033, -2.330000
1462840018.329631, 8, 6, 118, 15529872818176, 16282989769846, 16283789769728, 15530672820446, 15530704820224, 16283821770146, -8.690000
1462840018.423968, 8, 3, 119, 15536246983680, 14530462406970, 14530878406656, 15536662986728, 15536694986240, 14530910407592, -2.730000
1462840018.425392, 8, 4, 119, 15536246983680, 15584312125740, 15584856125440, 15536790987315, 15536822987264, 15584888126752, -1.380000
1462840018.427351, 8, 5, 119, 15536246983680, 16510518686736, 16511190686720, 15536918988187, 15536950987776, 16511222687173, -2.530000
1462840018.429331, 8, 6, 119, 15536246983680, 16289363921272, 16290163920896, 15537046985700, 15537078985216, 16290195921046, -8.590000
1462840018.529323, 8, 5, 120, 15542621141504, 16516892811172, 16517564810752, 15543293145583, 15543325145088, 16517596811099, -2.070000
1462840018.529518, 8, 6, 120, 15542621141504, 16295738064980, 16296538064896, 15543421143776, 15543453143552, 16296570065241, -10.890000
1462840018.529128, 8, 4, 120, 15542621141504, 15590686254768, 15591230254592, 15543165145249, 15543197145088, 15591262255788, -2.010000
1462840018.528914, 8, 3, 120, 15542621141504, 14536836536703, 14537252536320, 15543037144389, 15543069144064, 14537284537349, -2.070000
1462840018.618119, 8, 0, 121, 15548995302912, 10192605014965, 10192637014528, 15549027304999, 15549059304960, 10192669016741, -1.640000
1462840018.619347, 8, 1, 121, 15548995302912, 12107503681572, 12107663681536, 15549155306067, 15549187305984, 12107695683817, -5.760000
1462840018.620945, 8, 2, 121, 15548995302912, 15693864666045, 15694152665600, 15549283305972, 15549315305472, 15694184666794, -4.570000
1462840018.622994, 8, 3, 121, 15548995302912, 14543210670155, 14543626670080, 15549411306153, 15549443305984, 14543658671286, -2.950000
1462840018.624957, 8, 4, 121, 15548995302912, 15597060387466, 15597604387328, 15549539306715, 15549571306496, 15597636388462, -1.560000
1462840018.626943, 8, 5, 121, 15548995302912, 16523266939244, 16523938938880, 15549667307055, 15549699307008, 16523970939654, -2.600000
1462840018.628938, 8, 6, 121, 15548995302912, 16302112212338, 16302912211968, 15549795304908, 15549827304448, 16302944212067, -10.720000
1462840018.720902, 8, 2, 122, 15555369464320, 15700238791184, 15700526791168, 15555657467667, 15555689467392, 15700558792456, -2.630000
1462840018.722963, 8, 3, 122, 15555369464320, 14549584803521, 14550000803328, 15555785467405, 15555817467392, 14550032804645, -3.320000
1462840018.724948, 8, 4, 122, 15555369464320, 15603434520093, 15603978520064, 15555913468210, 15555945467904, 15604010521092, -1.680000
1462840018.726618, 8, 5, 122, 15555369464320, 16529641067262, 16530313067008, 15556041468575, 15556073468416, 16530345067697, -1.480000
1462840018.728846, 8, 6, 122, 15555369464320, 16308486359655, 16309286359552, 15556169466576, 15556201466368, 16309318359935, -9.220000
1462840018.833717, 8, 5, 123, 15561743620096, 16536015189737, 16536687189504, 15562415624333, 15562447624192, 16536719190194, -1.250000
1462840018.833904, 8, 6, 123, 15561743620096, 16314860501418, 16315660500992, 15562543622063, 15562575621632, 16315692501230, -10.080000
1462840018.833487, 8, 4, 123, 15561743620096, 15609808647172, 15610352647168, 15562287624005, 15562319623680, 15610384648186, -1.350000
1462840018.922427, 8, 3, 124, 15568117771264, 14562333054562, 14562749054464, 15568533774495, 15568565774336, 14562781055729, -3.650000
1462840018.925157, 8, 4, 124, 15568117771264, 15616182769613, 15616726769152, 15568661774705, 15568693774336, 15616758770137, -1.240000
1462840018.927725, 8, 5, 124, 15568117771264, 16542389307594, 16543061307392, 15568789775557, 15568821775360, 16543093308039, -1.100000
1462840018.928365, 8, 6, 124, 15568117771264, 16321234638599, 16322034638336, 15568917773450, 15568949773312, 16322066638865, -9.200000
1462840019.025406, 8, 4, 125, 15574491915776, 15622556885493, 15623100884992, 15575035919198, 15575067918848, 15623132885994, -1.240000
1462840019.024719, 8, 3, 125, 15574491915776, 14568707171183, 14569123170816, 15574907918750, 15574939918336, 14569155171839, -1.430000
1462840019.026571, 8, 5, 125, 15574491915776, 16548763418838, 16549435418624, 15575163920048, 15575195919872, 16549467419315, -1.170000
1462840019.028268, 8, 6, 125, 15574491915776, 16327608769141, 16328408769024, 15575291918119, 15575323917824, 16328440769418, -8.910000
1462840019.122105, 8, 3, 126, 15580866071552, 14575081299012, 14575497298944, 15581282074807, 15581314074624, 14575529300175, -2.180000
1462840019.124008, 8, 4, 126, 15580866071552, 15628931012573, 15629475012096, 15581410074985, 15581442074624, 15629507013086, -1.070000
1462840019.141223, 8, 5, 126, 15580866071552, 16555137541333, 16555809541120, 15581538075834, 15581570075648, 16555841541784, -1.160000
1462840019.142464, 8, 6, 126, 15580866071552, 16333982910895, 16334782910464, 15581666073557, 15581698073088, 16334814910694, -8.680000
1462840019.222210, 8, 3, 127, 15587240210432, 14581455410029, 14581871409664, 15587656213390, 15587688212992, 14581903410680, -2.200000
1462840019.223931, 8, 4, 127, 15587240210432, 15635305122839, 15635849122816, 15587784214316, 15587816214016, 15635881123872, -1.480000
1462840019.225883, 8, 5, 127, 15587240210432, 16561511646980, 16562183646720, 15587912214663, 15587944214528, 16562215647445, -1.180000
1462840019.236606, 8, 6, 127, 15587240210432, 16340357035854, 16341157035520, 15588040212529, 15588072212480, 16341189036141, -9.330000
1462840019.321919, 8, 3, 128, 15593614360576, 14587829532284, 14588245532160, 15594030363781, 15594062363648, 14588277533455, -2.410000
1462840019.325386, 8, 4, 128, 15593614360576, 15641679244336, 15642223244288, 15594158364423, 15594190364160, 15642255245364, -1.650000
1462840019.328560, 8, 6, 128, 15593614360576, 16346731172046, 16347531171840, 15594414362786, 15594446362624, 16347563172334, -9.580000
1462840019.327906, 8, 5, 128, 15593614360576, 16567885763879, 16568557763584, 15594286364778, 15594318364672, 16568589764343, -1.400000
1462840019.421512, 8, 3, 129, 15599988492800, 14594203636735, 14594619636224, 15600404495659, 15600436495360, 14594651637328, -3.160000
1462840019.423607, 8, 4, 129, 15599988492800, 15648053348003, 15648597347840, 15600532496549, 15600564496384, 15648629349043, -1.420000
1462840019.425436, 8, 5, 129, 15599988492800, 16574259862914, 16574931862528, 15600660496903, 15600692496896, 16574963863374, -1.220000
1462840019.427385, 8, 6, 129, 15599988492800, 16353105290381, 16353905290240, 15600788495090, 15600820494848, 16353937290678, -10.140000
1462840019.521360, 8, 3, 130, 15606362636800, 14600577752844, 14600993752576, 15606778639870, 15606810639360, 14601025753484, -2.710000
1462840019.524969, 8, 4, 130, 15606362636800, 15654427463390, 15654971463168, 15606906640482, 15606938640384, 15655003464432, -1.300000
1462840019.527182, 8, 6, 130, 15606362636800, 16359479420474, 16360279420416, 15607162639153, 15607194638848, 16360311420782, -9.250000
1462840019.526967, 8, 5, 130, 15606362636800, 16580633973691, 16581305973248, 15607034640836, 15607066640384, 16581337973645, -1.170000
1462840019.621673, 8, 3, 131, 15612736764928, 14606951853176, 14607367853056, 15613152768141, 15613184768000, 14607399854334, -1.960000
1462840019.623068, 8, 4, 131, 15612736764928, 15660801562981, 15661345562624, 15613280768475, 15613312768000, 15661377563511, -1.970000
1462840019.624977, 8, 5, 131, 15612736764928, 16587008068669, 16587680068608, 15613408769348, 15613440769024, 16587712069133, -1.170000
1462840019.627038, 8, 6, 131, 15612736764928, 16365853534747, 16366653534720, 15613536767294, 15613568766976, 16366685535045, -9.590000
1462840019.720969, 8, 3, 132, 15619110904832, 14613325965251, 14613741964800, 15619526907688, 15619558907392, 14613773965924, -2.340000
1462840019.722867, 8, 4, 132, 15619110904832, 15667175674298, 15667719673856, 15619654908269, 15619686907904, 15667751674845, -1.240000
1462840019.724939, 8, 5, 132, 15619110904832, 16593382175362, 16594054175232, 15619782909170, 15619814908928, 16594086175846, -1.340000
1462840019.726892, 8, 6, 132, 15619110904832, 16372227660764, 16373027660288, 15619910906774, 15619942906368, 16373059660562, -9.560000
1462840019.820682, 8, 3, 133, 15625485030400, 14619700063067, 14620116062720, 15625901033386, 15625933032960, 14620148063743, -1.480000
1462840019.822666, 8, 4, 133, 15625485030400, 15673549771376, 15674093771264, 15626029034189, 15626061033984, 15674125772411, -1.780000
1462840019.824653, 8, 5, 133, 15625485030400, 16599756267818, 16600428267520, 15626157034587, 15626189034496, 16600460268272, -1.200000
1462840019.826708, 8, 6, 133, 15625485030400, 16378601772515, 16379401772032, 15626285032347, 15626317031936, 16379433772305, -9.560000
1462840019.920515, 8, 3, 134, 15631859169792, 14626074174649, 14626490174464, 15632275172926, 15632307172864, 14626522175816, -2.710000
1462840019.922458, 8, 4, 134, 15631859169792, 15679923882227, 15680467881984, 15632403173461, 15632435173376, 15680499883259, -2.000000
1462840019.924604, 8, 5, 134, 15631859169792, 16606130374044, 16606802373632, 15632531173881, 15632563173376, 16606834373994, -1.320000
1462840019.926430, 8, 6, 134, 15631859169792, 16384975898058, 16385775897600, 15632659171747, 15632691171328, 16385807897852, -10.430000
1462840020.020269, 8, 3, 135, 15638233285120, 14632448262253, 14632864262144, 15638649288335, 15638681288192, 14632896263417, -2.390000
1462840020.023518, 8, 4, 135, 15638233285120, 15686297969077, 15686841968640, 15638777288586, 15638809288192, 15686873969602, -1.310000
1462840020.025220, 8, 5, 135, 15638233285120, 16612504456289, 16613176456192, 15638905289520, 15638937289216, 16613208456750, -1.430000
1462840020.026937, 8, 6, 135, 15638233285120, 16391349999599, 16392149999104, 15639033287050, 15639065286656, 16392181999386, -9.640000
1462840020.120122, 8, 3, 136, 15644608301568, 14638823250943, 14639239250432, 15645024304387, 15645056304128, 14639271251600, -2.540000
1462840020.122414, 8, 4, 136, 15644608301568, 15692672957007, 15693216956928, 15645152305375, 15645184305152, 15693248958062, -1.220000
1462840020.124577, 8, 5, 136, 15644608301568, 16618879439606, 16619551439360, 15645280305811, 15645312305664, 16619583440064, -1.210000
1462840020.126568, 8, 6, 136, 15644608301568, 16397725002222, 16398525001728, 15645408303478, 15645440303104, 16398557002027, -10.070000
1462840020.220081, 8, 3, 137, 15650983183872, 14645198105577, 14645614105088, 15651399186715, 15651431186432, 14645646106237, -1.570000
1462840020.221927, 8, 4, 137, 15650983183872, 15699047810893, 15699591810560, 15651527187436, 15651559186944, 15699623811421, -1.360000
1462840020.223934, 8, 5, 137, 15650983183872, 16625254288880, 16625926288384, 15651655187860, 15651687187456, 16625958288848, -1.230000
1462840020.227638, 8, 6, 137, 15650983183872, 16404099870791, 16404899870720, 15651783186214, 15651815185920, 16404931871107, -9.100000
1462840020.319923, 8, 3, 138, 15657357380608, 14651572274571, 14651988274176, 15657773383520, 15657805383168, 14652020275237, -2.830000
1462840020.321741, 8, 4, 138, 15657357380608, 15705421979158, 15705965979136, 15657901384486, 15657933384192, 15705997980214, -1.860000
1462840020.324078, 8, 5, 138, 15657357380608, 16631628452531, 16632300452352, 15658029384889, 15658061384704, 16632332453018, -1.310000
1462840020.326697, 8, 6, 138, 15657357380608, 16410474053732, 16411274053632, 15658157382884, 15658189382656, 16411306054059, -10.040000
1462840020.419647, 8, 3, 139, 15663731488256, 14657946354569, 14658362354176, 15664147491157, 15664179490816, 14658394355239, -2.920000
1462840020.421534, 8, 4, 139, 15663731488256, 15711796058421, 15712340058112, 15664275491848, 15664307491840, 15712372059452, -1.470000
1462840020.423695, 8, 5, 139, 15663731488256, 16638002527181, 16638674526720, 15664403492271, 15664435491840, 16638706527152, -1.480000
1462840020.425594, 8, 6, 139, 15663731488256, 16416848147706, 16417648147456, 15664531490423, 15664563490304, 16417680148016, -10.240000
1462840020.519449, 8, 3, 140, 15670105607680, 14664320446306, 14664736445952, 15670521610648, 15670553610240, 14664768446969, -1.950000
1462840020.521514, 8, 4, 140, 15670105607680, 15718170149379, 15718714149376, 15670649611554, 15670681611264, 15718746150447, -1.370000
1462840020.523576, 8, 5, 140, 15670105607680, 16644376613553, 16645048613376, 15670777611965, 15670809611776, 16645080614056, -1.180000
1462840020.525518, 8, 6, 140, 15670105607680, 16423222253344, 16424022253056, 15670905609754, 15670937609728, 16424054253695, -10.190000
1462840020.619262, 8, 3, 141, 15676479899136, 14670694710153, 14671110709760, 15676895902073, 15676927901696, 14671142710804, -2.480000
1462840020.621429, 8, 4, 141, 15676479899136, 15724544412482, 15725088412160, 15677023902699, 15677055902208, 15725120413027, -1.520000
1462840020.623137, 8, 5, 141, 15676479899136, 16650750872052, 16651422871552, 15677151903118, 15677183902720, 16651454872015, -1.280000
1462840020.625131, 8, 6, 141, 15676479899136, 16429596531150, 16430396530688, 15677279901072, 15677311900672, 16430428530979, -10.440000
1462840020.718933, 8, 3, 142, 15682852261888, 14677067045227, 14677483044864, 15683268264843, 15683300264448, 14677515045889, -2.330000
1462840020.720986, 8, 4, 142, 15682852261888, 15730916746829, 15731460746752, 15683396265694, 15683428265472, 15731492747893, -1.950000
1462840020.722935, 8, 5, 142, 15682852261888, 16657123201772, 16657795201536, 15683524266102, 15683556265984, 16657827202263, -1.260000
1462840020.725412, 8, 6, 142, 15682852261888, 16435968880166, 16436768880128, 15683652264221, 15683684263936, 16436800880528, -8.550000
1462840020.818839, 8, 3, 143, 15689226317312, 14683441073078, 14683857072640, 15689642320177, 15689674319872, 14683889073734, -2.290000
1462840020.820671, 8, 4, 143, 15689226317312, 15737290773939, 15737834773504, 15689770320760, 15689802320384, 15737866774462, -1.570000
1462840020.822819, 8, 5, 143, 15689226317312, 16663497224269, 16664169224192, 15689898321704, 15689930321408, 16664201224761, -1.380000
1462840020.824787, 8, 6, 143, 15689226317312, 16442342921984, 16443142921728, 15690026319458, 15690058319360, 16443174922316, -9.250000
1462840020.918929, 8, 3, 144, 15695601455104, 14689816183224, 14690232182784, 15696017457972, 15696049457664, 14690264183889, -2.390000
1462840020.920932, 8, 4, 144, 15695601455104, 15743665883365, 15744209883136, 15696145458773, 15696177458688, 15744241884403, -1.710000
1462840020.922574, 8, 5, 144, 15695601455104, 16669872329077, 16670544328704, 15696273459190, 15696305458688, 16670576329057, -1.300000
1462840020.925903, 8, 6, 144, 15695601455104, 16448718046088, 16449518045696, 15696401457071, 15696433456640, 16449550045940, -9.810000
1462840021.019766, 8, 3, 145, 15701974398464, 14696189099062, 14696605099008, 15702390401744, 15702422401536, 14696637100240, -1.960000
1462840021.020252, 8, 4, 145, 15701974398464, 15750038798447, 15750582798336, 15702518402238, 15702550402048, 15750614799493, -1.560000
1462840021.022362, 8, 5, 145, 15701974398464, 16676245239550, 16676917239296, 15702646402675, 15702678402560, 16676949240040, -1.370000
1462840021.024354, 8, 6, 145, 15701974398464, 16455090975898, 16455890975744, 15702774400709, 15702806400512, 16455922976199, -9.170000
1462840021.118139, 8, 3, 146, 15708348506112, 14702563179095, 14702979179008, 15708764509316, 15708796509184, 14703011180284, -1.760000
1462840021.120115, 8, 4, 146, 15708348506112, 15756412877761, 15756956877312, 15708892509541, 15708924509184, 15756988878322, -1.350000
1462840021.122174, 8, 5, 146, 15708348506112, 16682619314255, 16683291314176, 15709020510493, 15709052510208, 16683323314756, -1.270000
1462840021.124166, 8, 6, 146, 15708348506112, 16461465069889, 16462265069568, 15709148508171, 15709180508160, 16462297070243, -9.350000
1462840021.218560, 8, 3, 147, 15714722587648, 14708937233131, 14709353232896, 15715138590714, 15715170590208, 14709385233785, -2.180000
1462840021.220363, 8, 4, 147, 15714722587648, 15762786931054, 15763330930688, 15715266591167, 15715298590720, 15763362931581, -1.610000
1462840021.222000, 8, 5, 147, 15714722587648, 16688993362937, 16689665362432, 15715394591601, 15715426591232, 16689697362912, -1.300000
1462840021.223973, 8, 6, 147, 15714722587648, 16467839137874, 16468639137792, 15715522589940, 15715554589696, 16468671138212, -9.560000
1462840021.317905, 8, 3, 148, 15721096693248, 14715311311164, 14715727310848, 15721512696238, 15721544695808, 14715759311837, -2.920000
1462840021.319758, 8, 4, 148, 15721096693248, 15769161008352, 15769705008128, 15721640696893, 15721672696832, 15769737009405, -1.570000
1462840021.321935, 8, 5, 148, 15721096693248, 16695367435637, 16696039435264, 15721768697343, 15721800696832, 16696071435624, -1.170000
1462840021.323772, 8, 6, 148, 15721096693248, 16474213229869, 16475013229568, 15721896695324, 15721928695296, 16475045230208, -9.240000
1462840021.417662, 8, 3, 149, 15727470771200, 14721685361630, 14722101361152, 15727886774044, 15727918773760, 14722133362293, -2.140000
1462840021.419892, 8, 4, 149, 15727470771200, 15775535058079, 15776079057920, 15728014774911, 15728046774784, 15776111059140, -1.310000
1462840021.421812, 8, 5, 149, 15727470771200, 16701741480749, 16702413480448, 15728142775379, 15728174775296, 16702445481241, -1.190000
1462840021.423679, 8, 6, 149, 15727470771200, 16480587294289, 16481387294208, 15728270773478, 15728302773248, 16481419294651, -9.830000
1462840021.517492, 8, 3, 150, 15733844867584, 14728059430464, 14728475430400, 15734260870808, 15734292870656, 14728507431667, -1.630000
1462840021.519368, 8, 4, 150, 15733844867584, 15781909126190, 15782453126144, 15734388871405, 15734420871168, 15782485127257, -1.550000
1462840021.521462, 8, 5, 150, 15733844867584, 16708115544244, 16708787544064, 15734516871865, 15734548871680, 16708819544745, -1.440000
1462840021.523636, 8, 6, 150, 15733844867584, 16486961377094, 16487761376768, 15734644869624, 15734676869120, 16487793376967, -9.310000
1462840021.618834, 8, 4, 151, 15740218947584, 15788283177994, 15788827177984, 15740762951453, 15740794951168, 15788859179061, -1.530000
1462840021.618629, 8, 3, 151, 15740218947584, 14734433483001, 14734849482752, 15740634950624, 15740666950144, 14734881483709, -1.420000
1462840021.621230, 8, 5, 151, 15740218947584, 16714489591433, 16715161591296, 15740890951889, 15740922951680, 16715193591937, -0.970000
1462840021.623377, 8, 6, 151, 15740218947584, 16493335443564, 16494135443456, 15741018949811, 15741050949632, 16494167443945, -8.700000
1462840021.722032, 8, 5, 152, 15746593035776, 16720863646797, 16721535646720, 15747265040165, 15747297039872, 16721567647298, -0.580000
1462840021.721839, 8, 4, 152, 15746593035776, 15794657237944, 15795201237504, 15747137039200, 15747169038848, 15795233238498, -2.520000
1462840021.721630, 8, 3, 152, 15746593035776, 14740807543702, 14741223543296, 15747009038662, 15747041038336, 14741255544386, -2.150000
1462840021.817795, 8, 3, 153, 15752967104512, 14747181585022, 14747597584896, 15753383107629, 15753415107584, 14747629586193, -4.590000
1462840021.821664, 8, 5, 153, 15752967104512, 16727237682814, 16727909682688, 15753639108924, 15753671108608, 16727941683345, -0.750000
1462840021.821436, 8, 4, 153, 15752967104512, 15801031278595, 15801575278592, 15753511108510, 15753543108096, 15801607279677, -1.760000
1462840021.824167, 8, 6, 153, 15752967104512, 16506083573349, 16506883573248, 15753767106733, 15753799106560, 16506915573770, -3.420000
1462840021.929495, 8, 6, 154, 15759341185024, 16512457640414, 16513257639936, 15760141186939, 15760173186560, 16513289640264, -3.580000
1462840021.929238, 8, 5, 154, 15759341185024, 16733611730458, 16734283730432, 15760013189358, 15760045189120, 16734315730964, -4.360000
1462840022.016545, 8, 3, 155, 15765715249664, 14759929675284, 14760345675264, 15766131252729, 15766163252224, 14760377675962, -4.750000
1462840022.020397, 8, 5, 155, 15765715249664, 16739985762385, 16740657762304, 15766387253971, 15766419253760, 16740689762905, -3.360000
1462840022.022826, 8, 6, 155, 15765715249664, 16518831691567, 16519631691264, 15766515251649, 15766547251200, 16519663691403, -0.800000
1462840022.135815, 8, 6, 156, 15772089339904, 16525205768281, 16526005768192, 15772889342028, 15772921341952, 16526037768687, -0.780000
1462840022.135594, 8, 5, 156, 15772089339904, 16746359819889, 16747031819776, 15772761344215, 15772793344000, 16747063820405, -2.810000
1462840022.220241, 8, 5, 157, 15778463409152, 16752733856404, 16753405856256, 15779135413373, 15779167413248, 16753437856927, -0.480000
1462840022.222049, 8, 6, 157, 15778463409152, 16531579824181, 16532379824128, 15779263411420, 15779295411200, 16532411824565, -0.350000
1462840022.344445, 8, 6, 158, 15784837496320, 16537953897892, 16538753897472, 15785637498253, 15785669497856, 16538785897769, -0.400000
1462840022.344062, 8, 5, 158, 15784837496320, 16759107910813, 16759779910656, 15785509500530, 15785541500416, 16759811911358, -1.830000
1462840022.421065, 8, 5, 159, 15791211570176, 16765481952001, 16766153951744, 15791883574312, 15791915574272, 16766185952529, -0.380000
1462840022.423347, 8, 6, 159, 15791211570176, 16544327958356, 16545127958016, 15792011572192, 15792043571712, 16545159958215, -0.750000
1462840022.587622, 8, 6, 160, 15797585649664, 16550702024368, 16551502024192, 15798385651811, 15798417651712, 16551534024754, -0.610000
1462840022.587341, 8, 5, 160, 15797585649664, 16771855998716, 16772527998464, 15798257653766, 15798289653760, 16772559999276, -3.070000
1462840022.619368, 8, 5, 161, 15803959719936, 16778230036284, 16778902035968, 15804631724011, 15804663723520, 16778934036300, -1.260000
1462840022.621360, 8, 6, 161, 15803959719936, 16557076081179, 16557876081152, 15804759722207, 15804791721984, 16557908081550, -0.910000
1462840022.719149, 8, 5, 162, 15810333801472, 16784604085018, 16785276084736, 15811005805604, 15811037805568, 16785308085540, -3.360000
1462840022.721263, 8, 6, 162, 15810333801472, 16563450149150, 16564250148864, 15811133803412, 15811165803008, 16564282149011, -3.860000
1462840022.835334, 8, 3, 163, 15816707867136, 14810922073065, 14811338072576, 15817123869800, 15817155869696, 14811370073725, -2.940000
1462840022.836851, 8, 6, 163, 15816707867136, 16569824201238, 16570624201216, 15817507869221, 15817539869184, 16570656201576, -15.470000
1462840022.920690, 8, 6, 164, 15823081943040, 16576198263635, 16576998263296, 15823881944984, 15823913944576, 16577030263503, -1.360000
1462840023.019850, 8, 5, 165, 15829456010752, 16803726195809, 16804398195712, 15830128015227, 15830160014848, 16804430196283, -0.190000
1462840023.020658, 8, 6, 165, 15829456010752, 16582572317855, 16583372317696, 15830256012959, 15830288012800, 16583404318198, -1.410000
1462840023.118371, 8, 5, 166, 15835830068224, 16810100220362, 16810772219904, 15836502072290, 15836534071808, 16810804220363, -0.310000
1462840023.140774, 8, 6, 166, 15835830068224, 16588946361685, 16589746361344, 15836630070128, 15836662069760, 16589778361551, -1.580000
1462840023.221152, 8, 6, 167, 15842204123136, 16595320403087, 16596120402944, 15843004125233, 15843036125184, 16596152403475, -3.470000
1462840023.320009, 8, 6, 168, 15848578174976, 16601694441384, 16602494440960, 15849378176813, 15849410176512, 16602526441278, -0.550000
1462840023.423964, 8, 6, 169, 15854952215552, 16608068468493, 16608868468224, 15855752217544, 15855784217088, 16608900468361, -2.530000
1462840023.423130, 8, 5, 169, 15854952215552, 16829222269157, 16829894268928, 15855624219814, 15855656219648, 16829926269690, -0.740000
1462840023.517750, 8, 5, 170, 15861326262784, 16835596283536, 16836268283392, 15861998267074, 15862030266880, 16836300284057, -1.420000
1462840023.519693, 8, 6, 170, 15861326262784, 16614442502254, 16615242502144, 15862126265006, 15862158264832, 16615274502630, -0.630000
1462840023.621141, 8, 6, 171, 15867700297216, 16620816523215, 16621616522752, 15868500299109, 15868532298752, 16621648523077, -2.510000
1462840023.717373, 8, 5, 172, 15874074335232, 16848344290310, 16849016290304, 15874746339615, 15874778339328, 16849048290854, -2.630000
1462840023.719281, 8, 6, 172, 15874074335232, 16627190547718, 16627990547456, 15874874337398, 15874906337280, 16628022548084, -1.170000
1462840023.863084, 8, 5, 173, 15880448362496, 16854718284791, 16855390284288, 15881120366401, 15881152366080, 16855422284794, -1.830000
1462840023.863359, 8, 6, 173, 15880448362496, 16633564561473, 16634364561408, 15881248364850, 15881280364544, 16634396561856, -1.460000
1462840023.917294, 8, 5, 174, 15886822395392, 16861092284793, 16861764284416, 15887494399395, 15887526398976, 16861796284810, -2.320000
1462840023.919386, 8, 6, 174, 15886822395392, 16639938580806, 16640738580480, 15887622397486, 15887654397440, 16640770581173, -1.150000
1462840024.116815, 8, 5, 176, 15899570438656, 16873840262343, 16874512262144, 15900242442896, 15900274442752, 16874544262860, -1.680000
1462840024.119813, 8, 6, 176, 15899570438656, 16652686596987, 16653486596608, 15900370440648, 15900402440192, 16653518596832, -0.700000
1462840024.276576, 8, 6, 177, 15905945256960, 16659061401710, 16659861401600, 15906745259155, 15906777259008, 16659893402059, -1.680000
1462840024.276299, 8, 5, 177, 15905945256960, 16880215047829, 16880887047680, 15906617261286, 15906649261056, 16880919048318, -1.170000
1462840024.316320, 8, 5, 178, 15912320199680, 16886589957587, 16887261957120, 15912992203674, 15913024203264, 16887293957649, -0.810000
1462840024.318309, 8, 6, 178, 15912320199680, 16665436330766, 16666236330496, 15913120201610, 15913152201216, 16666268330621, -4.860000
1462840024.413416, 8, 3, 179, 15918694218752, 14912907983567, 14913323983360, 15919110221782, 15919142221312, 14913355984233, -1.550000
1462840024.415820, 8, 5, 179, 15918694218752, 16892963943833, 16893635943424, 15919366222871, 15919398222848, 16893667944302, -1.570000
1462840024.514166, 8, 4, 180, 15925068349952, 15973131760176, 15973675760128, 15925612353903, 15925644353536, 15973707761253, -0.170000
1462840024.516728, 8, 5, 180, 15925068349952, 16899338042158, 16900010041856, 15925740354356, 15925772354048, 16900042042667, -0.000000
1462840024.611612, 8, 3, 181, 15931442406912, 14925656116479, 14926072116224, 15931858409907, 15931890409472, 14926104117170, -0.070000
1462840024.616192, 8, 5, 181, 15931442406912, 16905712066234, 16906384066048, 15932114411443, 15932146411008, 16906416066737, -0.890000
1462840024.762601, 8, 6, 182, 15937814659072, 16690930735606, 16691730735104, 15938614661077, 15938646660608, 16691762735463, -0.830000
1462840024.814980, 8, 5, 183, 15944188657152, 16918458250559, 16919130250240, 15944860661353, 15944892661248, 16919162251047, -1.400000
1462840024.914865, 8, 5, 184, 15950562607616, 16924832168091, 16925504167936, 15951234611901, 15951266611712, 16925536168594, -1.580000
1462840024.917183, 8, 6, 184, 15950562607616, 16703678656840, 16704478656512, 15951362609507, 15951394609152, 16704510656700, -4.400000
1462840025.014658, 8, 5, 185, 15956936522240, 16931206049856, 16931878049792, 15957608526559, 15957640526336, 16931910050418, -1.330000
1462840025.016888, 8, 6, 185, 15956936522240, 16710052557975, 16710852557824, 15957736524381, 15957768524288, 16710884558348, -0.800000
1462840025.207255, 8, 6, 186, 15963310522880, 16716426545080, 16717226544640, 15964110524811, 15964142524416, 16717258544955, -1.190000
1462840025.217111, 8, 5, 187, 15969684513280, 16943953975172, 16944625974784, 15970356517304, 15970388516864, 16944657975157, -0.680000
1462840025.218887, 8, 6, 187, 15969684513280, 16722800521943, 16723600521728, 15970484515381, 15970516515328, 16723632522324, -5.470000
1462840025.314251, 8, 5, 188, 15976058497024, 16950327926050, 16950999925760, 15976730501152, 15976762501120, 16951031926548, -0.460000
1462840025.485765, 8, 6, 189, 15982432509952, 16735548491389, 16736348491264, 15983232512168, 15983264512000, 16736380491774, -2.400000
1462840025.485535, 8, 5, 189, 15982432509952, 16956701906131, 16957373905920, 15983104514086, 15983136514048, 16957405906624, -1.060000
1462840025.516329, 8, 6, 190, 15988806462976, 16741922430852, 16742722430464, 15989606464989, 15989638464512, 16742754430675, -2.320000
1462840025.615598, 8, 6, 191, 15995180435456, 16748296389754, 16749096389632, 15995980437657, 15996012437504, 16749128390110, -0.630000
1462840025.760511, 8, 5, 192, 16001554415616, 16975823713066, 16976495712768, 16002226419702, 16002258419200, 16976527713093, -2.830000
1462840025.763084, 8, 6, 192, 16001554415616, 16754670356272, 16755470355968, 16002354417558, 16002386417152, 16755502356134, -0.920000
1462840025.811943, 8, 4, 193, 16007928387072, 16055991428796, 16056535428608, 16008472390815, 16008504390656, 16056567429854, -1.100000
1462840025.813590, 8, 5, 193, 16007928387072, 16982197651699, 16982869651456, 16008600391266, 16008632391168, 16982901652197, -2.000000
1462840025.815623, 8, 6, 193, 16007928387072, 16761044314183, 16761844314112, 16008728389233, 16008760389120, 16761876314512, -1.490000
1462840026.095573, 8, 5, 194, 16014302372352, 16988571604056, 16989243603968, 16014974376632, 16015006376448, 16989275604582, -4.300000
1462840026.095781, 8, 6, 194, 16014302372352, 16767418285829, 16768218285568, 16015102374279, 16015134373888, 16768250285706, -2.260000
1462840026.095979, 8, 4, 195, 16020676337152, 16068739322232, 16069283321856, 16021220340703, 16021252340224, 16069315322776, -0.330000
1462840026.104043, 8, 5, 195, 16020676337152, 16994945536038, 16995617536000, 16021348341478, 16021380341248, 16995649536538, -3.250000
1462840026.106047, 8, 6, 195, 16020676337152, 16773792237128, 16774592237056, 16021476339298, 16021508339200, 16774624237479, -1.840000
1462840026.116867, 8, 5, 196, 16027050295808, 17001319461837, 17001991461376, 16027722299726, 16027754299392, 17002023461834, -3.230000
1462840026.117629, 8, 6, 196, 16027050295808, 16780166182204, 16780966181888, 16027850297685, 16027882297344, 16780998182046, -1.860000
1462840026.246509, 8, 6, 197, 16033424250368, 16786540123262, 16787340123136, 16034224252432, 16034256252416, 16787372123663, -1.970000
1462840026.312243, 8, 5, 198, 16039798209536, 17014067309785, 17014739309568, 16040470213593, 16040502213120, 17014771309798, -2.410000
1462840026.314542, 8, 6, 198, 16039798209536, 16792914068872, 16793714068480, 16040598211361, 16040630211072, 16793746068740, -1.940000
1462840026.453217, 8, 5, 199, 16046172157440, 17020441224859, 17021113224704, 16046844161571, 16046876161536, 17021145225387, -0.590000
1462840026.453515, 8, 6, 199, 16046172157440, 16799288003277, 16800088003072, 16046972159507, 16047004159488, 16800120003656, -2.050000
1462840026.521095, 8, 4, 200, 16052546104832, 16100608948232, 16101152948224, 16053090108614, 16053122108416, 16101184949312, -0.510000
1462840026.521405, 8, 5, 200, 16052546104832, 17026815139365, 17027487139328, 16053218109061, 16053250108928, 17027519139876, -0.730000
1462840026.521626, 8, 6, 200, 16052546104832, 16805661937110, 16806461936640, 16053346106692, 16053378106368, 16806493936968, -1.070000
1462840026.609782, 8, 4, 201, 16058920038912, 16106982854071, 16107526853632, 16059464042287, 16059496041984, 16107558854621, -1.180000
1462840026.611674, 8, 5, 201, 16058920038912, 17033189040626, 17033861040128, 16059592042676, 16059624042496, 17033893040614, -0.400000
1462840026.613501, 8, 6, 201, 16058920038912, 16812035857666, 16812835857408, 16059720040983, 16059752040960, 16812867858036, -0.670000
1462840026.761807, 8, 6, 202, 16065293979648, 16818409784847, 16819209784832, 16066093981960, 16066125981696, 16819241785216, -0.900000
1462840026.761613, 8, 5, 202, 16065293979648, 17039562948507, 17040234948096, 16065965983506, 16065997983232, 17040266948506, -0.510000
1462840026.761400, 8, 4, 202, 16065293979648, 16113356766507, 16113900766208, 16065837983150, 16065869982720, 16113932767078, -0.720000
1462840026.824104, 8, 4, 203, 16071667902976, 16119730661603, 16120274661376, 16072211906557, 16072243906048, 16120306662173, -0.860000
1462840026.824315, 8, 5, 203, 16071667902976, 17045936839030, 17046608838656, 16072339906854, 16072371906560, 17046640839033, -0.660000
1462840026.824568, 8, 6, 203, 16071667902976, 16824783694676, 16825583694336, 16072467904968, 16072499904512, 16825615694532, -1.580000
1462840027.039875, 8, 6, 205, 16084415755776, 16837531520405, 16838331520000, 16085215757618, 16085247757312, 16838363520260, -2.240000
1462840027.040195, 8, 5, 204, 16078041838592, 17052310741793, 17052982741504, 16078713842541, 16078745842176, 17053014741809, -1.120000
1462840027.049349, 8, 5, 205, 16084415755776, 17058684626204, 17059356625920, 16085087759728, 16085119759360, 17059388626208, -7.460000
1462840027.112652, 8, 6, 206, 16090789688320, 16843905439392, 16844705439232, 16091589690392, 16091621690368, 16844737439760, -1.780000
1462840027.317404, 8, 4, 207, 16097163614208, 16145226259878, 16145770259456, 16097707617687, 16097739617280, 16145802260430, -1.370000
1462840027.317647, 8, 5, 207, 16097163614208, 17071432419050, 17072104418816, 16097835618311, 16097867618304, 17072136419527, -5.550000
1462840027.317854, 8, 6, 207, 16097163614208, 16850279351769, 16851079351296, 16097963615948, 16097995615744, 16851111351630, -4.180000
1462840027.319730, 8, 6, 208, 16103537540096, 16856653264075, 16857453263872, 16104337542071, 16104369541632, 16857485263941, -5.890000
1462840027.319555, 8, 5, 208, 16103537540096, 17077806312210, 17078478311936, 16104209544402, 16104241544192, 17078510312709, -0.880000
1462840027.319389, 8, 4, 208, 16103537540096, 16151600157474, 16152144157184, 16104081543660, 16104113543168, 16152176158056, -2.360000
1462840027.410072, 8, 5, 209, 16109911449600, 17084180188955, 17084852188672, 16110583453919, 16110615453696, 17084884189484, -0.610000
1462840027.411919, 8, 6, 209, 16109911449600, 16863027160133, 16863827160064, 16110711451722, 16110743451648, 16863859160496, -9.880000
1462840027.594097, 8, 4, 210, 16116285366784, 16164347927746, 16164891927552, 16116829370473, 16116861370368, 16164923928830, -1.400000
1462840027.594330, 8, 5, 210, 16116285366784, 17090554073232, 17091226073088, 16116957371006, 16116989370880, 17091258073742, -5.150000
1462840027.594525, 8, 6, 210, 16116285366784, 16869401063831, 16870201063424, 16117085368605, 16117117368320, 16870233063698, -4.240000
1462840027.609555, 8, 5, 211, 16122659267072, 17096927940787, 17097599940608, 16123331271274, 16123363271168, 17097631941323, -2.130000
1462840027.611493, 8, 6, 211, 16122659267072, 16875774950709, 16876574950400, 16123459269039, 16123491268608, 16876606950572, -1.730000
1462840027.709634, 8, 5, 212, 16129033181696, 17103301822597, 17103973822464, 16129705185798, 16129737185792, 17104005823109, -6.800000
1462840027.711293, 8, 6, 212, 16129033181696, 16882148851862, 16882948851712, 16129833183845, 16129865183744, 16882980852250, -1.270000
1462840027.870625, 8, 5, 213, 16135407071744, 17109675679927, 17110347679744, 16136079075833, 16136111075328, 17110379679949, -1.220000
1462840027.870827, 8, 6, 213, 16135407071744, 16888522728492, 16889322728448, 16136207074020, 16136239073792, 16889354728869, -1.900000
1462840027.907077, 8, 4, 214, 16141780968960, 16189843417021, 16190387416576, 16142324972374, 16142356972032, 16190419417603, -3.510000
1462840027.908931, 8, 5, 214, 16141780968960, 17116049544373, 17116721544192, 16142452973074, 16142484973056, 17116753544887, -0.670000
1462840028.009127, 8, 5, 215, 16148154863104, 17122423405790, 17123095405568, 16148826867193, 16148858866688, 17123127405821, -1.160000
1462840028.010509, 8, 6, 215, 16148154863104, 16901270492904, 16902070492672, 16148954865200, 16148986865152, 16902102493272, -2.710000
1462840028.147600, 8, 5, 216, 16154528747008, 17128797256946, 17129469256704, 16155200751038, 16155232750592, 17129501256950, -1.120000
1462840028.148204, 8, 6, 216, 16154528747008, 16907644363335, 16908444363264, 16155328749258, 16155360749056, 16908476363693, -4.820000
1462840028.208406, 8, 5, 217, 16160902633984, 17135171111215, 17135843110912, 16161574637920, 16161606637568, 17135875111230, -1.950000
1462840028.210434, 8, 6, 217, 16160902633984, 16914018236923, 16914818236416, 16161702635835, 16161734635520, 16914850236794, -1.180000
1462840028.308247, 8, 5, 218, 16167277939712, 17141546384195, 17142218383872, 16167949943594, 16167981943296, 17142250384195, -10.280000
1462840028.310187, 8, 6, 218, 16167277939712, 16920393529170, 16921193528832, 16168077941681, 16168109941248, 16921225529040, -1.940000
1462840028.459658, 8, 4, 219, 16173652114432, 16221714421536, 16222258421248, 16174196118085, 16174228118016, 16222290422599, -1.290000
1462840028.460096, 8, 6, 219, 16173652114432, 16926767690484, 16927567690240, 16174452116471, 16174484115968, 16927599690336, -4.150000
1462840028.459892, 8, 5, 219, 16173652114432, 17147920526372, 17148592526336, 16174324118816, 16174356118528, 17148624526818, -3.130000
1462840028.509972, 8, 6, 220, 16180025994752, 16933141557324, 16933941557248, 16180825996939, 16180857996800, 16933973557720, -2.950000
1462840028.734872, 8, 4, 221, 16186399861760, 16234462112455, 16235006112256, 16186943865469, 16186975865344, 16235038113533, -1.530000
1462840028.735320, 8, 6, 221, 16186399861760, 16939515410950, 16940315410944, 16187199864017, 16187231863808, 16940347411331, -4.990000
1462840028.735117, 8, 5, 221, 16186399861760, 17160668208283, 17161340208128, 16187071866094, 16187103865856, 17161372208787, -2.380000
1462840028.736649, 8, 5, 222, 16192773736448, 17167042050260, 17167714050048, 16193445740752, 16193477740544, 17167746050783, -1.710000
1462840028.736960, 8, 4, 222, 16192773736448, 16240835958987, 16241379958784, 16193317740171, 16193349740032, 16241411960072, -1.180000
1462840028.809404, 8, 6, 223, 16199146017792, 16952261540053, 16953061539840, 16199946019825, 16199978019328, 16953093539943, -3.230000
1462840029.010687, 8, 6, 224, 16205519711744, 16958635220607, 16959435220480, 16206319713881, 16206351713792, 16959467220999, -1.250000
1462840029.010477, 8, 5, 224, 16205519711744, 17179787960160, 17180459959808, 16206191715727, 16206223715328, 17180491960170, -2.650000
1462840029.015185, 8, 6, 225, 16211894534656, 16965010030210, 16965810030080, 16212694536778, 16212726536704, 16965842030611, -3.150000
1462840029.106654, 8, 5, 226, 16218267435008, 17192535618093, 17193207618048, 16218939439214, 16218971439104, 17193239618625, -0.870000
1462840029.109143, 8, 6, 226, 16218267435008, 16971382917254, 16972182917120, 16219067437182, 16219099437056, 16972214917642, -1.000000
1462840029.287359, 8, 6, 227, 16224641269760, 16977756738738, 16978556738560, 16225441271914, 16225473271808, 16978588739131, -0.450000
1462840029.286939, 8, 5, 227, 16224641269760, 17198909420276, 17199581420032, 16225313273786, 16225345273344, 17199613420282, -0.820000
1462840029.304470, 8, 4, 228, 16231015124992, 16279077178875, 16279621178368, 16231559128303, 16231591128064, 16279653179463, -1.900000
1462840029.404032, 8, 4, 229, 16237388941824, 16285450967738, 16285994967552, 16237932945466, 16237964945408, 16286026968832, -2.000000
1462840029.406171, 8, 5, 229, 16237388941824, 17211657027185, 17212329027072, 16238060945982, 16238092945920, 17212361027701, -1.140000
1462840029.408411, 8, 6, 229, 16237388941824, 16990504384219, 16991304384000, 16238188943931, 16238220943872, 16991336384608, -1.370000
1462840029.562086, 8, 6, 230, 16243762786816, 16996878215878, 16997678215680, 16244562788906, 16244594788864, 16997710216286, -1.260000
1462840029.607621, 8, 6, 231, 16250136609280, 17003252025094, 17004052024832, 16250936611295, 16250968610816, 17004084024976, -1.740000
1462840029.707939, 8, 6, 232, 16256510451200, 17009625853699, 17010425853440, 16257310453205, 16257342452736, 17010457853582, -3.600000
1462840029.803282, 8, 4, 233, 16262884273152, 16310946186916, 16311490186752, 16263428276856, 16263460276736, 16311522188024, -1.150000
1462840029.807234, 8, 6, 233, 16262884273152, 17015999662366, 17016799662080, 16263684275045, 16263716274688, 17016831662258, -4.530000
1462840029.899088, 8, 2, 234, 16269258094080, 16414123418798, 16414411418624, 16269546097150, 16269578096640, 16414443419628, -1.800000
1462840029.903434, 8, 4, 234, 16269258094080, 16317319979817, 16317863979520, 16269802097631, 16269834097152, 16317895980408, -0.750000
1462840029.905782, 8, 5, 234, 16269258094080, 17243526016560, 17244198016512, 16269930098291, 16269962098176, 17244230017079, -7.560000
1462840029.907034, 8, 6, 234, 16269258094080, 17022373470019, 17023173469696, 16270058095963, 16270090095616, 17023205469911, -4.690000
1462840029.999098, 8, 2, 235, 16275631908352, 16420497197751, 16420785197568, 16275919911424, 16275951911424, 16420817199087, -0.960000
1462840030.003021, 8, 4, 235, 16275631908352, 16323693766160, 16324237766144, 16276175912214, 16276207911936, 16324269767247, -1.960000
1462840030.007650, 8, 6, 235, 16275631908352, 17028747271071, 17029547270656, 16276431910154, 16276463909888, 17029579270958, -6.930000
1462840030.102674, 8, 4, 236, 16282005732864, 16330067562712, 16330611562496, 16282549736520, 16282581736448, 16330643563817, -1.350000
1462840030.106745, 8, 6, 236, 16282005732864, 17035121082352, 17035921081856, 16282805734578, 16282837734400, 17035953082243, -8.170000
1462840030.207695, 8, 4, 237, 16288379536384, 16336441338362, 16336985337856, 16288923539756, 16288955539456, 16337017338936, -1.550000
1462840030.207900, 8, 6, 237, 16288379536384, 17041494872718, 17042294872576, 16289179538487, 16289211538432, 17042326873128, -4.300000
1462840030.302323, 8, 4, 238, 16294753351168, 16342815125225, 16343359124992, 16295297354797, 16295329354752, 16343391126352, -1.410000
1462840030.304242, 8, 5, 238, 16294753351168, 17269021143507, 17269693143040, 16295425355156, 16295457354752, 17269725143541, -1.040000
1462840030.398918, 8, 2, 239, 16301127141376, 16445992289507, 16446280289280, 16301415144365, 16301447143936, 16446312290318, -1.570000
1462840030.404003, 8, 5, 239, 16301127141376, 17275394901222, 17276066900992, 16301799145492, 16301831145472, 17276098901762, -3.550000
1462840030.406016, 8, 6, 239, 16301127141376, 17054242451295, 17055042450944, 16301927143387, 16301959142912, 17055074451208, -4.510000
1462840030.512516, 8, 6, 240, 16307500943360, 17060616240140, 17061416240128, 16308300945575, 16308332945408, 17061448240598, -1.880000
1462840030.603713, 8, 5, 241, 16313874718720, 17288142413597, 17288814413312, 16314546722663, 16314578722304, 17288846413684, -1.760000
1462840030.605654, 8, 6, 241, 16313874718720, 17066990002342, 17067790002176, 16314674720803, 16314706720768, 17067822002786, -0.840000
1462840030.704323, 8, 5, 242, 16320248506368, 17294516168822, 17295188168704, 16320920510518, 16320952510464, 17295220169375, -0.760000
1462840030.708968, 8, 6, 242, 16320248506368, 17073363776884, 17074163776512, 16321048508284, 16321080507904, 17074195776786, -0.920000
1462840030.803266, 8, 5, 243, 16326622277120, 17300889907190, 17301561906688, 16327294280884, 16327326280704, 17301593907256, -0.830000
1462840030.821807, 8, 6, 243, 16326622277120, 17079737534561, 17080537534464, 16327422279332, 16327454279168, 17080569534977, -1.050000
1462840030.903055, 8, 5, 244, 16332996057600, 17307263655237, 17307935654912, 16333668061516, 16333700061184, 17307967655289, -1.330000
1462840030.905113, 8, 6, 244, 16332996057600, 17086111301924, 17086911301632, 16333796059628, 16333828059136, 17086943301828, -1.410000
1462840031.002989, 8, 5, 245, 16339369817088, 17313637382376, 17314309382144, 16340041821110, 16340073820672, 17314341382450, -0.450000
1462840031.005085, 8, 6, 245, 16339369817088, 17092485048364, 17093285048320, 16340169819358, 16340201819136, 17093317048781, -0.730000
1462840031.102749, 8, 5, 246, 16345743588352, 17320011121275, 17320683121152, 16346415592481, 16346447592448, 17320715121848, -0.960000
1462840031.104681, 8, 6, 246, 16345743588352, 17098858806537, 17099658806272, 16346543590368, 16346575589888, 17099690806451, -1.390000
1462840031.202625, 8, 5, 247, 16352117350400, 17326384850968, 17327056850944, 16352789354569, 16352821354496, 17327088851578, -2.130000
1462840031.204580, 8, 6, 247, 16352117350400, 17105232555566, 17106032555520, 16352917352628, 16352949352448, 17106064555982, -0.720000
1462840031.300842, 8, 4, 248, 16358491101696, 16406552597079, 16407096596992, 16359035105479, 16359067105280, 16407128598178, -3.570000
1462840031.304225, 8, 6, 248, 16358491101696, 17111606293764, 17112406293504, 16359291103648, 16359323103232, 17112438293689, -0.890000
1462840031.396110, 8, 2, 249, 16364864851968, 16509729647833, 16510017647616, 16365152854937, 16365184854528, 16510049648665, -2.210000
1462840031.404276, 8, 6, 249, 16364864851968, 17117980031031, 17118780030976, 16365664854147, 16365696854016, 17118812031455, -1.520000
1462840031.497680, 8, 2, 250, 16371238613504, 16516103374209, 16516391373824, 16371526616318, 16371558616064, 16516423375039, -1.340000
1462840031.501885, 8, 5, 250, 16371238613504, 17345506017080, 17346178016768, 16371910617692, 16371942617600, 17346210017651, -0.710000
1462840031.603920, 8, 4, 251, 16377612363264, 16425673775284, 16426217775104, 16378156366952, 16378188366848, 16426249776408, -1.130000
1462840031.604133, 8, 5, 251, 16377612363264, 17351879734579, 17352551734272, 16378284367465, 16378316367360, 17352583735150, -0.780000
1462840031.699610, 8, 4, 252, 16383986119680, 16432047503948, 16432591503872, 16384530123446, 16384562123264, 16432623505092, -1.240000
1462840031.704423, 8, 5, 252, 16383986119680, 17358253458717, 17358925458432, 16384658123915, 16384690123776, 17358957459279, -0.630000
1462840031.799245, 8, 4, 253, 16390359841792, 16438421198420, 16438965198336, 16390903845573, 16390935845376, 16438997199532, -0.310000
1462840031.801252, 8, 5, 253, 16390359841792, 17364627148619, 17365299148288, 16391031845991, 16391063845888, 17365331149175, -0.920000
1462840031.803625, 8, 6, 253, 16390359841792, 17143474968418, 17144274968064, 16391159843655, 16391191843328, 17144306968312, -4.870000
1462840031.899174, 8, 4, 254, 16396734789120, 16444796118021, 16445340118016, 16397278792939, 16397310792704, 16445372119162, -1.120000
1462840031.903158, 8, 6, 254, 16396734789120, 17149849902710, 17150649902592, 16397534791146, 16397566790656, 17150681902672, -6.160000
1462840031.998879, 8, 4, 255, 16403109027328, 16451170328632, 16451714328576, 16403653031094, 16403685030912, 16451746329786, -1.810000
1462840032.000880, 8, 5, 255, 16403109027328, 17377376269648, 17378048269312, 16403781031293, 16403813030912, 17378080269724, -1.970000
1462840032.002950, 8, 6, 255, 16403109027328, 17156224128063, 17157024128000, 16403909029496, 16403941029376, 17157056128508, -3.160000
1462840032.098697, 8, 4, 0, 16409482752512, 16457544026189, 16458088026112, 16410026756270, 16410058756096, 16458120027334, -1.410000
1462840032.100669, 8, 5, 0, 16409482752512, 17383749962669, 17384421962240, 16410154756408, 16410186756096, 17384453962707, -3.470000
1462840032.102628, 8, 6, 0, 16409482752512, 17162597840312, 17163397839872, 16410282754333, 16410314754048, 17163429840262, -2.700000
1462840032.202519, 8, 6, 1, 16415856459776, 17168971534726, 17169771534336, 16416656461666, 16416688461312, 17169803534682, -0.650000
1462840032.301158, 8, 5, 2, 16422230242816, 17396497388540, 17397169388032, 16422902246525, 16422934246400, 17397201388640, -0.840000
1462840032.302571, 8, 6, 2, 16422230242816, 17175345304869, 17176145304576, 16423030244832, 16423062244352, 17176177304818, -1.040000
1462840032.400408, 8, 5, 3, 16428602318336, 17402869431967, 17403541431808, 16429274322422, 16429306321920, 17403573432032, -0.650000
1462840032.402176, 8, 6, 3, 16428602318336, 17181717367556, 17182517367296, 16429402320422, 16429434320384, 17182549367991, -0.720000
1462840032.500102, 8, 5, 4, 16434976201216, 17409243282655, 17409915282432, 16435648205181, 16435680204800, 17409947282735, -0.720000
1462840032.502121, 8, 6, 4, 16434976201216, 17188091237515, 17188891237376, 16435776203407, 16435808203264, 17188923237960, -1.240000
1462840032.601674, 8, 6, 5, 16441350503936, 17194465527408, 17195265527296, 16442150506135, 16442182505984, 17195297527862, -0.570000
1462840032.697457, 8, 4, 6, 16447723216896, 16495784324810, 16496328324608, 16448267220510, 16448299220480, 16496360325939, -1.250000
1462840032.699513, 8, 5, 6, 16447723216896, 17421990234175, 17422662234112, 16448395221065, 16448427220992, 17422694234766, -1.820000
1462840032.701560, 8, 6, 6, 16447723216896, 17200838227497, 17201638227456, 16448523219124, 16448555218944, 17201670227951, -0.780000
1462840032.798358, 8, 4, 7, 16454096896000, 16502157976409, 16502701976064, 16454640899511, 16454672899072, 16502733977039, -0.240000
1462840032.799196, 8, 5, 7, 16454096896000, 17428363881229, 17429035880960, 16454768900024, 16454800899584, 17429067881320, -1.440000
1462840032.801309, 8, 6, 7, 16454096896000, 17207211893781, 17208011893760, 16454896898213, 16454928898048, 17208043894227, -1.900000
1462840032.899351, 8, 5, 8, 16460470599168, 17434737552309, 17435409551872, 16461142603004, 16461174602752, 17435441552428, -1.270000
1462840032.901225, 8, 6, 8, 16460470599168, 17213585584092, 17214385583616, 16461270600872, 16461302600704, 17214417584070, -2.140000
1462840032.996933, 8, 4, 9, 16466844261888, 16514905287188, 16515449287168, 16467388265746, 16467420265472, 16515481288306, -1.240000
1462840032.998844, 8, 5, 9, 16466844261888, 17441111183039, 17441783182848, 16467516266038, 16467548265984, 17441815183635, -0.860000
1462840033.000934, 8, 6, 9, 16466844261888, 17219959234059, 17220759234048, 16467644264091, 16467676263936, 17220791234503, -3.410000
1462840033.096758, 8, 4, 10, 16473217950208, 16521278947954, 16521822947840, 16473761953950, 16473793953792, 16521854949107, -1.560000
1462840033.100641, 8, 6, 10, 16473217950208, 17226332909561, 17227132909056, 16474017951907, 16474049951744, 17227164909506, -4.590000
1462840033.196578, 8, 4, 11, 16479591627264, 16527652597560, 16528196597248, 16480135630791, 16480167630336, 16528228598203, -1.330000
1462840033.198459, 8, 5, 11, 16479591627264, 17453858484401, 17454530484224, 16480263631479, 16480295631360, 17454562484985, -0.760000
1462840033.200416, 8, 6, 11, 16479591627264, 17232706573894, 17233506573824, 16480391629379, 16480423629312, 17233538574349, -5.250000
1462840033.296473, 8, 4, 12, 16485965292544, 16534026235377, 16534570234880, 16486509295899, 16486541295616, 16534602236016, -2.020000
1462840033.299323, 8, 5, 12, 16485965292544, 17460232117658, 17460904117248, 16486637296516, 16486669296128, 17460936117772, -0.940000
1462840033.302070, 8, 6, 12, 16485965292544, 17239080226426, 17239880226304, 16486765294626, 16486797294592, 17239912226881, -3.490000
1462840033.400131, 8, 6, 13, 16492338946560, 17245453867782, 17246253867520, 16493138948466, 16493170948096, 17246285867753, -2.600000
1462840033.495966, 8, 4, 14, 16498712602624, 16546773490656, 16547317490176, 16499256605980, 16499288605696, 16547349491300, -0.500000
1462840033.497867, 8, 5, 14, 16498712602624, 17472979363815, 17473651363328, 16499384606404, 16499416606208, 17473683363893, -0.970000
1462840033.499877, 8, 6, 14, 16498712602624, 17251827511167, 17252627510784, 16499512604402, 16499544604160, 17252659511156, -1.150000
1462840033.595830, 8, 4, 15, 16505086235648, 16553147096386, 16553691096064, 16505630239172, 16505662238720, 16553723097025, -0.780000
1462840033.598761, 8, 5, 15, 16505086235648, 17479352964970, 17480024964608, 16505758239541, 16505790239232, 17480056965055, -1.540000
1462840033.599772, 8, 6, 15, 16505086235648, 17258201131634, 17259001131520, 16505886237779, 16505918237696, 17259033132107, -1.860000
1462840033.697479, 8, 5, 16, 16511459887104, 17485726584462, 17486398584320, 16512131891188, 16512163890688, 17486430584596, -2.640000
1462840033.700269, 8, 6, 16, 16511459887104, 17264574770443, 17265374770176, 16512259889071, 16512291888640, 17265406770425, -0.720000
1462840033.797256, 8, 5, 17, 16517833503232, 17492100168734, 17492772168704, 16518505507371, 16518537507328, 17492804169349, -1.060000
1462840033.799204, 8, 6, 17, 16517833503232, 17270948373968, 17271748373504, 16518633505024, 16518665504768, 17271780373945, -1.040000
1462840033.897092, 8, 5, 18, 16524207136256, 17498473769839, 17499145769472, 16524879140071, 16524911139840, 17499177769979, -1.340000
1462840033.899218, 8, 6, 18, 16524207136256, 17277321994350, 17278121994240, 16525007138445, 16525039138304, 17278153994823, -0.880000
1462840033.996900, 8, 5, 19, 16530580752896, 17504847354626, 17505519354368, 16531252756796, 16531284756480, 17505551354750, -0.950000
1462840033.998838, 8, 6, 19, 16530580752896, 17283695598400, 17284495598080, 16531380754847, 16531412754432, 17284527598371, -0.780000
1462840034.098847, 8, 6, 20, 16536954376704, 17290069209582, 17290869209088, 16537754378442, 16537786378240, 17290901209575, -0.690000
1462840034.200515, 8, 5, 21, 16543327986688, 17517594524741, 17518266524672, 16543999990848, 16544031990784, 17518298525359, -2.390000
1462840034.200704, 8, 6, 21, 16543327986688, 17296442807040, 17297242806784, 16544127988665, 16544159988224, 17297274807009, -1.090000
1462840034.294396, 8, 4, 22, 16549701593088, 16597762262232, 16598306262016, 16550245596709, 16550277596672, 16598338263383, -1.270000
1462840034.296643, 8, 5, 22, 16549701593088, 17523968099326, 17524640098816, 16550373596838, 16550405596672, 17524672099468, -0.740000
1462840034.298593, 8, 6, 22, 16549701593088, 17302816400857, 17303616400384, 16550501594795, 16550533594624, 17303648400841, -2.290000
1462840034.396221, 8, 5, 23, 16556075192832, 17530341667333, 17531013667328, 16556747197102, 16556779196928, 17531045667964, -0.810000
1462840034.398613, 8, 6, 23, 16556075192832, 17309189988095, 17309989987840, 16556875194733, 16556907194368, 17310021988091, -3.130000
1462840034.511115, 8, 5, 24, 16562448800768, 17536715243487, 17537387243008, 16563120804587, 16563152804352, 17537419243636, -0.450000
1462840034.511391, 8, 6, 24, 16562448800768, 17315563583506, 17316363583488, 16563248802909, 16563280802816, 17316395584033, -1.500000
1462840034.597755, 8, 6, 25, 16568822390784, 17321937161090, 17322737160704, 16569622392529, 16569654392320, 17322769161104, -2.140000
1462840034.693606, 8, 4, 26, 16575195984384, 16623256544464, 16623800544256, 16575739987955, 16575771987456, 16623832545140, -0.920000
1462840034.695414, 8, 5, 26, 16575195984384, 17549462363582, 17550134363136, 16575867988199, 16575899987968, 17550166363712, -0.590000
1462840034.699586, 8, 6, 26, 16575195984384, 17328310742226, 17329110742016, 16575995986333, 16576027985920, 17329142742200, -5.760000
1462840034.795216, 8, 5, 27, 16581569563648, 17555835911169, 17556507911168, 16582241567913, 16582273567744, 17556539911807, -0.330000
1462840034.797748, 8, 6, 27, 16581569563648, 17334684309081, 17335484308992, 16582369565722, 16582401565696, 17335516309577, -3.280000
1462840034.893293, 8, 4, 28, 16587943149056, 16636003654859, 16636547654656, 16588487152661, 16588519152640, 16636579656038, -0.960000
1462840034.996835, 8, 6, 29, 16594316712448, 17347431433155, 17348231432704, 16595116714190, 16595148713984, 17348263433169, -0.900000
1462840035.094682, 8, 5, 30, 16600690276352, 17574956528828, 17575628528640, 16601362280309, 16601394279936, 17575660528958, -1.090000
1462840035.096596, 8, 6, 30, 16600690276352, 17353804984709, 17354604984320, 16601490278208, 16601522277888, 17354636984727, -0.820000
1462840035.194428, 8, 5, 31, 16607063823360, 17581330044265, 17582002043904, 16607735827184, 16607767826944, 17582034044398, -0.960000
1462840035.196406, 8, 6, 31, 16607063823360, 17360178519422, 17360978519040, 16607863825249, 16607895824896, 17361010519434, -0.800000
1462840035.295761, 8, 5, 32, 16613437365248, 17587703554516, 17588375554048, 16614109368955, 16614141368832, 17588407554680, -1.330000
1462840035.297555, 8, 6, 32, 16613437365248, 17366552048948, 17367352048640, 16614237367205, 16614269366784, 17367384048965, -0.740000
1462840035.394157, 8, 5, 33, 16619810951680, 17594077109406, 17594749109248, 16620482955696, 16620514955264, 17594781109535, -0.500000
1462840035.396083, 8, 6, 33, 16619810951680, 17372925623099, 17373725622784, 16620610953618, 16620642953216, 17373757623100, -0.300000
1462840035.495970, 8, 6, 34, 16626184463872, 17379299122957, 17380099122688, 16626984465812, 16627016465408, 17380131122966, -1.260000
1462840035.595701, 8, 6, 35, 16632557990400, 17385672637225, 17386472636928, 16633357992259, 16633389991936, 17386504637251, -2.050000
1462840035.691653, 8, 4, 36, 16638931520512, 16686991809592, 16687535809536, 16639475524268, 16639507524096, 16687567810793, -0.370000
1462840035.693573, 8, 5, 36, 16638931520512, 17613197583476, 17613869583360, 16639603524597, 16639635524096, 17613901583621, -2.000000
1462840035.895722, 8, 6, 38, 16651680302592, 17404794912457, 17405594912256, 16652480304551, 16652512304128, 17405626912477, -2.010000
1462840035.994890, 8, 6, 39, 16658053800960, 17411168398655, 17411968398336, 16658853802751, 16658885802496, 17412000398691, -3.290000
1462840036.094853, 8, 6, 40, 16664427313664, 17417541899196, 17418341898752, 16665227315302, 16665259315200, 17418373899253, -4.650000
1462840036.194011, 8, 5, 41, 16670800972288, 17645066877827, 17645738877440, 16671472976111, 16671504975872, 17645770877998, -1.910000
1462840036.290326, 8, 4, 42, 16677172553216, 16725232680818, 16725776680448, 16677716556632, 16677748556288, 16725808681512, -0.250000
1462840036.292643, 8, 5, 42, 16677172553216, 17651438427381, 17652110427136, 16677844557179, 16677876556800, 17652142427535, -1.090000
1462840036.294065, 8, 6, 42, 16677172553216, 17430287114429, 17431087114240, 16677972555153, 16678004554752, 17431119114491, -1.510000
1462840036.392273, 8, 5, 43, 16683546228224, 17657812071058, 17658484070912, 16684218232250, 16684250231808, 17658516071222, -1.760000
1462840036.394078, 8, 6, 43, 16683546228224, 17436660777408, 17437460776960, 16684346229921, 16684378229760, 17437492777460, -1.050000
1462840036.493879, 8, 6, 44, 16689920239104, 17443034776248, 17443834776064, 16690720241111, 16690752240640, 17443866776300, -0.700000
1462840036.591804, 8, 5, 45, 16696293007872, 17670558788028, 17671230787584, 16696965011584, 16696997011456, 17671262788190, -0.940000
1462840036.593772, 8, 6, 45, 16696293007872, 17449407533033, 17450207532544, 16697093009622, 16697125009408, 17450239533073, -0.770000
1462840036.693684, 8, 5, 46, 16702666470400, 17676932219208, 17677604218880, 16703338474183, 16703370473984, 17677636219396, -0.360000
1462840036.696356, 8, 6, 46, 16702666470400, 17455780983526, 17456580983296, 16703466472428, 16703498471936, 17456612983583, -1.270000
1462840036.791285, 8, 5, 47, 16709039924224, 17683305641798, 17683977641472, 16709711928021, 16709743927808, 17684009641973, -1.110000
1462840036.796322, 8, 6, 47, 16709039924224, 17462154425374, 17462954425344, 16709839926443, 16709871926272, 17462986425926, -0.670000
1462840036.893826, 8, 6, 48, 16715413393920, 17468527883020, 17469327882752, 16716213395804, 16716245395456, 17469359883109, -1.200000
1462840036.990266, 8, 4, 49, 16721786829312, 16769846769369, 16770390769152, 16722330832889, 16722362832384, 16770422770061, -1.030000
1462840036.992778, 8, 5, 49, 16721786829312, 17696052484409, 17696724484096, 16722458833156, 16722490832896, 17696756484545, -3.080000
1462840036.994525, 8, 6, 49, 16721786829312, 17474901306506, 17475701306368, 16722586831321, 16722618830848, 17475733306560, -1.120000
1462840037.089069, 8, 4, 50, 16728160280576, 16776220193919, 16776764193792, 16728704284237, 16728736284160, 16776796195145, -0.770000
1462840037.091502, 8, 5, 50, 16728160280576, 17702425904446, 17703097904128, 16728832284454, 16728864284160, 17703129904641, -2.080000
1462840037.093634, 8, 6, 50, 16728160280576, 17481274745809, 17482074745344, 16728960282215, 16728992282112, 17482106745853, -3.410000
1462840037.191344, 8, 5, 51, 16734533726720, 17708799319451, 17709471319040, 16735205730527, 16735237730304, 17709503319646, -1.040000
1462840037.193096, 8, 6, 51, 16734533726720, 17487648180066, 17488448179712, 16735333728479, 16735365728256, 17488480180123, -2.760000
1462840037.294154, 8, 6, 52, 16740907160064, 17494021601538, 17494821601280, 16741707161936, 16741739161600, 17494853601602, -2.160000
1462840037.390024, 8, 4, 53, 16747280581632, 16795340415171, 16795884414976, 16747824585198, 16747856584704, 16795916415884, -1.880000
1462840037.393514, 8, 6, 53, 16747280581632, 17500395011275, 17501195011072, 16748080583563, 16748112583168, 17501227011357, -1.190000
1462840037.492217, 8, 6, 54, 16753654015488, 17506768433296, 17507568433152, 16754454017449, 16754486017024, 17507600433386, -2.320000
1462840037.592122, 8, 6, 55, 16760027423232, 17513141829299, 17513941829120, 16760827425111, 16760859424768, 17513973829391, -2.450000
1462840037.791322, 8, 6, 57, 16772774216704, 17525888599424, 17526688599040, 16773574218379, 16773606218240, 17526720599523, -2.540000
1462840037.890767, 8, 4, 58, 16779147603456, 16827207304712, 16827751304704, 16779691607225, 16779723607040, 16827783305949, -0.250000
1462840037.890992, 8, 5, 58, 16779147603456, 17753412978624, 17754084978176, 16779819607213, 16779851607040, 17754116978818, -1.500000
1462840037.891193, 8, 6, 58, 16779147603456, 17532261974544, 17533061974528, 16779947605544, 16779979605504, 17533093975153, -1.430000
1462840037.990812, 8, 6, 59, 16785520978432, 17538635337913, 17539435337728, 16786320980345, 16786352979968, 17539467338043, -0.950000
1462840038.088602, 8, 5, 60, 16791894351872, 17766159665096, 17766831664640, 16792566355513, 16792598355456, 17766863665325, -1.190000
1462840038.091374, 8, 6, 60, 16791894351872, 17545008699727, 17545808699392, 16792694353682, 16792726353408, 17545840699836, -1.210000
1462840038.196378, 8, 5, 61, 16798267720192, 17772533002524, 17773205002240, 16798939723992, 16798971723776, 17773237002750, -0.860000
1462840038.196590, 8, 6, 61, 16798267720192, 17551382056466, 17552182056448, 16799067722348, 16799099722240, 17552214057087, -0.480000
1462840038.288282, 8, 5, 62, 16804641085440, 17778906336873, 17779578336768, 16805313089444, 16805345089024, 17779610337081, -0.980000
1462840038.290267, 8, 6, 62, 16804641085440, 17557755410081, 17558555409920, 16805441087453, 16805473086976, 17558587410195, -0.940000
1462840038.389238, 8, 4, 63, 16811014436352, 16859074005698, 16859618005504, 16811558439865, 16811590439424, 16859650006423, -1.100000
1462840038.389479, 8, 5, 63, 16811014436352, 17785279656968, 17785951656960, 16811686440453, 16811718440448, 17785983657698, -0.570000
1462840038.390017, 8, 6, 63, 16811014436352, 17564128749464, 17564928749056, 16811814438131, 16811846437888, 17564960749582, -1.870000
1462840038.487959, 8, 5, 64, 16817387795968, 17791652985761, 17792324985344, 16818059799654, 16818091799552, 17792356985982, -0.770000
1462840038.503995, 8, 6, 64, 16817387795968, 17570502097515, 17571302097408, 16818187798028, 16818219798016, 17571334098140, -1.330000
1462840038.589693, 8, 6, 65, 16823761132032, 17576875422116, 17577675421696, 16824561133736, 16824593133568, 17577707422236, -0.940000
1462840038.689325, 8, 6, 66, 16830134472192, 17583248750811, 17584048750592, 16830934474040, 16830966473728, 17584080750961, -0.750000
1462840038.787282, 8, 5, 67, 16836507783168, 17810772880823, 17811444880384, 16837179786840, 16837211786752, 17811476881064, -2.840000
1462840038.789146, 8, 6, 67, 16836507783168, 17589622050420, 17590422050304, 16837307785119, 16837339784704, 17590454050545, -1.900000
1462840038.887336, 8, 5, 68, 16842881113088, 17817146180093, 17817818179584, 16843553116746, 16843585116672, 17817850180320, -0.770000
1462840038.888897, 8, 6, 68, 16842881113088, 17595995368922, 17596795368448, 16843681114626, 16843713114624, 17596827369005, -6.720000
1462840038.984827, 8, 4, 69, 16849254422528, 16897313834620, 16897857834496, 16849798426141, 16849830426112, 16897889835888, -1.620000
1462840039.084927, 8, 4, 70, 16855627735552, 16903687121576, 16904231121408, 16856171739143, 16856203739136, 16904263122830, -0.310000
1462840039.088784, 8, 6, 70, 16855627735552, 17608741968555, 17609541968384, 16856427737426, 16856459737088, 17609573968703, -1.940000
1462840039.285296, 8, 4, 72, 16868374327808, 16916433661836, 16916977661440, 16868918331134, 16868950330880, 16917009662582, -0.170000
1462840039.289176, 8, 6, 72, 16868374327808, 17621488538285, 17622288538112, 16869174329676, 16869206329344, 17622320538462, -1.930000
1462840039.384008, 8, 4, 73, 16874749041664, 16922808349805, 16923352349696, 16875293045280, 16875325045248, 16923384351098, -0.560000
1462840039.388266, 8, 6, 73, 16874749041664, 17627863241004, 17628663240704, 16875549043420, 16875581043200, 17628695241170, -1.500000
1462840039.483801, 8, 4, 74, 16881122613760, 16929181896031, 16929725895680, 16881666617140, 16881698616832, 16929757896784, -0.400000
1462840039.487981, 8, 6, 74, 16881122613760, 17634236801942, 17635036801536, 16881922615415, 16881954615296, 17635068802112, -1.650000
1462840039.583852, 8, 4, 75, 16887495873024, 16935555129478, 16936099129344, 16888039876603, 16888071876096, 16936131130270, -0.090000
1462840039.588136, 8, 6, 75, 16887495873024, 17640610050119, 17641410050048, 16888295875014, 16888327874560, 17641442050291, -1.730000
1462840039.683405, 8, 4, 76, 16893869134336, 16941928365004, 16942472364544, 16894413137590, 16894445137408, 16942504365792, -0.390000
1462840039.687886, 8, 6, 76, 16893869134336, 17646983300352, 17647783300096, 16894669136152, 16894701135872, 17647815300522, -1.280000
1462840039.783070, 8, 4, 77, 16900240629760, 16948299834702, 16948843834368, 16900784633143, 16900816632832, 16948875835489, -0.210000
1462840039.787195, 8, 6, 77, 16900240629760, 17653354784767, 17654154784256, 16901040631302, 16901072631296, 17654186784944, -1.590000
1462840039.882892, 8, 4, 78, 16906613946368, 16954673125574, 16955217125376, 16907157949863, 16907189949440, 16955249126368, -0.690000
1462840039.885203, 8, 5, 78, 16906613946368, 17880878708229, 17881550708224, 16907285950512, 16907317950464, 17881582709024, -0.660000
1462840039.886863, 8, 6, 78, 16906613946368, 17659728090382, 17660528090112, 16907413948161, 16907445947904, 17660560090513, -1.390000
1462840039.982814, 8, 4, 79, 16912987975680, 16961047129237, 16961591129088, 16913531979240, 16913563978752, 16961623130015, -0.410000
1462840039.984714, 8, 5, 79, 16912987975680, 17887252707274, 17887924706816, 16913659979319, 16913691979264, 17887956707548, -1.090000
1462840039.986760, 8, 6, 79, 16912987975680, 17666102108648, 17666902108160, 16913787977130, 16913819976704, 17666934108339, -8.540000
1462840040.086548, 8, 6, 80, 16919361139200, 17672475261263, 17673275260928, 16920161140841, 16920193140736, 17673307261499, -1.120000
1462840040.186606, 8, 6, 81, 16925733567488, 17678847678743, 17679647678464, 16926533569232, 16926565569024, 17679679678958, -0.670000
1462840040.284600, 8, 5, 82, 16932106787328, 17906371428352, 17907043428352, 16932778791378, 16932810790912, 17907075428661, -0.630000
1462840040.286137, 8, 6, 82, 16932106787328, 17685220887754, 17686020887552, 16932906789219, 16932938788864, 17686052887960, -0.720000
1462840040.384008, 8, 5, 83, 16938479975424, 17912744586374, 17913416586240, 16939151979336, 16939183979008, 17913448586681, -0.650000
1462840040.385943, 8, 6, 83, 16938479975424, 17691594065051, 17692394064896, 16939279977365, 16939311976960, 17692426065237, -1.230000
1462840040.483703, 8, 5, 84, 16944853178880, 17919117759734, 17919789759488, 16945525182687, 16945557182464, 17919821760063, -1.450000
1462840040.485903, 8, 6, 84, 16944853178880, 17697967257686, 17698767257600, 16945653180892, 16945685180416, 17698799257893, -1.220000
1462840040.586026, 8, 6, 85, 16951226364928, 17704340432979, 17705140432896, 16952026366949, 16952058366464, 17705172433165, -1.240000
1462840040.585809, 8, 5, 85, 16951226364928, 17925490915770, 17926162915328, 16951898368549, 16951930368512, 17926194916081, -1.120000
1462840040.683280, 8, 5, 86, 16957599568896, 17931864089693, 17932536089600, 16958271572826, 16958303572480, 17932568090009, -0.510000
1462840040.686435, 8, 6, 86, 16957599568896, 17710713626164, 17711513626112, 16958399570907, 16958431570432, 17711545626375, -1.210000
1462840040.783026, 8, 5, 87, 16963972737536, 17938237228387, 17938909228032, 16964644741192, 16964676741120, 17938941228739, -1.190000
1462840040.784972, 8, 6, 87, 16963972737536, 17717086784107, 17717886784000, 16964772739428, 16964804739072, 17717918784325, -1.600000
1462840040.884943, 8, 6, 88, 16970345914368, 17723459950242, 17724259950080, 16971145916161, 16971177915904, 17724291950475, -1.900000
1462840040.984623, 8, 6, 89, 16976719069184, 17729833094413, 17730633094144, 16977519070804, 16977551070720, 17730665094664, -2.000000
1462840041.184577, 8, 6, 91, 16989465372160, 17742579376193, 17743379376128, 16990265374106, 16990297373696, 17743411376440, -0.780000
1462840041.285066, 8, 6, 92, 16995838524928, 17748952518421, 17749752518144, 16996638526629, 16996670526464, 17749784518676, -1.000000
1462840041.381907, 8, 5, 93, 17002211651072, 17976475962879, 17977147962368, 17002883654731, 17002915654656, 17977179963220, -1.210000
1462840041.384949, 8, 6, 93, 17002211651072, 17755325634123, 17756125634048, 17003011652997, 17003043652608, 17756157634369, -1.380000
1462840041.483842, 8, 6, 94, 17008584779264, 17761698751860, 17762498751488, 17009384780863, 17009416780800, 17762530752131, -1.030000
1462840041.579389, 8, 4, 95, 17014957890048, 17063016636551, 17063560636416, 17015501893559, 17015533893120, 17063592637396, -0.450000
1462840041.782076, 8, 5, 97, 17027704083968, 18001968277040, 18002640276992, 17028376087937, 17028408087552, 18002672277413, -1.130000
1462840041.783035, 8, 6, 97, 17027704083968, 17780818025418, 17781618024960, 17028504085347, 17028536084992, 17781650025177, -5.890000
1462840041.885892, 8, 6, 98, 17034077173248, 17787191104465, 17787991104000, 17034877174663, 17034909174272, 17788023104278, -0.540000
1462840041.982798, 8, 6, 99, 17040450241024, 17793564162096, 17794364162048, 17041250242923, 17041282242560, 17794396162377, -0.970000
1462840042.080673, 8, 5, 100, 17046823322624, 18021087427156, 18021759427072, 17047495326520, 17047527326208, 18021791427520, -0.650000
1462840042.191932, 8, 4, 101, 17053196381696, 17101254978105, 17101798978048, 17053740385269, 17053772384768, 17101830978919, -2.530000
1462840042.192133, 8, 5, 101, 17053196381696, 18027460456816, 18028132456448, 17053868385314, 17053900385280, 18028164457198, -0.510000
1462840042.192305, 8, 6, 101, 17053196381696, 17806310282443, 17807110282240, 17053996383521, 17054028383232, 17807142282707, -1.530000
1462840042.278086, 8, 4, 102, 17059569443328, 17107628014815, 17108172014592, 17060113446715, 17060145446400, 17108204015673, -2.230000
1462840042.281284, 8, 5, 102, 17059569443328, 18033833489023, 18034505488896, 17060241447182, 17060273446912, 18034537489400, -0.870000
1462840042.281931, 8, 6, 102, 17059569443328, 17812683333912, 17813483333632, 17060369445069, 17060401444864, 17813515334190, -1.290000
1462840042.377861, 8, 4, 103, 17065942480384, 17114001027052, 17114545026560, 17066486483505, 17066518483456, 17114577027919, -1.920000
1462840042.380214, 8, 5, 103, 17065942480384, 18040206496750, 18040878496256, 17066614483871, 17066646483456, 18040910496610, -0.830000
1462840042.384018, 8, 6, 103, 17065942480384, 17819056360874, 17819856360448, 17066742481952, 17066774481920, 17819888361172, -1.370000
1462840042.479581, 8, 5, 104, 17072315524608, 18046579511653, 18047251511296, 17072987528199, 17073019528192, 18047283512039, -0.930000
1462840042.481595, 8, 6, 104, 17072315524608, 17825429395033, 17826229394944, 17073115526496, 17073147526144, 17826261395358, -1.890000
1462840042.579343, 8, 5, 105, 17078688546816, 18052952504636, 18053624504320, 17079360550447, 17079392550400, 18053656505015, -1.200000
1462840042.581255, 8, 6, 105, 17078688546816, 17831802407239, 17832602406912, 17079488548412, 17079520548352, 17832634407548, -0.790000
1462840042.681165, 8, 6, 106, 17085061576192, 17838175426604, 17838975426560, 17085861578022, 17085893577728, 17839007426917, -0.750000
1462840042.878846, 8, 5, 108, 17097807591936, 18072071462218, 18072743461888, 17098479595783, 17098511595520, 18072775462577, -0.170000
1462840042.976515, 8, 4, 109, 17104180601856, 17152239000191, 17152783000064, 17104724605359, 17104756604928, 17152815001077, -0.110000
1462840043.077171, 8, 4, 110, 17110553602560, 17158611976267, 17159155976192, 17111097606085, 17111129605632, 17159187977162, -0.310000
1462840043.078212, 8, 5, 110, 17110553602560, 18084817414405, 18085489414144, 17111225606415, 17111257606144, 18085521414979, -1.150000
1462840043.080229, 8, 6, 110, 17110553602560, 17863667413094, 17864467412992, 17111353604408, 17111385604096, 17864499413413, -0.900000
1462840043.176053, 8, 4, 111, 17116927718400, 17164986067592, 17165530067456, 17117471721870, 17117503721472, 17165562068487, -0.370000
1462840043.276491, 8, 4, 112, 17123301308928, 17171359633636, 17171903633408, 17123845312300, 17123877312000, 17171935634522, -0.200000
1462840043.278766, 8, 5, 112, 17123301308928, 18097565062680, 18098237062656, 17123973312777, 17124005312512, 18098269063291, -1.360000
1462840043.279818, 8, 6, 112, 17123301308928, 17876415099785, 17877215099392, 17124101310553, 17124133310464, 17877247100122, -0.950000
1462840043.375767, 8, 4, 113, 17129674277888, 17177732578164, 17178276577792, 17130218281095, 17130250280960, 17178308579062, -0.580000
1462840043.377657, 8, 5, 113, 17129674277888, 18103938002903, 18104610002432, 17130346281685, 17130378281472, 18104642003142, -8.380000
1462840043.379602, 8, 6, 113, 17129674277888, 17882788059021, 17883588058624, 17130474279469, 17130506279424, 17883620059346, -0.640000
1462840043.475412, 8, 4, 114, 17136047259136, 17184105535018, 17184649534976, 17136591262689, 17136623262208, 17184681535915, -0.080000
1462840043.477331, 8, 5, 114, 17136047259136, 18110310955210, 18110982955008, 17136719263187, 17136751262720, 18111014955637, -1.000000
1462840043.479337, 8, 6, 114, 17136047259136, 17889161030605, 17889961030144, 17136847260696, 17136879260672, 17889993030939, -0.940000
1462840043.575871, 8, 4, 115, 17142420414976, 17190478666511, 17191022666240, 17142964418281, 17142996418048, 17191054667429, -0.380000
1462840043.677074, 8, 5, 116, 17148791507968, 18123055146259, 18123727145984, 17149463511712, 17149495511552, 18123759146690, -2.770000
1462840043.770895, 8, 2, 117, 17155164421632, 17300025041056, 17300313040896, 17155452424527, 17155484424192, 17300345042055, -2.060000
1462840043.978406, 8, 6, 119, 17167910186496, 17921023909713, 17921823909376, 17168710187956, 17168742187520, 17921855909611, -0.580000
1462840044.076129, 8, 5, 120, 17174283085824, 18148546609123, 18149218608640, 17174955089208, 17174987088896, 18149250609091, -0.740000
1462840044.078076, 8, 6, 120, 17174283085824, 17927396799621, 17928196799488, 17175083087519, 17175115087360, 17928228800020, -1.200000
1462840044.177713, 8, 5, 121, 17180655973888, 18154919468616, 18155591468544, 17181327977711, 17181359977472, 18155623469057, -0.810000
1462840044.275909, 8, 5, 122, 17187028865024, 18161292331150, 18161964331008, 17187700868761, 17187732868608, 18161996331645, -0.730000
1462840044.277708, 8, 6, 122, 17187028865024, 17940142559964, 17940942559744, 17187828866670, 17187860866560, 17940974560362, -1.790000
1462840044.375923, 8, 5, 123, 17193401734656, 18167665172271, 18168337171968, 17194073738221, 17194105737728, 18168369172252, -0.490000
1462840044.377483, 8, 6, 123, 17193401734656, 17946515420301, 17947315420160, 17194201736373, 17194233736192, 17947347420681, -1.910000
1462840044.475404, 8, 5, 124, 17199774617600, 18174038026715, 18174710026240, 17200446620984, 17200478620672, 18174742026687, -0.730000
1462840044.477340, 8, 6, 124, 17199774617600, 17952888293921, 17953688293888, 17200574619413, 17200606619136, 17953720294336, -1.000000
1462840044.575211, 8, 5, 125, 17206147465728, 18180410846394, 18181082846208, 17206819469405, 17206851469312, 18181114846875, -1.070000
1462840044.576947, 8, 6, 125, 17206147465728, 17959261132806, 17960061132800, 17206947467519, 17206979467264, 17960093133205, -0.450000
1462840044.676813, 8, 6, 126, 17212520316928, 17965633974741, 17966433974272, 17213320318116, 17213352317952, 17966465974684, -3.980000
1462840044.972489, 8, 4, 129, 17231638823424, 17279696737854, 17280240737792, 17232182826906, 17232214826496, 17280272738813, -1.190000
1462840044.974295, 8, 5, 129, 17231638823424, 18205902090595, 18206574090240, 17232310827039, 17232342827008, 18206606091069, -2.140000
1462840044.976209, 8, 6, 129, 17231638823424, 17984752453832, 17985552453632, 17232438825067, 17232470824960, 17985584454238, -1.060000
1462840045.072097, 8, 4, 130, 17238011626496, 17286069517114, 17286613516800, 17238555629718, 17238587629568, 17286645518082, -1.160000
1462840045.075443, 8, 5, 130, 17238011626496, 18212274865438, 18212946865152, 17238683630374, 17238715630080, 18212978865920, -1.020000
1462840045.077646, 8, 6, 130, 17238011626496, 17991125247831, 17991925247488, 17238811628041, 17238843628032, 17991957248271, -1.760000
1462840045.173829, 8, 5, 131, 17244384473088, 18218647683713, 18219319683584, 17245056476939, 17245088476672, 18219351684216, -2.070000
1462840045.273703, 8, 5, 132, 17250757246464, 18225020428917, 18225692428800, 17251429250317, 17251461250048, 18225724429447, -1.500000
1462840045.373474, 8, 5, 133, 17257130033152, 18231393187517, 18232065187328, 17257802036928, 17257834036736, 18232097188030, -1.550000
1462840045.473210, 8, 5, 134, 17263502803968, 18237765930294, 18238437929984, 17264174807593, 17264206807552, 18238469930834, -1.660000
1462840045.475059, 8, 6, 134, 17263502803968, 18016616389530, 18017416389120, 17264302805482, 17264334804992, 18017448389499, -1.590000
1462840045.573899, 8, 5, 135, 17269875562496, 18244138660863, 18244810660352, 17270547565924, 17270579565568, 18244842660894, -1.780000
1462840045.574687, 8, 6, 135, 17269875562496, 18022989139310, 18023789138944, 17270675564038, 17270707564032, 18023821139798, -2.090000
1462840045.672721, 8, 5, 136, 17276248315904, 18250511386375, 18251183386112, 17276920319592, 17276952319488, 18251215386919, -1.270000
1462840045.772676, 8, 5, 137, 17282621049344, 18256884091965, 18257556091904, 17283293053207, 17283325052928, 18257588092529, -1.110000
1462840045.774727, 8, 6, 137, 17282621049344, 18035734608735, 18036534608384, 17283421050906, 17283453050880, 18036566609204, -3.170000
1462840045.882651, 8, 5, 138, 17288993781248, 18263256796062, 18263928795648, 17289665784740, 17289697784320, 18263960796120, -1.290000
1462840045.972179, 8, 5, 139, 17295366492160, 18269629479233, 18270301478912, 17296038495721, 17296070495232, 18270333479303, -1.280000
1462840045.974106, 8, 6, 139, 17295366492160, 18048480034295, 18049280033792, 17296166493552, 17296198493184, 18049312034290, -2.460000
1462840046.072564, 8, 5, 140, 17301739205632, 18276002165029, 18276674164736, 17302411209254, 17302443209216, 18276706165610, -1.360000
1462840046.073814, 8, 6, 140, 17301739205632, 18054852739276, 18055652739072, 17302539207293, 17302571207168, 18055684739808, -2.510000
1462840046.171627, 8, 5, 141, 17308111896576, 18282374828372, 18283046828032, 17308783900141, 17308815899648, 18283078828447, -1.250000
1462840046.271518, 8, 5, 142, 17314484574720, 18288747478993, 18289419478528, 17315156578179, 17315188577792, 18289451479049, -1.120000
1462840046.371562, 8, 5, 143, 17320857243136, 18295120119949, 18295792119808, 17321529246902, 17321561246720, 18295824120523, -1.160000
1462840046.471054, 8, 5, 144, 17327229886464, 18301492735843, 18302164735488, 17327901889981, 17327933889536, 18302196735955, -1.260000
1462840046.473015, 8, 6, 144, 17327229886464, 18080343386528, 18081143386112, 17328029887904, 17328061887488, 18081175386571, -1.550000
1462840046.571263, 8, 5, 145, 17333603418624, 18307866240642, 18308538240512, 17334275422377, 17334307422208, 18308570241251, -1.320000
1462840046.572944, 8, 6, 145, 17333603418624, 18086716910521, 18087516910080, 17334403420023, 17334435419648, 18087548910555, -2.030000
1462840046.671077, 8, 5, 146, 17339975177216, 18314237971934, 18314909971456, 17340647180626, 17340679180288, 18314941972022, -1.710000
