1463529624.894880, 1, -3.9697, 1.9285, -0.1794, 0.0369, -0.1361, 0.2895, 0.9467
1463529624.896061, 1, -3.9703, 1.9285, -0.1796, 0.0357, -0.1391, 0.2822, 0.9486
1463529624.896729, 1, -3.9709, 1.9280, -0.1803, 0.0321, -0.1401, 0.2785, 0.9496
1463529624.897651, 1, -3.9711, 1.9277, -0.1809, 0.0263, -0.1438, 0.2743, 0.9505
1463529624.898637, 1, -3.9710, 1.9269, -0.1817, 0.0178, -0.1503, 0.2738, 0.9498
1463529624.899369, 1, -3.9710, 1.9267, -0.1825, 0.0126, -0.1554, 0.2681, 0.9507
1463529624.900629, 1, -3.9706, 1.9265, -0.1830, 0.0081, -0.1644, 0.2627, 0.9507
1463529624.901358, 1, -3.9711, 1.9267, -0.1835, 0.0079, -0.1663, 0.2522, 0.9532
1463529624.902961, 1, -3.9707, 1.9265, -0.1841, 0.0077, -0.1740, 0.2477, 0.9530
1463529624.903640, 1, -3.9700, 1.9263, -0.1846, 0.0091, -0.1829, 0.2441, 0.9523
1463529624.904340, 1, -3.9689, 1.9263, -0.1850, 0.0105, -0.1935, 0.2419, 0.9508
1463529624.905113, 1, -3.9684, 1.9262, -0.1855, 0.0111, -0.1945, 0.2390, 0.9513
1463529624.905795, 1, -3.9671, 1.9261, -0.1858, 0.0096, -0.1931, 0.2371, 0.9521
1463529624.906532, 1, -3.9653, 1.9253, -0.1860, 0.0027, -0.1863, 0.2424, 0.9521
1463529624.907217, 1, -3.9641, 1.9252, -0.1859, -0.0017, -0.1703, 0.2427, 0.9550
1463529624.908391, 1, -3.9627, 1.9242, -0.1862, -0.0084, -0.1549, 0.2505, 0.9556
1463529624.910658, 1, -3.9611, 1.9237, -0.1864, -0.0111, -0.1422, 0.2533, 0.9568
1463529624.911318, 1, -3.9603, 1.9231, -0.1868, -0.0099, -0.1244, 0.2552, 0.9588
1463529624.912039, 1, -3.9591, 1.9229, -0.1872, -0.0086, -0.1199, 0.2554, 0.9593
1463529624.912698, 1, -3.9583, 1.9226, -0.1877, -0.0071, -0.1158, 0.2537, 0.9603
1463529625.202089, 1, -3.9575, 1.9224, -0.1882, -0.0057, -0.1142, 0.2503, 0.9614
1463529625.202705, 1, -3.9566, 1.9223, -0.1888, -0.0051, -0.1162, 0.2456, 0.9624
1463529625.208591, 1, -3.9559, 1.9222, -0.1892, -0.0056, -0.1202, 0.2398, 0.9633
1463529625.208645, 1, -3.9558, 1.9221, -0.1897, -0.0066, -0.1215, 0.2327, 0.9649
1463529625.208673, 1, -3.9553, 1.9221, -0.1900, -0.0078, -0.1258, 0.2270, 0.9657
1463529625.208697, 1, -3.9546, 1.9221, -0.1903, -0.0090, -0.1343, 0.2232, 0.9654
1463529625.208733, 1, -3.9546, 1.9226, -0.1904, -0.0082, -0.1372, 0.2147, 0.9670
1463529625.208850, 1, -3.9543, 1.9225, -0.1907, -0.0094, -0.1423, 0.2110, 0.9670
1463529625.208881, 1, -3.9542, 1.9224, -0.1910, -0.0112, -0.1470, 0.2066, 0.9672
1463529625.208906, 1, -3.9539, 1.9222, -0.1912, -0.0132, -0.1519, 0.2024, 0.9674
1463529625.208931, 1, -3.9537, 1.9218, -0.1914, -0.0143, -0.1565, 0.1988, 0.9674
1463529625.209919, 1, -3.9537, 1.9214, -0.1915, -0.0130, -0.1611, 0.1970, 0.9670
1463529625.210363, 1, -3.9537, 1.9209, -0.1915, -0.0100, -0.1658, 0.1964, 0.9664
1463529625.211039, 1, -3.9537, 1.9203, -0.1916, -0.0052, -0.1705, 0.1974, 0.9654
1463529625.211720, 1, -3.9545, 1.9196, -0.1916, -0.0017, -0.1717, 0.1959, 0.9655
1463529625.212091, 1, -3.9548, 1.9191, -0.1916, 0.0030, -0.1764, 0.1974, 0.9643
1463529625.213369, 1, -3.9550, 1.9186, -0.1917, 0.0099, -0.1812, 0.2008, 0.9627
1463529625.214162, 1, -3.9550, 1.9181, -0.1917, 0.0154, -0.1894, 0.2018, 0.9608
1463529625.214867, 1, -3.9554, 1.9177, -0.1918, 0.0211, -0.1937, 0.2041, 0.9594
1463529625.509393, 1, -3.9561, 1.9173, -0.1921, 0.0298, -0.1983, 0.2088, 0.9572
1463529625.511595, 1, -3.9569, 1.9169, -0.1924, 0.0352, -0.1935, 0.2111, 0.9575
1463529625.512591, 1, -3.9569, 1.9168, -0.1924, 0.0373, -0.1929, 0.2123, 0.9572
1463529625.513226, 1, -3.9569, 1.9167, -0.1924, 0.0394, -0.1932, 0.2133, 0.9569
1463529625.515122, 1, -3.9568, 1.9167, -0.1924, 0.0416, -0.1934, 0.2140, 0.9566
1463529625.515804, 1, -3.9567, 1.9166, -0.1924, 0.0428, -0.1924, 0.2140, 0.9568
1463529625.516467, 1, -3.9566, 1.9165, -0.1924, 0.0419, -0.1892, 0.2127, 0.9577
1463529625.517075, 1, -3.9561, 1.9166, -0.1919, 0.0379, -0.1807, 0.2103, 0.9600
1463529625.517844, 1, -3.9558, 1.9163, -0.1916, 0.0346, -0.1748, 0.2108, 0.9611
1463529625.518456, 1, -3.9554, 1.9154, -0.1912, 0.0308, -0.1645, 0.2197, 0.9611
1463529625.519164, 1, -3.9553, 1.9148, -0.1911, 0.0309, -0.1549, 0.2271, 0.9610
1463529625.519969, 1, -3.9559, 1.9150, -0.1905, 0.0342, -0.1396, 0.2269, 0.9633
1463529625.520587, 1, -3.9555, 1.9145, -0.1901, 0.0397, -0.1317, 0.2360, 0.9620
1463529625.521263, 1, -3.9554, 1.9143, -0.1898, 0.0416, -0.1292, 0.2399, 0.9613
1463529625.522297, 1, -3.9546, 1.9139, -0.1893, 0.0444, -0.1289, 0.2457, 0.9597
1463529625.523050, 1, -3.9542, 1.9135, -0.1891, 0.0464, -0.1282, 0.2487, 0.9589
1463529625.525912, 1, -3.9539, 1.9132, -0.1891, 0.0488, -0.1294, 0.2500, 0.9583
1463529625.525976, 1, -3.9537, 1.9129, -0.1891, 0.0499, -0.1320, 0.2500, 0.9579
1463529625.526007, 1, -3.9538, 1.9128, -0.1892, 0.0497, -0.1355, 0.2493, 0.9576
1463529625.816926, 1, -3.9542, 1.9128, -0.1894, 0.0477, -0.1398, 0.2463, 0.9579
1463529625.817261, 1, -3.9544, 1.9129, -0.1896, 0.0463, -0.1448, 0.2445, 0.9577
1463529625.818120, 1, -3.9546, 1.9132, -0.1900, 0.0447, -0.1500, 0.2426, 0.9574
1463529625.818879, 1, -3.9542, 1.9129, -0.1907, 0.0418, -0.1566, 0.2464, 0.9555
1463529625.819515, 1, -3.9544, 1.9132, -0.1911, 0.0397, -0.1593, 0.2451, 0.9555
1463529625.820236, 1, -3.9546, 1.9143, -0.1912, 0.0375, -0.1573, 0.2401, 0.9572
1463529625.820868, 1, -3.9553, 1.9147, -0.1919, 0.0365, -0.1602, 0.2406, 0.9566
1463529625.821608, 1, -3.9555, 1.9151, -0.1924, 0.0356, -0.1598, 0.2416, 0.9565
1463529625.822360, 1, -3.9558, 1.9156, -0.1929, 0.0342, -0.1582, 0.2428, 0.9565
1463529625.823128, 1, -3.9565, 1.9160, -0.1934, 0.0334, -0.1533, 0.2434, 0.9572
1463529625.823897, 1, -3.9566, 1.9163, -0.1937, 0.0324, -0.1525, 0.2437, 0.9572
1463529625.824544, 1, -3.9566, 1.9166, -0.1940, 0.0313, -0.1509, 0.2433, 0.9576
1463529625.826116, 1, -3.9565, 1.9168, -0.1943, 0.0302, -0.1493, 0.2427, 0.9581
1463529625.827774, 1, -3.9564, 1.9168, -0.1944, 0.0295, -0.1470, 0.2423, 0.9585
1463529625.828478, 1, -3.9563, 1.9167, -0.1945, 0.0293, -0.1438, 0.2418, 0.9592
1463529625.829252, 1, -3.9562, 1.9165, -0.1945, 0.0294, -0.1394, 0.2419, 0.9598
1463529625.829946, 1, -3.9562, 1.9163, -0.1944, 0.0292, -0.1345, 0.2429, 0.9602
1463529625.830772, 1, -3.9561, 1.9161, -0.1942, 0.0298, -0.1296, 0.2452, 0.9603
1463529625.831428, 1, -3.9558, 1.9159, -0.1941, 0.0322, -0.1268, 0.2469, 0.9602
1463529625.832150, 1, -3.9554, 1.9158, -0.1940, 0.0339, -0.1262, 0.2470, 0.9602
1463529626.123819, 1, -3.9550, 1.9158, -0.1940, 0.0336, -0.1267, 0.2462, 0.9603
1463529626.124406, 1, -3.9545, 1.9159, -0.1939, 0.0325, -0.1268, 0.2453, 0.9606
1463529626.125105, 1, -3.9539, 1.9159, -0.1940, 0.0323, -0.1266, 0.2447, 0.9607
1463529626.125903, 1, -3.9533, 1.9161, -0.1940, 0.0326, -0.1267, 0.2445, 0.9608
1463529626.126378, 1, -3.9527, 1.9162, -0.1941, 0.0340, -0.1272, 0.2447, 0.9606
1463529626.127480, 1, -3.9522, 1.9163, -0.1942, 0.0357, -0.1279, 0.2447, 0.9605
1463529626.128017, 1, -3.9515, 1.9164, -0.1942, 0.0381, -0.1292, 0.2444, 0.9603
1463529626.128735, 1, -3.9508, 1.9164, -0.1942, 0.0429, -0.1301, 0.2439, 0.9601
1463529626.130574, 1, -3.9497, 1.9159, -0.1943, 0.0479, -0.1315, 0.2485, 0.9585
1463529626.130831, 1, -3.9489, 1.9159, -0.1943, 0.0537, -0.1315, 0.2476, 0.9584
1463529626.131047, 1, -3.9483, 1.9158, -0.1944, 0.0578, -0.1307, 0.2465, 0.9585
1463529626.131752, 1, -3.9479, 1.9158, -0.1945, 0.0604, -0.1293, 0.2457, 0.9588
1463529626.132545, 1, -3.9476, 1.9157, -0.1946, 0.0610, -0.1277, 0.2448, 0.9592
1463529626.133322, 1, -3.9473, 1.9157, -0.1948, 0.0610, -0.1261, 0.2436, 0.9597
1463529626.133601, 1, -3.9471, 1.9156, -0.1950, 0.0609, -0.1240, 0.2427, 0.9602
1463529626.134816, 1, -3.9468, 1.9155, -0.1952, 0.0611, -0.1212, 0.2427, 0.9606
1463529626.135446, 1, -3.9466, 1.9154, -0.1954, 0.0619, -0.1175, 0.2439, 0.9607
1463529626.136091, 1, -3.9465, 1.9152, -0.1956, 0.0631, -0.1132, 0.2457, 0.9606
1463529626.136818, 1, -3.9464, 1.9151, -0.1958, 0.0640, -0.1089, 0.2481, 0.9605
1463529626.137505, 1, -3.9464, 1.9150, -0.1960, 0.0640, -0.1053, 0.2507, 0.9602
1463529626.738122, 1, -3.9428, 1.9109, -0.1873, 0.0461, -0.0965, 0.2807, 0.9538
1463529626.738700, 1, -3.9420, 1.9111, -0.1861, 0.0454, -0.0927, 0.2781, 0.9550
1463529626.739403, 1, -3.9404, 1.9105, -0.1851, -0.5487, -0.1435, -0.7844, 0.2512
1463529626.740041, 1, -3.9394, 1.9104, -0.1842, -0.5500, -0.1419, -0.7831, 0.2530
1463529626.741390, 1, -3.9381, 1.9097, -0.1834, -0.5535, -0.1403, -0.7783, 0.2611
1463529626.742079, 1, -3.9364, 1.9098, -0.1827, -0.5487, -0.1396, -0.7822, 0.2600
1463529626.742769, 1, -3.9358, 1.9098, -0.1820, -0.5471, -0.1383, -0.7844, 0.2575
1463529626.745368, 1, -3.9349, 1.9098, -0.1814, -0.5455, -0.1365, -0.7866, 0.2551
1463529626.746222, 1, -3.9338, 1.9097, -0.1808, -0.5445, -0.1347, -0.7880, 0.2539
1463529626.746877, 1, -3.9335, 1.9096, -0.1804, -0.5461, -0.1320, -0.7884, 0.2505
1463529626.747495, 1, -3.9328, 1.9096, -0.1800, -0.5443, -0.1306, -0.7905, 0.2487
1463529626.748134, 1, -3.9322, 1.9096, -0.1797, -0.5426, -0.1294, -0.7924, 0.2467
1463529626.748918, 1, -3.9319, 1.9096, -0.1794, -0.5414, -0.1284, -0.7940, 0.2449
1463529626.749573, 1, -3.9316, 1.9097, -0.1792, -0.5406, -0.1277, -0.7952, 0.2433
1463529626.750303, 1, -3.9312, 1.9098, -0.1790, -0.5399, -0.1271, -0.7960, 0.2422
1463529626.750990, 1, -3.9309, 1.9098, -0.1788, -0.5393, -0.1265, -0.7968, 0.2415
1463529626.751697, 1, -3.9307, 1.9098, -0.1788, -0.5387, -0.1258, -0.7977, 0.2403
1463529626.752882, 1, -3.9305, 1.9099, -0.1787, -0.5376, -0.1255, -0.7988, 0.2389
1463529626.753470, 1, -3.9305, 1.9099, -0.1787, -0.5366, -0.1251, -0.8001, 0.2372
1463529626.754083, 1, -3.9306, 1.9099, -0.1787, -0.5360, -0.1248, -0.8010, 0.2357
1463529627.046062, 1, -3.9310, 1.9099, -0.1787, -0.5353, -0.1247, -0.8018, 0.2345
1463529627.048275, 1, -3.9318, 1.9102, -0.1785, -0.5369, -0.1216, -0.8018, 0.2325
1463529627.048986, 1, -3.9323, 1.9101, -0.1786, -0.5368, -0.1213, -0.8022, 0.2317
1463529627.049643, 1, -3.9328, 1.9103, -0.1790, -0.5342, -0.1227, -0.8054, 0.2255
1463529627.050404, 1, -3.9336, 1.9104, -0.1790, -0.5357, -0.1207, -0.8050, 0.2247
1463529627.051007, 1, -3.9341, 1.9102, -0.1793, -0.5352, -0.1230, -0.8051, 0.2240
1463529627.051810, 1, -3.9348, 1.9101, -0.1794, -0.5357, -0.1234, -0.8048, 0.2239
1463529627.052540, 1, -3.9357, 1.9101, -0.1796, -0.5351, -0.1235, -0.8049, 0.2250
1463529627.053268, 1, -3.9367, 1.9095, -0.1797, -0.5343, -0.1251, -0.8031, 0.2323
1463529627.054146, 1, -3.9378, 1.9096, -0.1799, -0.5330, -0.1251, -0.8043, 0.2308
1463529627.054850, 1, -3.9386, 1.9101, -0.1804, -0.5308, -0.1244, -0.8079, 0.2239
1463529627.055524, 1, -3.9396, 1.9097, -0.1804, -0.5296, -0.1260, -0.8070, 0.2291
1463529627.056209, 1, -3.9406, 1.9098, -0.1808, -0.5277, -0.1263, -0.8083, 0.2285
1463529627.056986, 1, -3.9416, 1.9104, -0.1808, -0.5285, -0.1223, -0.8093, 0.2252
1463529627.057702, 1, -3.9425, 1.9113, -0.1814, -0.5263, -0.1202, -0.8141, 0.2140
1463529627.058501, 1, -3.9429, 1.9114, -0.1819, -0.5241, -0.1206, -0.8159, 0.2126
1463529627.059241, 1, -3.9430, 1.9108, -0.1822, -0.5230, -0.1230, -0.8133, 0.2236
1463529627.059955, 1, -3.9439, 1.9114, -0.1823, -0.5250, -0.1189, -0.8132, 0.2211
1463529627.060659, 1, -3.9444, 1.9119, -0.1829, -0.5239, -0.1180, -0.8147, 0.2186
1463529627.061473, 1, -3.9450, 1.9122, -0.1833, -0.5245, -0.1171, -0.8145, 0.2186
1463529627.352577, 1, -3.9456, 1.9126, -0.1838, -0.5251, -0.1164, -0.8141, 0.2191
1463529627.353219, 1, -3.9460, 1.9130, -0.1844, -0.5220, -0.1163, -0.8155, 0.2210
1463529627.353988, 1, -3.9470, 1.9130, -0.1854, -0.5178, -0.1200, -0.8170, 0.2235
1463529627.354821, 1, -3.9489, 1.9136, -0.1864, -0.5206, -0.1175, -0.8163, 0.2210
1463529627.355424, 1, -3.9507, 1.9144, -0.1873, -0.5201, -0.1116, -0.8181, 0.2186
1463529627.356390, 1, -3.9522, 1.9152, -0.1886, -0.5128, -0.1167, -0.8225, 0.2167
1463529627.357344, 1, -3.9551, 1.9165, -0.1898, -0.5149, -0.1120, -0.8232, 0.2114
1463529627.358083, 1, -3.9577, 1.9176, -0.1916, -0.5116, -0.1124, -0.8258, 0.2091
1463529627.358856, 1, -3.9606, 1.9187, -0.1935, -0.5084, -0.1137, -0.8281, 0.2068
1463529627.359713, 1, -3.9636, 1.9202, -0.1954, -0.5026, -0.1168, -0.8317, 0.2049
1463529627.360917, 1, -3.9675, 1.9210, -0.1979, -0.5017, -0.1224, -0.8313, 0.2056
1463529627.361593, 1, -3.9722, 1.9228, -0.1998, -0.5033, -0.1217, -0.8312, 0.2026
1463529627.362251, 1, -3.9759, 1.9237, -0.2023, -0.4978, -0.1297, -0.8324, 0.2062
1463529627.363238, 1, -3.9812, 1.9253, -0.2046, -0.5041, -0.1286, -0.8291, 0.2048
1463529627.363969, 1, -3.9856, 1.9264, -0.2069, -0.5027, -0.1313, -0.8288, 0.2077
1463529627.364783, 1, -3.9916, 1.9275, -0.2096, -0.5073, -0.1332, -0.8252, 0.2096
1463529627.365439, 1, -3.9970, 1.9281, -0.2123, -0.5082, -0.1382, -0.8225, 0.2149
1463529627.366073, 1, -4.0038, 1.9295, -0.2146, -0.5122, -0.1368, -0.8198, 0.2165
1463529627.366780, 1, -4.0105, 1.9304, -0.2172, -0.5137, -0.1379, -0.8173, 0.2218
1463529627.367422, 1, -4.0170, 1.9310, -0.2200, -0.5078, -0.1434, -0.8183, 0.2279
1463529627.659826, 1, -4.0248, 1.9322, -0.2224, -0.5096, -0.1410, -0.8180, 0.2267
1463529627.660419, 1, -4.0327, 1.9330, -0.2252, -0.5121, -0.1411, -0.8158, 0.2288
1463529627.661118, 1, -4.0407, 1.9338, -0.2280, -0.5108, -0.1420, -0.8157, 0.2315
1463529627.662329, 1, -4.0491, 1.9345, -0.2307, -0.5101, -0.1434, -0.8152, 0.2338
1463529627.663031, 1, -4.0575, 1.9351, -0.2334, -0.5082, -0.1456, -0.8150, 0.2373
1463529627.663977, 1, -4.0688, 1.9356, -0.2354, -0.5175, -0.1437, -0.8062, 0.2480
1463529627.664762, 1, -4.0769, 1.9359, -0.2378, -0.5184, -0.1447, -0.8047, 0.2506
1463529627.665368, 1, -4.0857, 1.9369, -0.2408, 0.0429, -0.1293, 0.2746, 0.9519
1463529627.666095, 1, -4.0895, 1.9346, -0.2437, -0.5068, -0.1612, -0.8054, 0.2615
1463529627.666790, 1, -4.1019, 1.9358, -0.2454, -0.5235, -0.1456, -0.7984, 0.2593
1463529627.667544, 1, -4.1110, 1.9365, -0.2483, 0.0497, -0.1202, 0.2816, 0.9507
1463529627.668232, 1, -4.1194, 1.9361, -0.2510, 0.0522, -0.1178, 0.2834, 0.9503
1463529627.668910, 1, -4.1234, 1.9345, -0.2541, 0.0475, -0.1230, 0.2951, 0.9463
1463529627.669737, 1, -4.1358, 1.9342, -0.2562, -0.5326, -0.1407, -0.7887, 0.2728
1463529627.670311, 1, -4.1485, 1.9346, -0.2604, 0.0575, -0.1163, 0.2980, 0.9457
1463529627.671174, 1, -4.1599, 1.9344, -0.2637, -0.5270, -0.1379, -0.7951, 0.2667
1463529627.671858, 1, -4.1680, 1.9338, -0.2671, 0.0610, -0.1131, 0.2908, 0.9481
1463529627.672618, 1, -4.1788, 1.9338, -0.2710, -0.5279, -0.1355, -0.7949, 0.2666
1463529627.673341, 1, -4.1842, 1.9326, -0.2746, 0.0676, -0.1088, 0.2879, 0.9490
1463529627.674115, 1, -4.1919, 1.9319, -0.2787, -0.5345, -0.1251, -0.7909, 0.2703
1463529627.966944, 1, -4.1995, 1.9312, -0.2833, 0.0728, -0.1029, 0.2825, 0.9509
1463529627.970819, 1, -4.2150, 1.9298, -0.2933, 0.0797, -0.0915, 0.2744, 0.9539
1463529627.973338, 1, -4.2238, 1.9288, -0.2991, -0.5497, -0.1073, -0.7840, 0.2676
1463529627.974220, 1, -4.2325, 1.9280, -0.3052, 0.0852, -0.0865, 0.2680, 0.9557
1463529627.974870, 1, -4.2411, 1.9271, -0.3114, -0.5566, -0.0979, -0.7808, 0.2664
1463529627.975488, 1, -4.2531, 1.9266, -0.3183, 0.0909, -0.0800, 0.2597, 0.9581
1463529627.976326, 1, -4.2606, 1.9254, -0.3251, -0.5640, -0.0909, -0.7765, 0.2659
1463529627.977033, 1, -4.2687, 1.9243, -0.3326, 0.0921, -0.0697, 0.2591, 0.9589
1463529627.977792, 1, -4.2809, 1.9241, -0.3398, -0.5703, -0.0890, -0.7720, 0.2664
1463529627.978586, 1, -4.2934, 1.9240, -0.3477, 0.0947, -0.0644, 0.2569, 0.9596
1463529627.979236, 1, -4.3019, 1.9234, -0.3552, -0.5744, -0.0897, -0.7692, 0.2653
1463529627.979939, 1, -4.3110, 1.9230, -0.3632, 0.0916, -0.0602, 0.2585, 0.9598
1463529627.980699, 1, -4.3232, 1.9233, -0.3707, -0.5749, -0.0897, -0.7686, 0.2659
1463529627.981413, 1, -4.3366, 1.9240, -0.3788, 0.0956, -0.0617, 0.2565, 0.9598
1463529627.982136, 1, -4.3454, 1.9241, -0.3867, -0.5753, -0.0853, -0.7684, 0.2669
1463529627.982901, 1, -4.3558, 1.9249, -0.3949, 0.0985, -0.0616, 0.2566, 0.9595
1463529627.983620, 1, -4.3642, 1.9253, -0.4031, 0.5718, 0.0887, 0.7738, -0.2578
1463529627.984282, 1, -4.3769, 1.9275, -0.4115, -0.0966, 0.0623, -0.2547, -0.9602
1463529627.984906, 1, -4.3892, 1.9295, -0.4194, 0.5745, 0.0840, 0.7703, -0.2638
1463529628.274147, 1, -4.3991, 1.9313, -0.4277, -0.0940, 0.0602, -0.2537, -0.9608
1463529628.274819, 1, -4.4116, 1.9336, -0.4353, 0.5796, 0.0854, 0.7663, -0.2636
1463529628.275564, 1, -4.4238, 1.9358, -0.4429, -0.0972, 0.0512, -0.2573, -0.9601
1463529628.276344, 1, -4.4320, 1.9371, -0.4504, 0.5842, 0.0906, 0.7624, -0.2632
1463529628.277007, 1, -4.4187, 1.9340, -0.4583, 0.1003, -0.0419, 0.2682, 0.9572
1463529628.278211, 1, -4.4246, 1.9349, -0.4656, -0.5883, -0.0966, -0.7555, 0.2717
1463529628.278865, 1, -4.4409, 1.9380, -0.4724, 0.1011, -0.0344, 0.2679, 0.9575
1463529628.279524, 1, -4.4630, 1.9421, -0.4783, -0.6002, -0.0907, -0.7470, 0.2714
1463529628.280259, 1, -4.4900, 1.9472, -0.4846, 0.1064, -0.0191, 0.2619, 0.9590
1463529628.280923, 1, -4.4923, 1.9474, -0.4917, -0.6077, -0.0764, -0.7431, 0.2696
1463529628.281854, 1, -4.4981, 1.9472, -0.4970, -0.1122, 0.0052, -0.2743, -0.9551
1463529628.282638, 1, -4.5071, 1.9467, -0.5040, -0.6136, -0.0810, -0.7379, 0.2692
1463529628.284163, 1, -4.5211, 1.9482, -0.5089, -0.1141, -0.0063, -0.2672, -0.9568
1463529628.284892, 1, -4.5334, 1.9493, -0.5146, 0.6248, 0.0837, 0.7202, -0.2897
1463529628.285618, 1, -4.5452, 1.9497, -0.5196, 0.1223, 0.0234, 0.2785, 0.9523
1463529628.286265, 1, -4.5569, 1.9500, -0.5252, -0.6363, -0.0801, -0.7073, 0.2975
1463529628.287006, 1, -4.5698, 1.9501, -0.5296, 0.1221, 0.0406, 0.2751, 0.9528
1463529628.287760, 1, -4.5825, 1.9496, -0.5342, -0.6511, -0.0831, -0.6943, 0.2951
1463529628.288432, 1, -4.5956, 1.9502, -0.5389, -0.1296, -0.0520, -0.2779, -0.9504
1463529628.289170, 1, -4.6092, 1.9501, -0.5434, -0.6524, -0.0866, -0.6938, 0.2925
1463529628.581713, 1, -4.6222, 1.9500, -0.5474, -0.1260, -0.0580, -0.2813, -0.9495
1463529628.582387, 1, -4.6351, 1.9489, -0.5514, 0.6611, 0.0863, 0.6772, -0.3113
1463529628.584480, 1, -4.6490, 1.9488, -0.5551, -0.1236, -0.0673, -0.2881, -0.9472
1463529628.585137, 1, -4.6630, 1.9474, -0.5581, 0.6650, 0.0974, 0.6740, -0.3065
1463529628.585868, 1, -4.6768, 1.9464, -0.5615, -0.1206, -0.0733, -0.2918, -0.9460
1463529628.586639, 1, -4.6901, 1.9443, -0.5645, 0.6670, 0.0957, 0.6685, -0.3147
1463529628.587313, 1, -4.7044, 1.9431, -0.5677, -0.1195, -0.0693, -0.2991, -0.9442
1463529628.588012, 1, -4.7181, 1.9414, -0.5704, 0.6623, 0.0965, 0.6743, -0.3121
1463529628.588683, 1, -4.7319, 1.9396, -0.5730, -0.1182, -0.0655, -0.2999, -0.9444
1463529628.589349, 1, -4.7454, 1.9378, -0.5748, 0.6606, 0.1042, 0.6747, -0.3123
1463529628.590080, 1, -4.7589, 1.9358, -0.5773, -0.1191, -0.0684, -0.2966, -0.9451
1463529628.591406, 1, -4.7723, 1.9334, -0.5795, 0.6628, 0.0974, 0.6738, -0.3117
1463529628.592214, 1, -4.7858, 1.9312, -0.5814, -0.1185, -0.0709, -0.3014, -0.9434
1463529628.592898, 1, -4.7993, 1.9290, -0.5832, 0.6653, 0.0976, 0.6705, -0.3135
1463529628.593589, 1, -4.8124, 1.9269, -0.5850, -0.1156, -0.0727, -0.3008, -0.9439
1463529628.594262, 1, -4.8262, 1.9250, -0.5861, 0.6678, 0.0968, 0.6677, -0.3144
1463529628.594955, 1, -4.8398, 1.9236, -0.5874, -0.1124, -0.0748, -0.3042, -0.9430
1463529628.595687, 1, -4.8531, 1.9217, -0.5881, 0.6706, 0.0970, 0.6648, -0.3145
1463529628.596285, 1, -4.8670, 1.9209, -0.5887, -0.1129, -0.0789, -0.3051, -0.9423
1463529628.596920, 1, -4.8796, 1.9195, -0.5892, 0.6735, 0.0979, 0.6616, -0.3149
1463529628.888584, 1, -4.8935, 1.9190, -0.5894, -0.1194, -0.0828, -0.3001, -0.9428
1463529628.889123, 1, -4.9052, 1.9186, -0.5899, 0.6729, 0.1001, 0.6617, -0.3152
1463529628.889967, 1, -4.9183, 1.9186, -0.5898, -0.1210, -0.0818, -0.3013, -0.9423
1463529628.890674, 1, -4.9290, 1.9188, -0.5904, 0.6723, 0.0990, 0.6618, -0.3165
1463529628.891459, 1, -4.9411, 1.9195, -0.5904, -0.1231, -0.0839, -0.2996, -0.9424
1463529628.892472, 1, -4.9359, 1.9153, -0.5931, 0.6753, 0.1000, 0.6604, -0.3128
1463529628.892766, 1, -4.9505, 1.9176, -0.5930, -0.1276, -0.0934, -0.3005, -0.9406
1463529628.894003, 1, -4.9571, 1.9175, -0.5941, 0.6816, 0.0934, 0.6517, -0.3194
1463529628.894900, 1, -4.9718, 1.9200, -0.5944, -0.1356, -0.0998, -0.3027, -0.9381
1463529628.896070, 1, -4.9799, 1.9203, -0.5958, 0.6810, 0.0910, 0.6507, -0.3233
1463529628.896816, 1, -4.9953, 1.9230, -0.5966, -0.1350, -0.0948, -0.3025, -0.9388
1463529628.897446, 1, -5.0033, 1.9231, -0.5986, 0.6777, 0.0936, 0.6550, -0.3208
1463529628.898144, 1, -5.0184, 1.9254, -0.5999, -0.1324, -0.0945, -0.3038, -0.9388
1463529628.898806, 1, -5.0258, 1.9249, -0.6024, 0.6814, 0.0962, 0.6491, -0.3243
1463529628.899405, 1, -5.0403, 1.9266, -0.6042, -0.1342, -0.1044, -0.3106, -0.9352
1463529628.900112, 1, -5.0490, 1.9264, -0.6071, 0.6857, 0.0981, 0.6410, -0.3306
1463529628.900678, 1, -5.0644, 1.9284, -0.6093, -0.1360, -0.1090, -0.3139, -0.9333
1463529628.901393, 1, -5.0738, 1.9286, -0.6127, 0.6863, 0.0987, 0.6400, -0.3312
1463529628.902020, 1, -5.0896, 1.9310, -0.6154, -0.1344, -0.1083, -0.3140, -0.9336
1463529628.902618, 1, -5.0989, 1.9312, -0.6192, 0.6854, 0.1006, 0.6408, -0.3310
1463529629.195785, 1, -5.1153, 1.9341, -0.6222, -0.1332, -0.1067, -0.3139, -0.9340
1463529629.196578, 1, -5.1245, 1.9345, -0.6266, 0.6841, 0.1024, 0.6426, -0.3295
1463529629.197185, 1, -5.1406, 1.9374, -0.6299, -0.1288, -0.1052, -0.3155, -0.9342
1463529629.197900, 1, -5.1499, 1.9380, -0.6345, 0.6841, 0.1072, 0.6426, -0.3281
1463529629.198636, 1, -5.1666, 1.9411, -0.6379, -0.1244, -0.1061, -0.3166, -0.9344
1463529629.199285, 1, -5.1745, 1.9412, -0.6429, 0.6853, 0.1111, 0.6414, -0.3265
1463529629.199863, 1, -5.1895, 1.9438, -0.6467, -0.1203, -0.1096, -0.3185, -0.9338
1463529629.200448, 1, -5.1975, 1.9438, -0.6517, 0.6896, 0.1146, 0.6370, -0.3248
1463529629.201133, 1, -5.2116, 1.9459, -0.6554, -0.1186, -0.1187, -0.3199, -0.9325
1463529629.201899, 1, -5.2197, 1.9456, -0.6602, 0.6955, 0.1158, 0.6295, -0.3266
1463529629.202879, 1, -5.2342, 1.9475, -0.6636, -0.1185, -0.1249, -0.3201, -0.9316
1463529629.204671, 1, -5.2419, 1.9468, -0.6685, 0.6978, 0.1169, 0.6277, -0.3248
1463529629.204906, 1, -5.2560, 1.9484, -0.6718, -0.1148, -0.1267, -0.3173, -0.9328
1463529629.205020, 1, -5.2628, 1.9472, -0.6766, 0.7017, 0.1167, 0.6260, -0.3197
1463529629.205481, 1, -5.2766, 1.9487, -0.6794, -0.1144, -0.1346, -0.3147, -0.9326
1463529629.209372, 1, -5.2835, 1.9476, -0.6835, 0.7086, 0.1141, 0.6185, -0.3199
1463529629.209665, 1, -5.2963, 1.9490, -0.6857, -0.1186, -0.1455, -0.3138, -0.9307
1463529629.209959, 1, -5.3025, 1.9480, -0.6891, 0.7148, 0.1090, 0.6106, -0.3231
1463529629.210318, 1, -5.3157, 1.9503, -0.6903, -0.1243, -0.1514, -0.3107, -0.9301
1463529629.212162, 1, -5.3223, 1.9503, -0.6929, 0.7168, 0.1016, 0.6100, -0.3222
1463529629.503007, 1, -5.3344, 1.9527, -0.6936, -0.1281, -0.1513, -0.3047, -0.9316
1463529629.503820, 1, -5.3405, 1.9532, -0.6955, 0.7185, 0.0959, 0.6108, -0.3186
1463529629.504408, 1, -5.3530, 1.9565, -0.6952, -0.1298, -0.1553, -0.2996, -0.9324
1463529629.505359, 1, -5.3584, 1.9572, -0.6963, 0.7240, 0.0913, 0.6046, -0.3193
1463529629.506032, 1, -5.3694, 1.9606, -0.6956, -0.1362, -0.1662, -0.2984, -0.9299
1463529629.506717, 1, -5.3745, 1.9620, -0.6960, 0.7315, 0.0840, 0.5945, -0.3230
1463529629.508359, 1, -5.3850, 1.9660, -0.6947, -0.1433, -0.1784, -0.2960, -0.9274
1463529629.508955, 1, -5.3903, 1.9682, -0.6947, 0.7394, 0.0774, 0.5854, -0.3235
1463529629.509675, 1, -5.4007, 1.9725, -0.6931, -0.1468, -0.1907, -0.2925, -0.9255
1463529629.510266, 1, -5.4068, 1.9751, -0.6925, 0.7485, 0.0741, 0.5746, -0.3226
1463529629.510876, 1, -5.4168, 1.9793, -0.6908, -0.1476, -0.2072, -0.2926, -0.9218
1463529629.511574, 1, -5.4234, 1.9820, -0.6900, 0.7592, 0.0741, 0.5589, -0.3251
1463529629.512217, 1, -5.4338, 1.9860, -0.6882, -0.1510, -0.2239, -0.2956, -0.9164
1463529629.512837, 1, -5.4416, 1.9889, -0.6871, 0.7661, 0.0725, 0.5469, -0.3297
1463529629.513206, 1, -5.4529, 1.9932, -0.6851, -0.1524, -0.2312, -0.2962, -0.9141
1463529629.514231, 1, -5.4619, 1.9963, -0.6838, 0.7671, 0.0768, 0.5451, -0.3294
1463529629.514848, 1, -5.4739, 2.0004, -0.6817, -0.1461, -0.2300, -0.3023, -0.9134
1463529629.515624, 1, -5.4837, 2.0034, -0.6802, 0.7643, 0.0870, 0.5463, -0.3315
1463529629.516258, 1, -5.4962, 2.0072, -0.6780, -0.1399, -0.2260, -0.3118, -0.9122
1463529629.517020, 1, -5.5059, 2.0095, -0.6765, 0.7597, 0.0975, 0.5479, -0.3363
1463529629.809621, 1, -5.5179, 2.0125, -0.6742, -0.1365, -0.2223, -0.3228, -0.9098
1463529629.811151, 1, -5.5271, 2.0141, -0.6728, 0.7567, 0.1056, 0.5448, -0.3457
1463529629.811824, 1, -5.5390, 2.0167, -0.6707, -0.1364, -0.2238, -0.3354, -0.9049
1463529629.812362, 1, -5.5478, 2.0181, -0.6693, 0.7557, 0.1139, 0.5401, -0.3523
1463529629.813106, 1, -5.5593, 2.0206, -0.6671, -0.1291, -0.2258, -0.3407, -0.9035
1463529629.813755, 1, -5.5674, 2.0216, -0.6654, 0.7578, 0.1239, 0.5379, -0.3479
1463529629.814451, 1, -5.5784, 2.0239, -0.6626, -0.1198, -0.2303, -0.3410, -0.9035
1463529629.815094, 1, -5.5863, 2.0250, -0.6602, 0.7614, 0.1273, 0.5339, -0.3449
1463529629.815818, 1, -5.5965, 2.0273, -0.6570, -0.1182, -0.2339, -0.3419, -0.9025
1463529629.816434, 1, -5.6042, 2.0287, -0.6542, 0.7606, 0.1301, 0.5344, -0.3449
1463529629.817178, 1, -5.6146, 2.0318, -0.6505, -0.1123, -0.2280, -0.3431, -0.9042
1463529629.817702, 1, -5.6213, 2.0334, -0.6476, 0.7567, 0.1372, 0.5401, -0.3420
1463529629.820548, 1, -5.6308, 2.0366, -0.6437, -0.1064, -0.2239, -0.3458, -0.9050
1463529629.820830, 1, -5.6377, 2.0385, -0.6404, 0.7557, 0.1424, 0.5408, -0.3409
1463529629.821430, 1, -5.6472, 2.0417, -0.6361, -0.1027, -0.2252, -0.3497, -0.9036
1463529629.822118, 1, -5.6538, 2.0437, -0.6325, 0.7562, 0.1456, 0.5385, -0.3422
1463529629.822706, 1, -5.6631, 2.0469, -0.6280, -0.1002, -0.2242, -0.3514, -0.9034
1463529629.823367, 1, -5.6694, 2.0490, -0.6242, 0.7535, 0.1489, 0.5427, -0.3400
1463529629.824005, 1, -5.6785, 2.0526, -0.6195, -0.0971, -0.2174, -0.3492, -0.9063
1463529629.824563, 1, -5.6839, 2.0546, -0.6158, 0.7509, 0.1485, 0.5474, -0.3384
1463529630.117442, 1, -5.6926, 2.0584, -0.6114, -0.0982, -0.2152, -0.3482, -0.9071
1463529630.117632, 1, -5.6980, 2.0607, -0.6078, 0.7515, 0.1436, 0.5467, -0.3403
1463529630.118583, 1, -5.7061, 2.0644, -0.6039, -0.1063, -0.2177, -0.3481, -0.9056
1463529630.119145, 1, -5.7117, 2.0671, -0.6008, 0.7520, 0.1372, 0.5439, -0.3461
1463529630.119832, 1, -5.7202, 2.0712, -0.5974, -0.1121, -0.2171, -0.3477, -0.9052
1463529630.120507, 1, -5.7269, 2.0746, -0.5949, 0.7497, 0.1362, 0.5483, -0.3445
1463529630.121120, 1, -5.7361, 2.0792, -0.5921, -0.1065, -0.2118, -0.3455, -0.9080
1463529630.121850, 1, -5.7427, 2.0827, -0.5901, 0.7486, 0.1412, 0.5523, -0.3387
1463529630.122468, 1, -5.7521, 2.0875, -0.5877, -0.0989, -0.2094, -0.3451, -0.9095
1463529630.123252, 1, -5.7590, 2.0910, -0.5859, 0.7469, 0.1489, 0.5538, -0.3365
1463529630.123900, 1, -5.7686, 2.0960, -0.5835, -0.0918, -0.2062, -0.3498, -0.9092
1463529630.124606, 1, -5.7753, 2.0995, -0.5819, 0.7434, 0.1561, 0.5574, -0.3349
1463529630.125825, 1, -5.7846, 2.1042, -0.5795, -0.0860, -0.2007, -0.3546, -0.9092
1463529630.127001, 1, -5.7908, 2.1073, -0.5778, 0.7392, 0.1648, 0.5602, -0.3356
1463529630.128087, 1, -5.8005, 2.1119, -0.5750, -0.0790, -0.1977, -0.3560, -0.9099
1463529630.128964, 1, -5.8063, 2.1146, -0.5730, 0.7397, 0.1689, 0.5594, -0.3337
1463529630.129084, 1, -5.8164, 2.1192, -0.5701, -0.0758, -0.1985, -0.3557, -0.9101
1463529630.130802, 1, -5.8223, 2.1215, -0.5679, 0.7389, 0.1700, 0.5611, -0.3320
1463529630.132115, 1, -5.8312, 2.1253, -0.5650, -0.0758, -0.1949, -0.3545, -0.9114
1463529630.132672, 1, -5.8373, 2.1276, -0.5628, 0.7369, 0.1691, 0.5661, -0.3284
1463529630.424650, 1, -5.8453, 2.1305, -0.5599, -0.0752, -0.1937, -0.3588, -0.9100
1463529630.426320, 1, -5.8508, 2.1322, -0.5576, 0.7353, 0.1757, 0.5603, -0.3384
1463529630.426435, 1, -5.8548, 2.1338, -0.5551, 0.0862, 0.2033, 0.3717, 0.9017
1463529630.428226, 1, -5.8667, 2.1393, -0.5518, 0.7371, 0.1652, 0.5712, -0.3212
1463529630.429388, 1, -5.8683, 2.1378, -0.5488, 0.0853, 0.2003, 0.3854, 0.8967
1463529630.430014, 1, -5.8802, 2.1432, -0.5451, 0.7297, 0.1726, 0.5771, -0.3234
