1463529517.678714, 1, -4.5314, 1.3630, -0.6775, 0.4565, -0.1055, -0.2543, -0.8460
1463529517.679889, 1, -4.5247, 1.3593, -0.6610, 0.4481, -0.0956, -0.2467, -0.8540
1463529517.680579, 1, -4.5180, 1.3555, -0.6452, 0.4487, -0.0879, -0.2438, -0.8553
1463529517.681330, 1, -4.5105, 1.3518, -0.6294, 0.4453, -0.0756, -0.2428, -0.8585
1463529517.682413, 1, -4.5026, 1.3479, -0.6141, 0.4365, -0.0713, -0.2474, -0.8621
1463529517.683122, 1, -4.4946, 1.3443, -0.5987, 0.4318, -0.0593, -0.2531, -0.8637
1463529517.683823, 1, -4.4849, 1.3408, -0.5849, 0.4206, -0.0487, -0.2692, -0.8650
1463529517.684345, 1, -4.4745, 1.3377, -0.5718, 0.4100, -0.0374, -0.2900, -0.8640
1463529517.685002, 1, -4.4644, 1.3345, -0.5587, 0.4047, -0.0263, -0.3064, -0.8612
1463529517.685754, 1, -4.4533, 1.3321, -0.5464, 0.4085, -0.0128, -0.3243, -0.8531
1463529517.686490, 1, -4.4417, 1.3295, -0.5344, 0.4139, 0.0016, -0.3390, -0.8449
1463529517.687045, 1, -4.4303, 1.3277, -0.5225, 0.4209, 0.0131, -0.3435, -0.8395
1463529517.687864, 1, -4.4169, 1.3251, -0.5115, 0.4193, 0.0225, -0.3489, -0.8378
1463529517.688441, 1, -4.4033, 1.3229, -0.5007, 0.4111, 0.0252, -0.3489, -0.8418
1463529517.689106, 1, -4.3886, 1.3206, -0.4908, 0.3948, 0.0266, -0.3516, -0.8484
1463529517.689809, 1, -4.3735, 1.3192, -0.4818, 0.3782, 0.0221, -0.3515, -0.8561
1463529517.690442, 1, -4.3578, 1.3178, -0.4725, 0.3635, 0.0212, -0.3495, -0.8633
1463529517.691119, 1, -4.3414, 1.3161, -0.4645, 0.5534, 0.4838, 0.6770, -0.0367
1463529517.691802, 1, -4.3254, 1.3144, -0.4572, -0.3403, -0.0215, 0.3472, 0.8736
1463529517.692550, 1, -4.3064, 1.3132, -0.4503, -0.5707, -0.4570, -0.6800, 0.0554
1463529517.987237, 1, -4.2885, 1.3121, -0.4445, -0.5780, -0.4458, -0.6814, 0.0543
1463529517.987582, 1, -4.2708, 1.3115, -0.4394, -0.5935, -0.4346, -0.6752, 0.0547
1463529517.988717, 1, -4.2527, 1.3115, -0.4344, -0.6033, -0.4307, -0.6686, 0.0586
1463529517.989528, 1, -4.2347, 1.3119, -0.4308, -0.6138, -0.4282, -0.6605, 0.0606
1463529517.990540, 1, -4.2170, 1.3129, -0.4272, -0.6247, -0.4266, -0.6509, 0.0648
1463529517.990909, 1, -4.2000, 1.3148, -0.4243, -0.2862, 0.0673, 0.3195, 0.9008
1463529517.991609, 1, -4.1816, 1.3154, -0.4214, -0.6507, -0.4153, -0.6304, 0.0815
1463529517.992345, 1, -4.1649, 1.3174, -0.4189, 0.2559, -0.1048, -0.3247, -0.9045
1463529517.993184, 1, -4.1466, 1.3181, -0.4162, 0.2304, -0.1286, -0.3260, -0.9078
1463529517.993770, 1, -4.1277, 1.3195, -0.4130, 0.2062, -0.1529, -0.3201, -0.9120
1463529517.994484, 1, -4.1114, 1.3206, -0.4098, 0.1902, -0.1701, -0.3040, -0.9179
1463529517.995100, 1, -4.0931, 1.3214, -0.4073, 0.7421, 0.3133, 0.5821, -0.1103
1463529517.995806, 1, -4.0760, 1.3221, -0.4048, 0.7573, 0.2875, 0.5762, -0.1089
1463529517.996372, 1, -4.0596, 1.3225, -0.4023, 0.1409, -0.2150, -0.2535, -0.9326
1463529517.997218, 1, -4.0410, 1.3221, -0.3999, 0.1238, -0.2312, -0.2491, -0.9323
1463529517.997956, 1, -4.0233, 1.3219, -0.3977, 0.1190, -0.2421, -0.2451, -0.9312
1463529517.998619, 1, -4.0052, 1.3215, -0.3946, 0.1154, -0.2492, -0.2512, -0.9282
1463529517.999302, 1, -3.9872, 1.3210, -0.3916, 0.1186, -0.2539, -0.2558, -0.9252
1463529518.000241, 1, -3.9692, 1.3209, -0.3882, 0.1264, -0.2512, -0.2567, -0.9247
1463529518.000879, 1, -3.9514, 1.3206, -0.3842, 0.1323, -0.2488, -0.2612, -0.9233
1463529518.293811, 1, -3.9340, 1.3211, -0.3794, 0.1398, -0.2461, -0.2611, -0.9229
1463529518.295314, 1, -3.9166, 1.3217, -0.3755, 0.1456, -0.2372, -0.2623, -0.9240
1463529518.295969, 1, -3.9000, 1.3228, -0.3706, 0.1464, -0.2322, -0.2617, -0.9253
1463529518.296586, 1, -3.8827, 1.3244, -0.3646, 0.1384, -0.2255, -0.2587, -0.9290
1463529518.297215, 1, -3.8665, 1.3262, -0.3593, 0.1265, -0.2201, -0.2477, -0.9350
1463529518.298170, 1, -3.8502, 1.3284, -0.3526, 0.1084, -0.2179, -0.2345, -0.9412
1463529518.298887, 1, -3.8340, 1.3302, -0.3462, 0.0818, -0.2138, -0.2234, -0.9475
1463529518.299494, 1, -3.8177, 1.3313, -0.3392, 0.7814, 0.1672, 0.5848, -0.1396
1463529518.300166, 1, -3.8021, 1.3326, -0.3332, 0.7803, 0.1333, 0.5873, -0.1686
1463529518.300897, 1, -3.7856, 1.3354, -0.3269, 0.7770, 0.1093, 0.5847, -0.2060
1463529518.301596, 1, -3.7699, 1.3390, -0.3206, 0.7697, 0.0996, 0.5797, -0.2481
1463529518.302216, 1, -3.7552, 1.3435, -0.3132, 0.7609, 0.1029, 0.5850, -0.2613
1463529518.302871, 1, -3.7407, 1.3477, -0.3057, 0.7515, 0.1143, 0.5959, -0.2592
1463529518.303528, 1, -3.7264, 1.3522, -0.2976, 0.7435, 0.1283, 0.6083, -0.2464
1463529518.304250, 1, -3.7127, 1.3562, -0.2902, 0.7318, 0.1396, 0.6262, -0.2301
1463529518.304903, 1, -3.7002, 1.3607, -0.2834, -0.0158, -0.1276, -0.2505, -0.9595
1463529518.305574, 1, -3.6866, 1.3644, -0.2766, -0.0021, -0.1118, -0.2362, -0.9653
1463529518.306203, 1, -3.6726, 1.3681, -0.2696, 0.0079, -0.1009, -0.2203, -0.9702
1463529518.307113, 1, -3.6593, 1.3714, -0.2640, 0.0171, -0.0867, -0.1999, -0.9758
1463529518.307935, 1, -3.6460, 1.3751, -0.2585, 0.0276, -0.0772, -0.1746, -0.9812
1463529518.600855, 1, -3.6305, 1.3776, -0.2526, 0.0281, -0.0857, -0.1689, -0.9815
1463529518.601443, 1, -3.6156, 1.3806, -0.2481, 0.0331, -0.0857, -0.1596, -0.9829
1463529518.602027, 1, -3.6005, 1.3827, -0.2438, -0.7014, -0.1273, -0.6951, 0.0932
1463529518.602737, 1, -3.5854, 1.3861, -0.2401, -0.0535, 0.0855, 0.1451, 0.9843
1463529518.603480, 1, -3.5696, 1.3886, -0.2359, -0.0622, 0.0889, 0.1355, 0.9848
1463529518.604178, 1, -3.5535, 1.3902, -0.2323, -0.0679, 0.0896, 0.1267, 0.9855
1463529518.604856, 1, -3.5369, 1.3915, -0.2287, -0.0732, 0.0885, 0.1159, 0.9866
1463529518.605485, 1, -3.5220, 1.3939, -0.2223, -0.0926, 0.0882, 0.1005, 0.9867
1463529518.606378, 1, -3.5058, 1.3953, -0.2181, -0.0990, 0.0800, 0.0880, 0.9880
1463529518.607091, 1, -3.4881, 1.3946, -0.2166, 0.6970, 0.1276, 0.7056, -0.0011
1463529518.607521, 1, -3.4709, 1.3948, -0.2136, 0.1121, -0.0772, -0.0661, -0.9885
1463529518.608876, 1, -3.4539, 1.3960, -0.2076, 0.1120, -0.0882, -0.0529, -0.9884
1463529518.609080, 1, -3.4371, 1.3957, -0.2049, -0.7029, -0.1159, -0.7003, -0.0455
1463529518.614362, 1, -3.4201, 1.3953, -0.2016, -0.1291, 0.0892, 0.0339, 0.9870
1463529518.615194, 1, -3.4051, 1.3961, -0.1983, 0.7029, 0.1186, 0.6975, 0.0732
1463529518.616093, 1, -3.3832, 1.3958, -0.1897, -0.1275, 0.1352, 0.0050, 0.9826
1463529518.617054, 1, -3.3465, 1.3942, -0.1832, 0.7440, 0.0962, 0.6552, 0.0889
1463529518.617830, 1, -3.3272, 1.3948, -0.1787, 0.7490, 0.0945, 0.6481, 0.0999
1463529518.618946, 1, -3.3078, 1.3946, -0.1763, 0.1462, -0.1516, 0.0182, -0.9774
1463529518.908232, 1, -3.2875, 1.3948, -0.1731, -0.7453, -0.0971, -0.6502, -0.1113
1463529518.908671, 1, -3.2669, 1.3956, -0.1682, -0.1500, 0.1436, -0.0196, 0.9780
1463529518.909278, 1, -3.2459, 1.3971, -0.1646, -0.1517, 0.1352, -0.0132, 0.9790
1463529518.909957, 1, -3.2243, 1.3984, -0.1627, -0.1567, 0.1169, -0.0049, 0.9807
1463529518.910592, 1, -3.2029, 1.4008, -0.1598, -0.1598, 0.1096, 0.0021, 0.9810
1463529518.911281, 1, -3.1822, 1.4032, -0.1575, -0.1621, 0.0890, 0.0097, 0.9827
1463529518.912431, 1, -3.1593, 1.4063, -0.1566, -0.1697, 0.0948, 0.0126, 0.9808
1463529518.913133, 1, -3.1368, 1.4097, -0.1559, -0.1749, 0.1014, 0.0142, 0.9793
1463529518.913826, 1, -3.1143, 1.4135, -0.1550, -0.1810, 0.1025, 0.0141, 0.9780
1463529518.914528, 1, -3.0908, 1.4177, -0.1557, -0.1865, 0.1108, 0.0139, 0.9761
1463529518.915211, 1, -3.0672, 1.4222, -0.1559, -0.7202, -0.1535, -0.6680, -0.1074
1463529518.915838, 1, -3.0436, 1.4275, -0.1570, -0.7213, -0.1585, -0.6658, -0.1063
1463529518.917352, 1, -3.0205, 1.4333, -0.1589, -0.7201, -0.1645, -0.6665, -0.1012
1463529518.918379, 1, -2.9965, 1.4394, -0.1615, -0.7230, -0.1683, -0.6627, -0.0991
1463529518.919075, 1, -2.9726, 1.4455, -0.1649, -0.7273, -0.1715, -0.6580, -0.0932
1463529518.919647, 1, -2.9487, 1.4525, -0.1694, -0.1973, 0.1340, 0.0450, 0.9701
1463529518.920307, 1, -2.9249, 1.4589, -0.1742, -0.7384, -0.1821, -0.6442, -0.0811
1463529518.920992, 1, -2.9015, 1.4658, -0.1793, -0.7419, -0.1877, -0.6396, -0.0734
1463529518.921657, 1, -2.8792, 1.4737, -0.1847, -0.1982, 0.1560, 0.0704, 0.9651
1463529518.922573, 1, -2.8580, 1.4812, -0.1904, -0.2024, 0.1544, 0.0782, 0.9639
1463529519.214811, 1, -2.8379, 1.4886, -0.1974, -0.7322, -0.2115, -0.6444, -0.0627
1463529519.215948, 1, -2.8177, 1.4971, -0.2030, -0.2164, 0.1453, 0.0973, 0.9605
1463529519.216160, 1, -2.7984, 1.5048, -0.2100, -0.7260, -0.2408, -0.6414, -0.0595
1463529519.218284, 1, -2.7595, 1.5212, -0.2244, -0.2519, 0.1261, 0.1360, 0.9498
1463529519.218911, 1, -2.7402, 1.5297, -0.2312, -0.2709, 0.1170, 0.1517, 0.9433
1463529519.219621, 1, -2.7205, 1.5377, -0.2371, -0.2894, 0.1071, 0.1733, 0.9353
1463529519.221953, 1, -2.7021, 1.5461, -0.2426, -0.3099, 0.0874, 0.1907, 0.9273
1463529519.222489, 1, -2.6845, 1.5546, -0.2481, -0.3326, 0.0612, 0.2066, 0.9181
1463529519.223148, 1, -2.6675, 1.5632, -0.2534, 0.6107, 0.4122, 0.6735, 0.0596
1463529519.224171, 1, -2.6509, 1.5718, -0.2584, 0.5795, 0.4420, 0.6820, 0.0615
1463529519.224902, 1, -2.6349, 1.5804, -0.2633, 0.4032, 0.0291, -0.2563, -0.8780
1463529519.225528, 1, -2.6195, 1.5893, -0.2677, 0.4270, 0.0551, -0.2710, -0.8609
1463529519.227408, 1, -2.6046, 1.5981, -0.2721, 0.4491, 0.0780, -0.2827, -0.8440
1463529519.227906, 1, -2.5905, 1.6069, -0.2762, 0.4699, 0.0968, -0.2909, -0.8278
1463529519.228234, 1, -2.5767, 1.6157, -0.2804, 0.4868, 0.1104, -0.2991, -0.8133
1463529519.230062, 1, -2.5636, 1.6243, -0.2845, 0.5010, 0.1219, -0.3040, -0.8011
1463529519.230317, 1, -2.5507, 1.6326, -0.2887, 0.5101, 0.1343, -0.3078, -0.7919
1463529519.230429, 1, -2.5383, 1.6413, -0.2925, 0.5163, 0.1474, -0.3128, -0.7835
1463529519.231326, 1, -2.5260, 1.6503, -0.2960, 0.5210, 0.1646, -0.3164, -0.7754
1463529519.522596, 1, -2.5142, 1.6596, -0.2991, 0.5229, 0.1835, -0.3194, -0.7687
1463529519.523190, 1, -2.5024, 1.6692, -0.3021, 0.5208, 0.2054, -0.3230, -0.7631
1463529519.523931, 1, -2.4911, 1.6791, -0.3050, 0.5149, 0.2283, -0.3265, -0.7591
1463529519.526312, 1, -2.4798, 1.6893, -0.3077, 0.5063, 0.2518, -0.3284, -0.7566
1463529519.526923, 1, -2.4685, 1.6996, -0.3105, 0.4975, 0.2713, -0.3263, -0.7566
1463529519.527541, 1, -2.4570, 1.7102, -0.3134, 0.4916, 0.2847, -0.3212, -0.7577
1463529519.528222, 1, -2.4460, 1.7213, -0.3162, 0.4884, 0.2964, -0.3149, -0.7579
1463529519.528837, 1, -2.4355, 1.7326, -0.3187, 0.4879, 0.3091, -0.3101, -0.7552
1463529519.529413, 1, -2.4254, 1.7436, -0.3213, 0.4860, 0.3238, -0.3083, -0.7510
1463529519.530112, 1, -2.4156, 1.7541, -0.3235, 0.4795, 0.3403, -0.3092, -0.7474
1463529519.531883, 1, -2.4057, 1.7638, -0.3256, 0.4687, 0.3574, -0.3101, -0.7459
1463529519.532480, 1, -2.3960, 1.7727, -0.3276, 0.4535, 0.3737, -0.3117, -0.7467
1463529519.533161, 1, -2.3864, 1.7808, -0.3298, 0.4362, 0.3889, -0.3106, -0.7497
1463529519.533818, 1, -2.3770, 1.7880, -0.3322, 0.4190, 0.4001, -0.3107, -0.7535
1463529519.534564, 1, -2.3678, 1.7945, -0.3348, 0.4044, 0.4086, -0.3118, -0.7565
1463529519.535234, 1, -2.3585, 1.8004, -0.3376, 0.3930, 0.4145, -0.3129, -0.7589
1463529519.536147, 1, -2.3491, 1.8058, -0.3407, 0.3825, 0.4191, -0.3139, -0.7613
1463529519.536808, 1, -2.3397, 1.8107, -0.3439, 0.3724, 0.4231, -0.3139, -0.7641
1463529519.537433, 1, -2.3302, 1.8152, -0.3473, 0.3619, 0.4276, -0.3141, -0.7665
1463529519.538150, 1, -2.3205, 1.8194, -0.3508, 0.3519, 0.4334, -0.3134, -0.7682
1463529519.849395, 1, -2.1206, 1.8438, -0.4306, 0.1322, 0.4485, -0.4006, -0.7880
1463529519.850033, 1, -2.1076, 1.8432, -0.4357, 0.1192, 0.4497, -0.4083, -0.7854
1463529520.136906, 1, -2.0944, 1.8426, -0.4411, 0.1059, 0.4509, -0.4150, -0.7831
1463529520.137614, 1, -2.0810, 1.8420, -0.4468, 0.0941, 0.4526, -0.4207, -0.7806
1463529520.138318, 1, -2.0671, 1.8413, -0.4525, 0.0866, 0.4572, -0.4255, -0.7762
1463529520.139059, 1, -2.0531, 1.8411, -0.4587, 0.0777, 0.4563, -0.4317, -0.7742
1463529520.139893, 1, -2.0392, 1.8406, -0.4654, 0.0697, 0.4593, -0.4346, -0.7716
1463529520.140535, 1, -2.0256, 1.8402, -0.4729, 0.0659, 0.4661, -0.4381, -0.7658
1463529520.141261, 1, -2.0120, 1.8399, -0.4804, 0.0628, 0.4735, -0.4406, -0.7601
1463529520.141755, 1, -1.9986, 1.8394, -0.4880, 0.0595, 0.4828, -0.4411, -0.7542
1463529520.142399, 1, -1.9852, 1.8388, -0.4956, 0.0546, 0.4914, -0.4387, -0.7504
1463529520.143364, 1, -1.9723, 1.8382, -0.5029, 0.0506, 0.4992, -0.4337, -0.7484
1463529520.144601, 1, -1.9594, 1.8376, -0.5098, 0.0464, 0.5059, -0.4271, -0.7480
1463529520.144747, 1, -1.9467, 1.8370, -0.5161, 0.0426, 0.5115, -0.4182, -0.7494
1463529520.145736, 1, -1.9346, 1.8365, -0.5221, 0.0374, 0.5140, -0.4127, -0.7510
1463529520.146382, 1, -1.9228, 1.8360, -0.5276, 0.0330, 0.5160, -0.4071, -0.7530
1463529520.147115, 1, -1.9114, 1.8354, -0.5325, 0.0280, 0.5159, -0.4034, -0.7552
1463529520.147749, 1, -1.9006, 1.8349, -0.5369, 0.0219, 0.5140, -0.3989, -0.7590
1463529520.149279, 1, -1.8901, 1.8345, -0.5408, 0.0142, 0.5104, -0.3937, -0.7644
1463529520.152894, 1, -1.8799, 1.8341, -0.5444, 0.0044, 0.5045, -0.3856, -0.7725
1463529520.153000, 1, -1.8701, 1.8341, -0.5475, -0.0040, 0.4993, -0.3786, -0.7794
1463529520.153028, 1, -1.8609, 1.8344, -0.5504, -0.0113, 0.4937, -0.3756, -0.7843
1463529520.751247, 1, -1.7762, 1.8533, -0.5730, -0.0764, 0.4430, -0.3543, -0.8200
1463529520.752046, 1, -1.7737, 1.8532, -0.5754, -0.0748, 0.4350, -0.3619, -0.8211
1463529520.752171, 1, -1.7710, 1.8536, -0.5778, -0.0740, 0.4192, -0.3733, -0.8243
1463529520.752770, 1, -1.7680, 1.8547, -0.5804, -0.0738, 0.3979, -0.3872, -0.8284
1463529520.754462, 1, -1.7651, 1.8565, -0.5840, -0.0699, 0.3810, -0.4034, -0.8290
1463529520.755298, 1, -1.7623, 1.8590, -0.5877, -0.0598, 0.3679, -0.4223, -0.8263
1463529520.755416, 1, -1.7595, 1.8617, -0.5915, -0.0457, 0.3579, -0.4419, -0.8213
1463529520.756470, 1, -1.7567, 1.8646, -0.5953, -0.0298, 0.3487, -0.4607, -0.8157
1463529520.757089, 1, -1.7537, 1.8672, -0.5991, -0.0157, 0.3367, -0.4788, -0.8106
1463529520.758396, 1, -1.7509, 1.8697, -0.6027, -0.0044, 0.3202, -0.4992, -0.8051
1463529520.759007, 1, -1.7480, 1.8720, -0.6062, 0.0066, 0.3033, -0.5191, -0.7991
1463529520.759648, 1, -1.7450, 1.8740, -0.6095, 0.0166, 0.2854, -0.5400, -0.7916
1463529520.764461, 1, -1.7427, 1.8760, -0.6125, 0.0251, 0.2671, -0.5565, -0.7864
1463529520.765096, 1, -1.7402, 1.8777, -0.6153, 0.0360, 0.2553, -0.5716, -0.7790
1463529520.765841, 1, -1.7384, 1.8791, -0.6174, 0.0452, 0.2471, -0.5796, -0.7753
1463529520.766477, 1, -1.7375, 1.8802, -0.6194, 0.0518, 0.2396, -0.5862, -0.7722
1463529520.767605, 1, -1.7363, 1.8811, -0.6206, 0.0627, 0.2375, -0.5934, -0.7665
1463529520.768326, 1, -1.7354, 1.8819, -0.6214, 0.0746, 0.2376, -0.5995, -0.7606
1463529520.769042, 1, -1.7346, 1.8825, -0.6215, 0.0867, 0.2390, -0.6032, -0.7560
1463529520.769666, 1, -1.7338, 1.8832, -0.6210, 0.0959, 0.2393, -0.6049, -0.7534
1463529521.058529, 1, -1.7329, 1.8841, -0.6202, 0.1066, 0.2399, -0.6081, -0.7492
1463529521.059952, 1, -1.7319, 1.8856, -0.6192, 0.1197, 0.2407, -0.6131, -0.7429
1463529521.060002, 1, -1.7308, 1.8873, -0.6179, 0.1330, 0.2395, -0.6180, -0.7369
1463529521.060533, 1, -1.7290, 1.8889, -0.6160, 0.1498, 0.2366, -0.6276, -0.7264
1463529521.061123, 1, -1.7283, 1.8908, -0.6145, 0.1651, 0.2379, -0.6294, -0.7211
1463529521.061722, 1, -1.7270, 1.8923, -0.6121, 0.1825, 0.2423, -0.6293, -0.7155
1463529521.062348, 1, -1.7259, 1.8938, -0.6092, 0.1961, 0.2454, -0.6324, -0.7081
1463529521.063431, 1, -1.7248, 1.8949, -0.6057, 0.2086, 0.2491, -0.6365, -0.6995
1463529521.064205, 1, -1.7236, 1.8958, -0.6018, 0.2219, 0.2559, -0.6384, -0.6912
1463529521.065361, 1, -1.7221, 1.8965, -0.5973, 0.2302, 0.2602, -0.6416, -0.6838
1463529521.066952, 1, -1.7206, 1.8971, -0.5926, 0.2415, 0.2668, -0.6425, -0.6765
1463529521.068160, 1, -1.7189, 1.8974, -0.5875, 0.2522, 0.2725, -0.6428, -0.6701
1463529521.068804, 1, -1.7171, 1.8975, -0.5825, 0.2612, 0.2754, -0.6465, -0.6618
1463529521.069384, 1, -1.7152, 1.8973, -0.5771, 0.2736, 0.2816, -0.6491, -0.6515
1463529521.069960, 1, -1.7127, 1.8970, -0.5711, 0.2829, 0.2846, -0.6498, -0.6455
1463529521.070813, 1, -1.7103, 1.8960, -0.5650, 0.2920, 0.2890, -0.6507, -0.6386
1463529521.071581, 1, -1.7076, 1.8947, -0.5584, 0.3016, 0.2924, -0.6496, -0.6337
1463529521.072464, 1, -1.7046, 1.8936, -0.5517, 0.3102, 0.2973, -0.6489, -0.6280
1463529521.366260, 1, -1.6946, 1.8888, -0.5287, 0.3331, 0.3090, -0.6489, -0.6104
1463529521.366651, 1, -1.6909, 1.8873, -0.5198, 0.3416, 0.3106, -0.6512, -0.6023
1463529521.367262, 1, -1.6871, 1.8858, -0.5106, 0.3464, 0.3097, -0.6540, -0.5970
1463529521.368054, 1, -1.6826, 1.8849, -0.5008, 0.3470, 0.3129, -0.6510, -0.5982
1463529521.368667, 1, -1.6787, 1.8837, -0.4910, 0.3485, 0.3105, -0.6485, -0.6013
1463529521.369354, 1, -1.6737, 1.8829, -0.4808, 0.3461, 0.3094, -0.6456, -0.6064
1463529521.370005, 1, -1.6693, 1.8821, -0.4711, 0.3434, 0.3049, -0.6441, -0.6117
1463529521.370552, 1, -1.6646, 1.8814, -0.4616, 0.3406, 0.3008, -0.6431, -0.6164
1463529521.371333, 1, -1.6599, 1.8807, -0.4524, 0.3404, 0.2965, -0.6412, -0.6205
1463529521.372151, 1, -1.6551, 1.8804, -0.4441, 0.3326, 0.2899, -0.6379, -0.6312
1463529521.374747, 1, -1.6506, 1.8801, -0.4366, 0.3294, 0.2860, -0.6345, -0.6380
1463529521.375045, 1, -1.6461, 1.8800, -0.4300, 0.3286, 0.2848, -0.6314, -0.6420
1463529521.375089, 1, -1.6419, 1.8801, -0.4240, 0.3273, 0.2853, -0.6294, -0.6445
1463529521.375121, 1, -1.6377, 1.8804, -0.4188, 0.3269, 0.2882, -0.6289, -0.6439
1463529521.375787, 1, -1.6338, 1.8809, -0.4140, 0.3258, 0.2916, -0.6290, -0.6428
1463529521.376404, 1, -1.6298, 1.8813, -0.4098, 0.3240, 0.2958, -0.6299, -0.6409
1463529521.377006, 1, -1.6261, 1.8817, -0.4064, 0.3226, 0.3011, -0.6302, -0.6388
1463529521.377721, 1, -1.6222, 1.8819, -0.4033, 0.3168, 0.3017, -0.6292, -0.6424
1463529521.378323, 1, -1.6186, 1.8818, -0.4009, 0.3131, 0.3052, -0.6296, -0.6422
1463529521.379115, 1, -1.6151, 1.8813, -0.3995, 0.3049, 0.3041, -0.6261, -0.6500
1463529521.672881, 1, -1.6115, 1.8805, -0.3985, 0.2990, 0.3038, -0.6239, -0.6550
1463529521.673854, 1, -1.6078, 1.8791, -0.3985, 0.2936, 0.3063, -0.6245, -0.6557
1463529521.674189, 1, -1.6040, 1.8776, -0.3994, 0.2878, 0.3070, -0.6235, -0.6589
1463529521.674887, 1, -1.6002, 1.8758, -0.4008, 0.2816, 0.3067, -0.6240, -0.6613
1463529521.675616, 1, -1.5963, 1.8739, -0.4036, 0.2749, 0.3112, -0.6204, -0.6653
1463529521.676235, 1, -1.5918, 1.8722, -0.4078, 0.2675, 0.3166, -0.6167, -0.6693
1463529521.677213, 1, -1.5875, 1.8704, -0.4128, 0.2593, 0.3204, -0.6125, -0.6745
1463529521.677817, 1, -1.5831, 1.8690, -0.4185, 0.2530, 0.3228, -0.6093, -0.6787
1463529521.678442, 1, -1.5787, 1.8676, -0.4255, 0.2461, 0.3237, -0.6054, -0.6842
1463529521.679128, 1, -1.5740, 1.8663, -0.4335, 0.2405, 0.3224, -0.6032, -0.6888
1463529521.679859, 1, -1.5697, 1.8650, -0.4427, 0.2296, 0.3235, -0.5972, -0.6971
1463529521.680807, 1, -1.5659, 1.8634, -0.4528, 0.2239, 0.3212, -0.5891, -0.7069
1463529521.681728, 1, -1.5619, 1.8627, -0.4639, 0.2164, 0.3193, -0.5833, -0.7148
1463529521.682284, 1, -1.5586, 1.8616, -0.4757, 0.2114, 0.3142, -0.5783, -0.7226
1463529521.683361, 1, -1.5557, 1.8607, -0.4886, 0.2095, 0.3092, -0.5743, -0.7285
1463529521.683979, 1, -1.5534, 1.8595, -0.5020, 0.2050, 0.3028, -0.5718, -0.7343
1463529521.684650, 1, -1.5517, 1.8581, -0.5159, 0.2024, 0.2958, -0.5683, -0.7407
1463529521.685357, 1, -1.5502, 1.8569, -0.5296, 0.1961, 0.2894, -0.5638, -0.7483
1463529521.685918, 1, -1.5495, 1.8555, -0.5442, 0.1924, 0.2819, -0.5609, -0.7542
1463529521.686607, 1, -1.5491, 1.8539, -0.5591, 0.1897, 0.2744, -0.5596, -0.7587
1463529521.980176, 1, -1.5495, 1.8524, -0.5742, 0.1848, 0.2659, -0.5571, -0.7647
1463529521.981328, 1, -1.5505, 1.8508, -0.5899, 0.1807, 0.2569, -0.5540, -0.7710
1463529521.982515, 1, -1.5518, 1.8491, -0.6059, 0.1790, 0.2502, -0.5487, -0.7774
1463529521.983147, 1, -1.5537, 1.8475, -0.6223, 0.1768, 0.2410, -0.5446, -0.7836
1463529521.983268, 1, -1.5561, 1.8459, -0.6391, 0.1759, 0.2311, -0.5418, -0.7887
1463529521.984320, 1, -1.5590, 1.8443, -0.6562, 0.1729, 0.2213, -0.5402, -0.7933
1463529521.985587, 1, -1.5620, 1.8428, -0.6738, 0.1694, 0.2131, -0.5396, -0.7967
1463529521.986328, 1, -1.5654, 1.8413, -0.6919, 0.1647, 0.2061, -0.5389, -0.8000
1463529521.987306, 1, -1.5692, 1.8399, -0.7105, 0.1607, 0.2013, -0.5381, -0.8026
1463529521.987508, 1, -1.5729, 1.8384, -0.7295, 0.1572, 0.2007, -0.5386, -0.8031
1463529521.988083, 1, -1.5771, 1.8370, -0.7490, 0.1542, 0.2023, -0.5358, -0.8051
1463529521.988855, 1, -1.5817, 1.8360, -0.7686, 0.1518, 0.2055, -0.5341, -0.8059
1463529521.989556, 1, -1.5868, 1.8355, -0.7886, 0.1480, 0.2083, -0.5298, -0.8087
1463529521.990208, 1, -1.5919, 1.8356, -0.8084, 0.1413, 0.2070, -0.5297, -0.8103
1463529521.991009, 1, -1.5965, 1.8360, -0.8281, 0.1378, 0.2079, -0.5276, -0.8121
1463529521.991832, 1, -1.6020, 1.8372, -0.8479, 0.1331, 0.2057, -0.5267, -0.8139
1463529521.992607, 1, -1.6069, 1.8390, -0.8675, 0.1333, 0.2053, -0.5204, -0.8181
1463529521.993186, 1, -1.6126, 1.8412, -0.8870, 0.1305, 0.2002, -0.5174, -0.8217
1463529521.993747, 1, -1.6184, 1.8439, -0.9061, 0.1267, 0.1909, -0.5166, -0.8250
1463529521.994400, 1, -1.6244, 1.8469, -0.9255, 0.1239, 0.1853, -0.5154, -0.8275
1463529522.287419, 1, -1.6306, 1.8502, -0.9447, 0.1211, 0.1810, -0.5147, -0.8292
1463529522.288307, 1, -1.6369, 1.8539, -0.9638, 0.1186, 0.1802, -0.5146, -0.8298
1463529522.289668, 1, -1.6431, 1.8578, -0.9827, 0.1148, 0.1817, -0.5144, -0.8302
1463529522.290362, 1, -1.6492, 1.8620, -1.0015, 0.1109, 0.1836, -0.5135, -0.8308
1463529522.291057, 1, -1.6554, 1.8663, -1.0203, 0.1044, 0.1838, -0.5097, -0.8340
1463529522.292218, 1, -1.6608, 1.8705, -1.0392, 0.1003, 0.1846, -0.5080, -0.8353
1463529522.293246, 1, -1.6657, 1.8748, -1.0583, 0.0966, 0.1851, -0.5061, -0.8368
1463529522.293946, 1, -1.6704, 1.8789, -1.0776, 0.0937, 0.1856, -0.5046, -0.8380
1463529522.294592, 1, -1.6747, 1.8829, -1.0972, 0.0916, 0.1867, -0.5021, -0.8394
1463529522.295189, 1, -1.6786, 1.8868, -1.1170, 0.0911, 0.1885, -0.4996, -0.8406
1463529522.295914, 1, -1.6824, 1.8905, -1.1370, 0.0899, 0.1893, -0.4978, -0.8416
1463529522.296502, 1, -1.6859, 1.8939, -1.1571, 0.0907, 0.1897, -0.4945, -0.8433
1463529522.297111, 1, -1.6889, 1.8969, -1.1774, 0.0923, 0.1892, -0.4893, -0.8463
1463529522.298145, 1, -1.6919, 1.8997, -1.1979, 0.0929, 0.1884, -0.4859, -0.8484
1463529522.298846, 1, -1.6947, 1.9022, -1.2185, 0.0935, 0.1869, -0.4835, -0.8501
1463529522.300051, 1, -1.6974, 1.9042, -1.2392, 0.0948, 0.1863, -0.4809, -0.8515
1463529522.300646, 1, -1.7001, 1.9061, -1.2598, 0.0967, 0.1865, -0.4779, -0.8529
1463529522.301431, 1, -1.7025, 1.9073, -1.2803, 0.0996, 0.1861, -0.4763, -0.8536
1463529522.302563, 1, -1.7048, 1.9083, -1.3008, 0.1006, 0.1856, -0.4730, -0.8554
1463529522.303496, 1, -1.7070, 1.9088, -1.3213, 0.1004, 0.1837, -0.4693, -0.8579
1463529522.901706, 1, -1.7219, 1.8830, -1.7459, 0.0651, 0.1655, -0.4173, -0.8912
1463529522.902463, 1, -1.7222, 1.8836, -1.7643, 0.0598, 0.1666, -0.4185, -0.8908
1463529522.907539, 1, -1.7226, 1.8849, -1.7825, 0.0571, 0.1689, -0.4218, -0.8890
1463529522.908128, 1, -1.7238, 1.8869, -1.8001, 0.0579, 0.1741, -0.4243, -0.8867
1463529522.908779, 1, -1.7240, 1.8894, -1.8168, 0.0580, 0.1763, -0.4294, -0.8839
1463529522.909341, 1, -1.7246, 1.8923, -1.8328, 0.0583, 0.1779, -0.4295, -0.8834
1463529522.910609, 1, -1.7249, 1.8956, -1.8479, 0.0556, 0.1717, -0.4272, -0.8859
1463529522.911318, 1, -1.7256, 1.8991, -1.8623, 0.0527, 0.1621, -0.4223, -0.8903
1463529522.911989, 1, -1.7259, 1.9025, -1.8763, 0.0488, 0.1501, -0.4227, -0.8924
1463529522.912539, 1, -1.7265, 1.9062, -1.8897, 0.0464, 0.1386, -0.4212, -0.8951
1463529522.913370, 1, -1.7273, 1.9100, -1.9028, 0.0438, 0.1284, -0.4205, -0.8971
1463529522.914075, 1, -1.7286, 1.9140, -1.9153, 0.0429, 0.1238, -0.4170, -0.8994
1463529522.914766, 1, -1.7294, 1.9177, -1.9274, 0.0386, 0.1196, -0.4173, -0.9000
1463529522.915297, 1, -1.7303, 1.9214, -1.9392, 0.0346, 0.1180, -0.4160, -0.9010
1463529522.915949, 1, -1.7313, 1.9249, -1.9506, 0.0298, 0.1158, -0.4156, -0.9017
1463529522.916993, 1, -1.7326, 1.9283, -1.9619, 0.0257, 0.1148, -0.4136, -0.9028
1463529522.917291, 1, -1.7334, 1.9313, -1.9731, 0.0213, 0.1134, -0.4136, -0.9031
1463529522.917893, 1, -1.7342, 1.9340, -1.9843, 0.0188, 0.1122, -0.4138, -0.9032
1463529522.918754, 1, -1.7347, 1.9365, -1.9955, 0.0170, 0.1125, -0.4138, -0.9032
1463529522.919437, 1, -1.7351, 1.9385, -2.0068, 0.0165, 0.1122, -0.4137, -0.9033
1463529523.515902, 1, -1.7509, 1.9265, -2.2397, -0.0208, 0.1175, -0.4218, -0.8988
1463529523.516814, 1, -1.7522, 1.9264, -2.2498, -0.0265, 0.1165, -0.4202, -0.8995
1463529523.517444, 1, -1.7539, 1.9264, -2.2598, -0.0343, 0.1134, -0.4202, -0.8997
1463529523.518406, 1, -1.7557, 1.9266, -2.2700, -0.0415, 0.1111, -0.4205, -0.8995
1463529523.519022, 1, -1.7578, 1.9271, -2.2803, -0.0471, 0.1106, -0.4211, -0.8990
1463529523.519782, 1, -1.7603, 1.9278, -2.2909, -0.0508, 0.1124, -0.4240, -0.8972
1463529523.520479, 1, -1.7633, 1.9286, -2.3015, -0.0527, 0.1149, -0.4272, -0.8953
1463529523.521125, 1, -1.7658, 1.9295, -2.3121, -0.0521, 0.1195, -0.4282, -0.8942
1463529523.521776, 1, -1.7685, 1.9304, -2.3225, -0.0539, 0.1220, -0.4313, -0.8923
1463529523.522359, 1, -1.7708, 1.9312, -2.3327, -0.0557, 0.1234, -0.4337, -0.8908
1463529523.522973, 1, -1.7727, 1.9321, -2.3428, -0.0575, 0.1231, -0.4349, -0.8902
1463529523.524011, 1, -1.7746, 1.9331, -2.3528, -0.0589, 0.1216, -0.4364, -0.8896
1463529523.524447, 1, -1.7767, 1.9342, -2.3628, -0.0577, 0.1224, -0.4380, -0.8887
1463529523.525100, 1, -1.7781, 1.9354, -2.3727, -0.0581, 0.1204, -0.4390, -0.8885
1463529523.525689, 1, -1.7796, 1.9367, -2.3824, -0.0573, 0.1214, -0.4407, -0.8876
1463529523.526700, 1, -1.7809, 1.9382, -2.3920, -0.0570, 0.1232, -0.4416, -0.8869
1463529523.527314, 1, -1.7818, 1.9399, -2.4014, -0.0556, 0.1256, -0.4409, -0.8870
1463529523.528026, 1, -1.7825, 1.9416, -2.4105, -0.0544, 0.1256, -0.4399, -0.8875
1463529523.528587, 1, -1.7829, 1.9433, -2.4194, -0.0549, 0.1239, -0.4392, -0.8881
1463529523.529275, 1, -1.7833, 1.9450, -2.4283, -0.0546, 0.1208, -0.4386, -0.8889
1463529523.824517, 1, -1.7836, 1.9465, -2.4371, -0.0552, 0.1162, -0.4381, -0.8897
1463529523.825091, 1, -1.7840, 1.9480, -2.4460, -0.0546, 0.1117, -0.4376, -0.8905
1463529523.825953, 1, -1.7848, 1.9491, -2.4549, -0.0522, 0.1099, -0.4384, -0.8905
1463529523.826075, 1, -1.7852, 1.9501, -2.4638, -0.0528, 0.1053, -0.4385, -0.8910
1463529523.827323, 1, -1.7858, 1.9508, -2.4727, -0.0516, 0.1033, -0.4380, -0.8915
1463529523.827899, 1, -1.7864, 1.9512, -2.4817, -0.0511, 0.1013, -0.4378, -0.8919
1463529523.828621, 1, -1.7867, 1.9514, -2.4906, -0.0520, 0.0988, -0.4376, -0.8922
1463529523.829304, 1, -1.7870, 1.9514, -2.4996, -0.0533, 0.0963, -0.4373, -0.8925
1463529523.829903, 1, -1.7871, 1.9512, -2.5085, -0.0552, 0.0939, -0.4371, -0.8928
1463529523.830602, 1, -1.7869, 1.9507, -2.5176, -0.0575, 0.0918, -0.4359, -0.8934
1463529523.831467, 1, -1.7869, 1.9501, -2.5266, -0.0589, 0.0918, -0.4342, -0.8942
1463529523.832849, 1, -1.7859, 1.9493, -2.5357, -0.0635, 0.0866, -0.4324, -0.8953
1463529523.833583, 1, -1.7853, 1.9483, -2.5449, -0.0669, 0.0834, -0.4307, -0.8961
1463529523.834185, 1, -1.7851, 1.9472, -2.5541, -0.0700, 0.0820, -0.4296, -0.8966
1463529523.834836, 1, -1.7842, 1.9459, -2.5634, -0.0756, 0.0758, -0.4287, -0.8971
1463529523.835521, 1, -1.7837, 1.9445, -2.5725, -0.0815, 0.0698, -0.4307, -0.8961
1463529523.836249, 1, -1.7833, 1.9431, -2.5819, -0.0858, 0.0671, -0.4309, -0.8958
1463529523.836872, 1, -1.7830, 1.9418, -2.5915, -0.0893, 0.0675, -0.4324, -0.8947
1463529523.837610, 1, -1.7823, 1.9407, -2.6011, -0.0953, 0.0646, -0.4333, -0.8938
1463529523.838315, 1, -1.7818, 1.9395, -2.6109, -0.0990, 0.0660, -0.4346, -0.8927
1463529524.130541, 1, -1.7806, 1.9386, -2.6208, -0.1037, 0.0652, -0.4344, -0.8923
1463529524.131175, 1, -1.7797, 1.9380, -2.6308, -0.1086, 0.0637, -0.4364, -0.8909
1463529524.131881, 1, -1.7789, 1.9377, -2.6410, -0.1112, 0.0627, -0.4376, -0.8900
1463529524.132676, 1, -1.7786, 1.9377, -2.6513, -0.1112, 0.0632, -0.4392, -0.8893
1463529524.133286, 1, -1.7777, 1.9378, -2.6617, -0.1105, 0.0620, -0.4398, -0.8891
1463529524.134043, 1, -1.7777, 1.9382, -2.6722, -0.1078, 0.0617, -0.4433, -0.8877
1463529524.134622, 1, -1.7773, 1.9387, -2.6825, -0.1042, 0.0612, -0.4450, -0.8873
1463529524.135248, 1, -1.7765, 1.9392, -2.6928, -0.1015, 0.0586, -0.4455, -0.8876
1463529524.135869, 1, -1.7761, 1.9395, -2.7025, -0.0965, 0.0611, -0.4456, -0.8879
1463529524.136524, 1, -1.7753, 1.9398, -2.7120, -0.0960, 0.0590, -0.4465, -0.8877
1463529524.137274, 1, -1.7743, 1.9399, -2.7212, -0.0964, 0.0570, -0.4467, -0.8876
1463529524.138011, 1, -1.7729, 1.9399, -2.7300, -0.0995, 0.0529, -0.4459, -0.8880
1463529524.138610, 1, -1.7718, 1.9398, -2.7385, -0.1033, 0.0515, -0.4458, -0.8877
1463529524.139730, 1, -1.7711, 1.9397, -2.7468, -0.1075, 0.0537, -0.4457, -0.8871
1463529524.140474, 1, -1.7696, 1.9397, -2.7549, -0.1136, 0.0559, -0.4437, -0.8872
1463529524.141093, 1, -1.7686, 1.9398, -2.7629, -0.1168, 0.0621, -0.4408, -0.8878
1463529524.141734, 1, -1.7672, 1.9399, -2.7708, -0.1204, 0.0663, -0.4372, -0.8888
1463529524.143131, 1, -1.7648, 1.9399, -2.7862, -0.1272, 0.0693, -0.4339, -0.8892
1463529524.143853, 1, -1.7637, 1.9399, -2.7940, -0.1305, 0.0680, -0.4334, -0.8891
1463529524.437794, 1, -1.7626, 1.9399, -2.8017, -0.1331, 0.0651, -0.4337, -0.8888
1463529524.438451, 1, -1.7616, 1.9400, -2.8094, -0.1353, 0.0609, -0.4343, -0.8885
1463529524.439154, 1, -1.7603, 1.9402, -2.8172, -0.1380, 0.0551, -0.4340, -0.8886
1463529524.439817, 1, -1.7597, 1.9404, -2.8249, -0.1390, 0.0516, -0.4334, -0.8889
1463529524.439941, 1, -1.7592, 1.9405, -2.8327, -0.1389, 0.0495, -0.4325, -0.8895
1463529524.441012, 1, -1.7595, 1.9406, -2.8403, -0.1383, 0.0486, -0.4333, -0.8893
1463529524.441719, 1, -1.7598, 1.9408, -2.8479, -0.1375, 0.0490, -0.4351, -0.8885
1463529524.441857, 1, -1.7605, 1.9410, -2.8553, -0.1353, 0.0531, -0.4372, -0.8875
1463529524.442923, 1, -1.7614, 1.9413, -2.8627, -0.1322, 0.0597, -0.4391, -0.8867
1463529524.443561, 1, -1.7625, 1.9416, -2.8700, -0.1286, 0.0683, -0.4393, -0.8864
1463529524.444247, 1, -1.7636, 1.9419, -2.8772, -0.1263, 0.0767, -0.4383, -0.8866
1463529524.444890, 1, -1.7648, 1.9422, -2.8843, -0.1260, 0.0843, -0.4383, -0.8859
1463529524.445489, 1, -1.7657, 1.9424, -2.8912, -0.1263, 0.0896, -0.4366, -0.8862
1463529524.446124, 1, -1.7674, 1.9424, -2.8978, -0.1258, 0.0974, -0.4353, -0.8861
1463529524.446794, 1, -1.7688, 1.9424, -2.9044, -0.1256, 0.1038, -0.4342, -0.8860
1463529524.447385, 1, -1.7701, 1.9421, -2.9107, -0.1270, 0.1088, -0.4330, -0.8857
1463529524.448009, 1, -1.7715, 1.9418, -2.9170, -0.1287, 0.1155, -0.4320, -0.8852
1463529524.448838, 1, -1.7730, 1.9414, -2.9232, -0.1288, 0.1225, -0.4310, -0.8847
1463529524.449512, 1, -1.7745, 1.9409, -2.9293, -0.1271, 0.1297, -0.4303, -0.8842
1463529524.450075, 1, -1.7758, 1.9403, -2.9355, -0.1252, 0.1355, -0.4311, -0.8832
1463529525.982455, 1, -1.7099, 2.0241, -3.6666, 0.1092, -0.0735, 0.3956, 0.9090
1463529525.983630, 1, -1.7094, 2.0239, -3.6767, -0.5345, -0.1641, -0.7385, 0.3770
1463529525.984345, 1, -1.7088, 2.0237, -3.6868, -0.5386, -0.1575, -0.7361, 0.3785
1463529525.985018, 1, -1.7076, 2.0237, -3.6971, -0.5411, -0.1507, -0.7357, 0.3785
1463529525.985723, 1, -1.7066, 2.0241, -3.7076, 0.1296, -0.0614, 0.3812, 0.9133
1463529525.985845, 1, -1.7061, 2.0245, -3.7180, 0.1327, -0.0592, 0.3790, 0.9139
1463529525.986897, 1, -1.7059, 2.0250, -3.7285, 0.1345, -0.0576, 0.3770, 0.9146
1463529525.987627, 1, -1.7058, 2.0256, -3.7391, 0.1358, -0.0581, 0.3751, 0.9151
1463529525.988498, 1, -1.7057, 2.0262, -3.7497, 0.1369, -0.0593, 0.3727, 0.9159
1463529525.989302, 1, -1.7056, 2.0269, -3.7603, 0.1377, -0.0611, 0.3709, 0.9164
1463529525.989892, 1, -1.7059, 2.0275, -3.7709, 0.1370, -0.0648, 0.3693, 0.9169
1463529525.990508, 1, -1.7060, 2.0279, -3.7813, 0.1359, -0.0684, 0.3684, 0.9171
1463529525.991131, 1, -1.7056, 2.0283, -3.7916, 0.1349, -0.0726, 0.3677, 0.9172
1463529525.992781, 1, -1.7048, 2.0282, -3.8015, -0.5330, -0.1316, -0.7499, 0.3692
1463529525.993457, 1, -1.7039, 2.0287, -3.8118, 0.1344, -0.0830, 0.3622, 0.9186
1463529525.994101, 1, -1.7023, 2.0287, -3.8218, 0.1339, -0.0859, 0.3578, 0.9202
1463529526.280983, 1, -1.7012, 2.0288, -3.8319, 0.1344, -0.0846, 0.3542, 0.9216
1463529526.281732, 1, -1.6999, 2.0289, -3.8421, 0.1350, -0.0811, 0.3502, 0.9233
1463529526.282480, 1, -1.6988, 2.0289, -3.8524, 0.1352, -0.0765, 0.3469, 0.9250
1463529526.284553, 1, -1.6978, 2.0290, -3.8628, 0.1354, -0.0725, 0.3433, 0.9266
1463529526.285127, 1, -1.6973, 2.0289, -3.8734, 0.1349, -0.0695, 0.3387, 0.9286
1463529526.285900, 1, -1.6967, 2.0289, -3.8841, 0.1333, -0.0685, 0.3348, 0.9303
1463529526.286562, 1, -1.6966, 2.0289, -3.8947, 0.1313, -0.0702, 0.3311, 0.9318
1463529526.287240, 1, -1.6973, 2.0289, -3.9053, 0.1295, -0.0733, 0.3293, 0.9324
1463529526.287866, 1, -1.6972, 2.0291, -3.9160, 0.1280, -0.0774, 0.3299, 0.9321
1463529526.288469, 1, -1.6983, 2.0293, -3.9263, 0.1264, -0.0783, 0.3302, 0.9321
1463529526.289187, 1, -1.6995, 2.0293, -3.9363, 0.1243, -0.0782, 0.3300, 0.9325
1463529526.289914, 1, -1.7012, 2.0293, -3.9459, 0.1218, -0.0774, 0.3300, 0.9329
1463529526.290606, 1, -1.7031, 2.0294, -3.9550, 0.1195, -0.0779, 0.3309, 0.9328
1463529526.290745, 1, -1.7057, 2.0293, -3.9637, 0.1192, -0.0775, 0.3315, 0.9327
1463529526.291822, 1, -1.7099, 2.0291, -3.9720, 0.1184, -0.0793, 0.3318, 0.9325
1463529526.292418, 1, -1.7124, 2.0291, -3.9803, 0.1202, -0.0799, 0.3333, 0.9317
1463529526.294493, 1, -1.7144, 2.0293, -3.9885, 0.1222, -0.0818, 0.3360, 0.9303
1463529526.295223, 1, -1.7176, 2.0295, -3.9965, 0.1227, -0.0836, 0.3368, 0.9298
1463529526.296035, 1, -1.7215, 2.0299, -4.0043, 0.1225, -0.0859, 0.3375, 0.9294
1463529526.296144, 1, -1.7253, 2.0304, -4.0120, 0.1221, -0.0867, 0.3364, 0.9298
1463529526.297340, 1, -1.7291, 2.0310, -4.0196, 0.1232, -0.0848, 0.3342, 0.9305
1463529527.817057, 1, -1.8424, 2.0830, -4.2596, 0.1472, -0.0050, 0.4138, 0.8984
1463529527.817616, 1, -1.8435, 2.0822, -4.2564, 0.1509, -0.0054, 0.4129, 0.8982
1463529527.818257, 1, -1.8443, 2.0816, -4.2535, 0.1531, -0.0078, 0.4126, 0.8979
1463529527.819505, 1, -1.8435, 2.0806, -4.2502, 0.1565, -0.0095, 0.4154, 0.8960
1463529527.820082, 1, -1.8434, 2.0799, -4.2471, 0.1594, -0.0103, 0.4163, 0.8951
1463529527.820831, 1, -1.8462, 2.0795, -4.2440, 0.1610, -0.0126, 0.4140, 0.8958
1463529527.821447, 1, -1.8458, 2.0788, -4.2411, 0.1644, -0.0132, 0.4140, 0.8952
1463529527.822209, 1, -1.8439, 2.0780, -4.2383, 0.1683, -0.0116, 0.4170, 0.8931
1463529527.822927, 1, -1.8428, 2.0775, -4.2358, 0.1710, -0.0092, 0.4167, 0.8928
1463529527.823479, 1, -1.8435, 2.0771, -4.2332, 0.1737, -0.0062, 0.4153, 0.8929
1463529527.824197, 1, -1.8439, 2.0767, -4.2309, 0.1755, -0.0047, 0.4128, 0.8938
1463529527.824978, 1, -1.8434, 2.0763, -4.2288, 0.1786, -0.0025, 0.4124, 0.8933
1463529527.826396, 1, -1.8411, 2.0758, -4.2271, 0.1816, -0.0007, 0.4137, 0.8921
1463529527.827076, 1, -1.8410, 2.0755, -4.2256, 0.1832, 0.0006, 0.4127, 0.8922
1463529527.827708, 1, -1.8402, 2.0753, -4.2243, 0.1836, 0.0022, 0.4117, 0.8926
1463529527.828414, 1, -1.8412, 2.0752, -4.2233, 0.1828, 0.0046, 0.4089, 0.8941
1463529527.829015, 1, -1.8395, 2.0749, -4.2224, 0.1840, 0.0094, 0.4105, 0.8931
1463529527.829679, 1, -1.8381, 2.0747, -4.2216, 0.1840, 0.0133, 0.4115, 0.8925
1463529527.830332, 1, -1.8400, 2.0745, -4.2206, 0.1836, 0.0159, 0.4092, 0.8937
1463529527.830894, 1, -1.8380, 2.0741, -4.2198, 0.1845, 0.0194, 0.4115, 0.8923
1463529528.124527, 1, -1.8392, 2.0738, -4.2189, 0.1836, 0.0197, 0.4107, 0.8929
1463529528.125501, 1, -1.8381, 2.0734, -4.2181, 0.1839, 0.0201, 0.4112, 0.8926
1463529528.125994, 1, -1.8368, 2.0729, -4.2173, 0.1850, 0.0212, 0.4115, 0.8922
1463529528.126681, 1, -1.8359, 2.0725, -4.2165, 0.1847, 0.0218, 0.4113, 0.8923
1463529528.126821, 1, -1.8358, 2.0720, -4.2158, 0.1847, 0.0220, 0.4107, 0.8926
1463529528.128779, 1, -1.8344, 2.0713, -4.2141, 0.1856, 0.0250, 0.4102, 0.8925
1463529528.129467, 1, -1.8335, 2.0711, -4.2133, 0.1852, 0.0256, 0.4102, 0.8926
1463529528.130328, 1, -1.8337, 2.0710, -4.2123, 0.1849, 0.0258, 0.4093, 0.8931
1463529528.130961, 1, -1.8322, 2.0709, -4.2116, 0.1847, 0.0254, 0.4092, 0.8932
1463529528.131078, 1, -1.8309, 2.0710, -4.2107, 0.1840, 0.0249, 0.4083, 0.8938
1463529528.132383, 1, -1.8296, 2.0711, -4.2097, 0.1838, 0.0259, 0.4074, 0.8942
1463529528.132526, 1, -1.8282, 2.0712, -4.2087, 0.1842, 0.0288, 0.4059, 0.8947
1463529528.133675, 1, -1.8269, 2.0713, -4.2075, 0.1856, 0.0329, 0.4043, 0.8950
1463529528.134652, 1, -1.8256, 2.0714, -4.2061, 0.1869, 0.0386, 0.4037, 0.8947
1463529528.135288, 1, -1.8245, 2.0714, -4.2045, 0.1883, 0.0450, 0.4022, 0.8949
1463529528.136073, 1, -1.8238, 2.0713, -4.2027, 0.1884, 0.0512, 0.4028, 0.8942
1463529528.136805, 1, -1.8223, 2.0711, -4.2005, 0.1895, 0.0564, 0.4042, 0.8930
1463529528.137464, 1, -1.8217, 2.0708, -4.1981, 0.1912, 0.0564, 0.4057, 0.8920
1463529528.138792, 1, -1.8218, 2.0705, -4.1957, 0.1943, 0.0505, 0.4065, 0.8913
1463529528.431013, 1, -1.8245, 2.0701, -4.1933, 0.1982, 0.0428, 0.4049, 0.8916
1463529528.432304, 1, -1.8251, 2.0699, -4.1914, 0.2004, 0.0352, 0.4060, 0.8910
1463529528.432949, 1, -1.8253, 2.0698, -4.1902, 0.1992, 0.0272, 0.4087, 0.8903
1463529528.434443, 1, -1.8243, 2.0700, -4.1895, 0.1956, 0.0209, 0.4129, 0.8893
1463529528.435148, 1, -1.8242, 2.0702, -4.1892, 0.1900, 0.0177, 0.4168, 0.8887
1463529528.435704, 1, -1.8226, 2.0704, -4.1892, 0.1832, 0.0173, 0.4210, 0.8882
1463529528.436241, 1, -1.8211, 2.0705, -4.1894, 0.1755, 0.0203, 0.4253, 0.8877
1463529528.436937, 1, -1.8182, 2.0701, -4.1894, 0.1655, 0.0250, 0.4311, 0.8866
1463529528.437634, 1, -1.8154, 2.0693, -4.1891, 0.1537, 0.0317, 0.4405, 0.8839
1463529528.438350, 1, -1.8121, 2.0678, -4.1882, 0.1417, 0.0382, 0.4510, 0.8804
1463529528.439602, 1, -1.8094, 2.0655, -4.1863, 0.1372, 0.0457, 0.4578, 0.8772
1463529528.440285, 1, -1.8033, 2.0623, -4.1837, 0.1516, 0.0595, 0.4615, 0.8721
1463529528.440969, 1, -1.7997, 2.0586, -4.1803, 0.1795, 0.0714, 0.4667, 0.8631
1463529528.441693, 1, -1.7955, 2.0548, -4.1769, 0.2152, 0.0749, 0.4755, 0.8497
1463529528.442340, 1, -1.7926, 2.0510, -4.1739, 0.2538, 0.0692, 0.4859, 0.8335
1463529528.443025, 1, -1.7871, 2.0469, -4.1716, 0.2919, 0.0581, 0.5071, 0.8089
1463529528.443761, 1, -1.7885, 2.0444, -4.1698, 0.3185, 0.0457, 0.5078, 0.7992
1463529528.444364, 1, -1.7876, 2.0416, -4.1685, 0.3361, 0.0505, 0.5151, 0.7869
1463529528.445319, 1, -1.7837, 2.0381, -4.1678, 0.3482, 0.0677, 0.5277, 0.7719
1463529528.446115, 1, -1.7838, 2.0355, -4.1671, 0.3548, 0.0857, 0.5252, 0.7687
1463529528.738305, 1, -1.7889, 2.0339, -4.1662, 0.3623, 0.1038, 0.5130, 0.7713
1463529528.739426, 1, -1.7866, 2.0299, -4.1650, 0.3781, 0.1291, 0.5212, 0.7541
1463529528.740114, 1, -1.7906, 2.0271, -4.1625, 0.3922, 0.1501, 0.5164, 0.7463
1463529528.741247, 1, -1.7881, 2.0226, -4.1600, 0.4097, 0.1608, 0.5230, 0.7299
1463529528.741834, 1, -1.7922, 2.0188, -4.1563, 0.4227, 0.1581, 0.5176, 0.7269
1463529528.742470, 1, -1.7933, 2.0149, -4.1528, 0.4302, 0.1403, 0.5141, 0.7287
1463529528.743159, 1, -1.7913, 2.0096, -4.1499, 0.4337, 0.1224, 0.5170, 0.7278
1463529528.743911, 1, -1.7930, 2.0058, -4.1471, 0.4310, 0.1010, 0.5129, 0.7355
1463529528.744544, 1, -1.7979, 2.0032, -4.1449, 0.4240, 0.0828, 0.5030, 0.7486
1463529528.745192, 1, -1.7997, 2.0005, -4.1437, 0.4163, 0.0693, 0.4997, 0.7565
1463529528.747101, 1, -1.7990, 1.9964, -4.1440, 0.4090, 0.0671, 0.5031, 0.7584
1463529528.747866, 1, -1.8004, 1.9957, -4.1449, 0.4109, 0.0756, 0.5014, 0.7577
1463529528.748471, 1, -1.8023, 1.9954, -4.1464, 0.4146, 0.0884, 0.4986, 0.7561
1463529528.749316, 1, -1.8039, 1.9956, -4.1482, 0.4188, 0.1019, 0.4966, 0.7534
1463529528.749423, 1, -1.8047, 1.9960, -4.1502, 0.4220, 0.1155, 0.4946, 0.7510
1463529528.749952, 1, -1.8055, 1.9968, -4.1522, 0.4225, 0.1263, 0.4924, 0.7504
1463529528.751655, 1, -1.8105, 1.9984, -4.1537, 0.4192, 0.1354, 0.4827, 0.7569
1463529528.753359, 1, -1.8077, 1.9988, -4.1557, 0.4160, 0.1439, 0.4850, 0.7557
1463529528.753998, 1, -1.8113, 2.0007, -4.1568, 0.4114, 0.1517, 0.4762, 0.7622
1463529529.045423, 1, -1.8080, 2.0014, -4.1582, 0.4112, 0.1608, 0.4811, 0.7574
1463529529.046562, 1, -1.8126, 2.0033, -4.1588, 0.4102, 0.1688, 0.4766, 0.7590
1463529529.047267, 1, -1.8101, 2.0040, -4.1595, 0.4130, 0.1770, 0.4838, 0.7510
1463529529.048227, 1, -1.8096, 2.0052, -4.1596, 0.4140, 0.1826, 0.4863, 0.7475
1463529529.048761, 1, -1.8109, 2.0061, -4.1592, 0.4121, 0.1850, 0.4870, 0.7475
1463529529.049460, 1, -1.8105, 2.0067, -4.1586, 0.4087, 0.1864, 0.4865, 0.7494
1463529529.050197, 1, -1.8127, 2.0077, -4.1575, 0.4040, 0.1863, 0.4812, 0.7554
1463529529.050899, 1, -1.8122, 2.0079, -4.1566, 0.4007, 0.1852, 0.4786, 0.7590
1463529529.051572, 1, -1.8111, 2.0081, -4.1556, 0.3994, 0.1832, 0.4766, 0.7614
1463529529.052366, 1, -1.8097, 2.0083, -4.1545, 0.3984, 0.1803, 0.4747, 0.7639
1463529529.053096, 1, -1.8086, 2.0086, -4.1534, 0.3977, 0.1778, 0.4715, 0.7667
1463529529.053760, 1, -1.8071, 2.0089, -4.1523, 0.3972, 0.1761, 0.4688, 0.7691
1463529529.054532, 1, -1.8059, 2.0093, -4.1512, 0.3959, 0.1764, 0.4654, 0.7717
1463529529.055254, 1, -1.8005, 2.0091, -4.1504, 0.3960, 0.1798, 0.4679, 0.7694
1463529529.056042, 1, -1.7988, 2.0095, -4.1493, 0.3949, 0.1845, 0.4657, 0.7702
1463529529.056681, 1, -1.7985, 2.0099, -4.1480, 0.3956, 0.1912, 0.4631, 0.7698
1463529529.057378, 1, -1.7974, 2.0102, -4.1466, 0.3981, 0.1981, 0.4598, 0.7687
1463529529.058071, 1, -1.7967, 2.0104, -4.1449, 0.4000, 0.2038, 0.4577, 0.7675
1463529529.058736, 1, -1.7958, 2.0105, -4.1430, 0.4024, 0.2074, 0.4567, 0.7659
1463529529.059341, 1, -1.7943, 2.0104, -4.1407, 0.4039, 0.2090, 0.4557, 0.7652
1463529529.352603, 1, -1.7932, 2.0103, -4.1381, 0.4039, 0.2055, 0.4549, 0.7666
1463529529.353186, 1, -1.7919, 2.0103, -4.1354, 0.4034, 0.1980, 0.4542, 0.7693
1463529529.353858, 1, -1.7901, 2.0104, -4.1327, 0.4010, 0.1880, 0.4536, 0.7734
1463529529.355019, 1, -1.7881, 2.0107, -4.1302, 0.3965, 0.1765, 0.4536, 0.7784
1463529529.355828, 1, -1.7873, 2.0114, -4.1279, 0.3901, 0.1668, 0.4520, 0.7847
1463529529.356501, 1, -1.7928, 2.0130, -4.1255, 0.3822, 0.1614, 0.4422, 0.7952
1463529529.357233, 1, -1.7869, 2.0133, -4.1241, 0.3774, 0.1632, 0.4463, 0.7948
1463529529.357958, 1, -1.7860, 2.0144, -4.1227, 0.3748, 0.1704, 0.4422, 0.7969
1463529529.358619, 1, -1.7921, 2.0164, -4.1210, 0.3719, 0.1804, 0.4298, 0.8028
1463529529.359368, 1, -1.7917, 2.0176, -4.1196, 0.3735, 0.1955, 0.4258, 0.8006
1463529529.360033, 1, -1.7863, 2.0178, -4.1184, 0.3787, 0.2120, 0.4293, 0.7920
1463529529.360714, 1, -1.7866, 2.0189, -4.1165, 0.3819, 0.2238, 0.4269, 0.7885
1463529529.361395, 1, -1.7925, 2.0205, -4.1141, 0.3832, 0.2301, 0.4195, 0.7901
1463529529.362448, 1, -1.7879, 2.0210, -4.1120, 0.3850, 0.2321, 0.4247, 0.7859
1463529529.363181, 1, -1.7889, 2.0225, -4.1099, 0.3832, 0.2289, 0.4258, 0.7871
1463529529.363796, 1, -1.7957, 2.0252, -4.1079, 0.3802, 0.2229, 0.4259, 0.7902
1463529529.364440, 1, -1.7978, 2.0277, -4.1068, 0.3802, 0.2192, 0.4345, 0.7866
1463529529.365246, 1, -1.7972, 2.0297, -4.1066, 0.3850, 0.2219, 0.4528, 0.7730
1463529529.365907, 1, -1.8043, 2.0330, -4.1063, 0.3908, 0.2326, 0.4613, 0.7618
1463529529.366508, 1, -1.8037, 2.0346, -4.1066, 0.3999, 0.2490, 0.4790, 0.7407
1463529529.660039, 1, -1.8063, 2.0354, -4.1054, 0.4056, 0.2649, 0.4890, 0.7254
1463529529.662739, 1, -1.8081, 2.0349, -4.1027, 0.4082, 0.2753, 0.4949, 0.7160
1463529529.665194, 1, -1.8064, 2.0329, -4.0978, 0.4086, 0.2718, 0.4962, 0.7162
1463529529.665898, 1, -1.8098, 2.0306, -4.0906, 0.4073, 0.2615, 0.4966, 0.7205
1463529529.666669, 1, -1.8089, 2.0271, -4.0830, 0.4118, 0.2401, 0.4933, 0.7276
1463529529.667388, 1, -1.8057, 2.0235, -4.0752, 0.4170, 0.2074, 0.4848, 0.7403
1463529529.668190, 1, -1.8053, 2.0206, -4.0685, 0.4191, 0.1754, 0.4815, 0.7495
1463529529.668936, 1, -1.8014, 2.0186, -4.0645, 0.4168, 0.1423, 0.4867, 0.7544
1463529530.277161, 1, -1.8945, 2.0457, -3.9274, 0.4469, 0.1712, 0.5105, 0.7144
1463529530.277791, 1, -1.8944, 2.0446, -3.9230, 0.4351, 0.1645, 0.5110, 0.7228
1463529530.278490, 1, -1.8943, 2.0435, -3.9197, 0.4189, 0.1556, 0.5119, 0.7337
1463529530.279152, 1, -1.8934, 2.0424, -3.9176, 0.4046, 0.1486, 0.5146, 0.7412
1463529530.279758, 1, -1.8925, 2.0413, -3.9166, 0.3946, 0.1444, 0.5172, 0.7456
1463529530.280438, 1, -1.8907, 2.0402, -3.9167, 0.3909, 0.1428, 0.5188, 0.7467
1463529530.281029, 1, -1.8883, 2.0390, -3.9177, 0.3919, 0.1425, 0.5220, 0.7441
1463529530.281762, 1, -1.8858, 2.0381, -3.9199, 0.3945, 0.1411, 0.5232, 0.7421
1463529530.282351, 1, -1.8831, 2.0373, -3.9229, 0.3961, 0.1389, 0.5207, 0.7434
1463529530.282979, 1, -1.8794, 2.0364, -3.9268, 0.3952, 0.1372, 0.5169, 0.7469
1463529530.283116, 1, -1.8765, 2.0355, -3.9315, 0.3918, 0.1368, 0.5140, 0.7507
1463529530.284208, 1, -1.8724, 2.0346, -3.9369, 0.3862, 0.1357, 0.5112, 0.7557
1463529530.285069, 1, -1.8676, 2.0333, -3.9427, 0.3826, 0.1381, 0.5068, 0.7601
1463529530.285719, 1, -1.8649, 2.0330, -3.9494, 0.3786, 0.1387, 0.4993, 0.7669
1463529530.286402, 1, -1.8590, 2.0319, -3.9568, 0.3745, 0.1404, 0.4938, 0.7722
1463529530.287060, 1, -1.8545, 2.0313, -3.9645, 0.3728, 0.1435, 0.4865, 0.7770
1463529530.287853, 1, -1.8495, 2.0308, -3.9727, 0.3716, 0.1484, 0.4782, 0.7818
1463529530.581453, 1, -1.8444, 2.0304, -3.9811, 0.3715, 0.1554, 0.4710, 0.7849
1463529530.582749, 1, -1.8401, 2.0301, -3.9897, 0.3720, 0.1654, 0.4636, 0.7870
1463529530.583497, 1, -1.8360, 2.0298, -3.9983, 0.3736, 0.1776, 0.4566, 0.7877
1463529530.584273, 1, -1.8315, 2.0295, -4.0067, 0.3746, 0.1896, 0.4507, 0.7878
1463529530.584997, 1, -1.8280, 2.0289, -4.0151, 0.3754, 0.2018, 0.4452, 0.7875
1463529530.585663, 1, -1.8195, 2.0273, -4.0233, 0.3789, 0.2149, 0.4460, 0.7819
1463529530.586395, 1, -1.8154, 2.0260, -4.0309, 0.3812, 0.2261, 0.4402, 0.7808
1463529530.590429, 1, -1.8167, 2.0249, -4.0377, 0.3834, 0.2371, 0.4270, 0.7839
1463529530.591168, 1, -1.8135, 2.0226, -4.0442, 0.3888, 0.2495, 0.4187, 0.7818
1463529530.591867, 1, -1.8069, 2.0195, -4.0503, 0.3947, 0.2583, 0.4144, 0.7783
1463529530.592583, 1, -1.8048, 2.0165, -4.0557, 0.3997, 0.2623, 0.4075, 0.7781
1463529530.593262, 1, -1.8018, 2.0131, -4.0605, 0.4034, 0.2635, 0.4015, 0.7789
1463529530.594005, 1, -1.7978, 2.0093, -4.0647, 0.4060, 0.2628, 0.3945, 0.7813
1463529530.594709, 1, -1.7945, 2.0054, -4.0682, 0.4066, 0.2595, 0.3857, 0.7865
1463529530.595418, 1, -1.7912, 2.0015, -4.0713, 0.4046, 0.2557, 0.3779, 0.7926
1463529530.597319, 1, -1.7888, 1.9975, -4.0740, 0.4017, 0.2503, 0.3705, 0.7992
1463529530.597692, 1, -1.7914, 1.9940, -4.0762, 0.3969, 0.2449, 0.3618, 0.8072
1463529530.598341, 1, -1.7848, 1.9900, -4.0787, 0.3946, 0.2388, 0.3615, 0.8103
1463529530.599088, 1, -1.7970, 1.9873, -4.0803, 0.3893, 0.2238, 0.3470, 0.8234
1463529530.599930, 1, -1.7982, 1.9848, -4.0824, 0.3867, 0.2217, 0.3430, 0.8269
1463529530.888695, 1, -1.7995, 1.9833, -4.0844, 0.3843, 0.2192, 0.3374, 0.8309
1463529530.889859, 1, -1.8006, 1.9820, -4.0864, 0.3827, 0.2194, 0.3367, 0.8319
1463529530.890524, 1, -1.8030, 1.9812, -4.0881, 0.3832, 0.2202, 0.3361, 0.8317
1463529530.891151, 1, -1.8055, 1.9810, -4.0898, 0.3829, 0.2209, 0.3387, 0.8306
1463529530.895025, 1, -1.8078, 1.9812, -4.0914, 0.3826, 0.2219, 0.3426, 0.8288
1463529530.895699, 1, -1.8051, 1.9819, -4.0931, 0.3812, 0.2308, 0.3526, 0.8229
1463529530.896366, 1, -1.8059, 1.9828, -4.0944, 0.3775, 0.2314, 0.3596, 0.8213
1463529530.897592, 1, -1.8017, 1.9829, -4.0959, 0.3737, 0.2308, 0.3722, 0.8176
1463529530.898383, 1, -1.8036, 1.9838, -4.0971, 0.3668, 0.2285, 0.3789, 0.8183
1463529530.899092, 1, -1.8115, 1.9854, -4.0981, 0.3565, 0.2238, 0.3775, 0.8248
1463529530.899750, 1, -1.8068, 1.9852, -4.0997, 0.3510, 0.2222, 0.3894, 0.8221
1463529530.900482, 1, -1.8075, 1.9857, -4.1012, 0.3444, 0.2186, 0.3928, 0.8242
1463529530.901177, 1, -1.8139, 1.9868, -4.1026, 0.3384, 0.2152, 0.3877, 0.8300
1463529530.901927, 1, -1.8138, 1.9868, -4.1044, 0.3384, 0.2155, 0.3886, 0.8295
1463529530.902699, 1, -1.8137, 1.9866, -4.1066, 0.3408, 0.2160, 0.3887, 0.8283
1463529530.903356, 1, -1.8067, 1.9854, -4.1090, 0.3481, 0.2201, 0.3964, 0.8205
1463529530.904028, 1, -1.8062, 1.9852, -4.1112, 0.3537, 0.2227, 0.3958, 0.8177
1463529530.904738, 1, -1.8115, 1.9856, -4.1129, 0.3588, 0.2252, 0.3894, 0.8179
1463529530.905291, 1, -1.8104, 1.9853, -4.1145, 0.3645, 0.2289, 0.3900, 0.8141
1463529530.906066, 1, -1.8093, 1.9850, -4.1159, 0.3684, 0.2320, 0.3906, 0.8111
1463529531.195831, 1, -1.8087, 1.9846, -4.1169, 0.3708, 0.2337, 0.3921, 0.8088
1463529531.197199, 1, -1.8030, 1.9836, -4.1178, 0.3730, 0.2349, 0.3990, 0.8041
1463529531.197892, 1, -1.8017, 1.9831, -4.1182, 0.3726, 0.2329, 0.4006, 0.8041
1463529531.198579, 1, -1.8059, 1.9831, -4.1181, 0.3694, 0.2280, 0.3970, 0.8087
1463529531.199294, 1, -1.8045, 1.9824, -4.1181, 0.3665, 0.2223, 0.3989, 0.8106
1463529531.200019, 1, -1.8036, 1.9816, -4.1180, 0.3628, 0.2162, 0.4009, 0.8130
1463529531.200793, 1, -1.7972, 1.9799, -4.1180, 0.3604, 0.2106, 0.4107, 0.8106
1463529531.201500, 1, -1.7966, 1.9791, -4.1178, 0.3572, 0.2038, 0.4127, 0.8128
1463529531.202153, 1, -1.8016, 1.9789, -4.1173, 0.3524, 0.1946, 0.4075, 0.8197
1463529531.202795, 1, -1.8007, 1.9780, -4.1172, 0.3507, 0.1875, 0.4107, 0.8205
1463529531.203505, 1, -1.8006, 1.9772, -4.1172, 0.3506, 0.1819, 0.4140, 0.8201
1463529531.204174, 1, -1.7949, 1.9756, -4.1177, 0.3538, 0.1795, 0.4256, 0.8133
1463529531.205442, 1, -1.7947, 1.9750, -4.1180, 0.3556, 0.1769, 0.4293, 0.8112
1463529531.206010, 1, -1.8003, 1.9752, -4.1185, 0.3579, 0.1753, 0.4264, 0.8120
1463529531.206806, 1, -1.7954, 1.9738, -4.1197, 0.3664, 0.1796, 0.4384, 0.8008
1463529531.207615, 1, -1.7960, 1.9733, -4.1211, 0.3747, 0.1856, 0.4434, 0.7928
1463529531.208529, 1, -1.8007, 1.9735, -4.1224, 0.3813, 0.1931, 0.4437, 0.7877
1463529531.209083, 1, -1.8007, 1.9730, -4.1243, 0.3903, 0.2028, 0.4508, 0.7768
1463529531.209922, 1, -1.7978, 1.9720, -4.1265, 0.4026, 0.2140, 0.4615, 0.7610
1463529531.210624, 1, -1.8011, 1.9722, -4.1282, 0.4139, 0.2252, 0.4604, 0.7523
1463529531.503257, 1, -1.8013, 1.9720, -4.1302, 0.4259, 0.2361, 0.4630, 0.7406
1463529531.508002, 1, -1.8007, 1.9719, -4.1321, 0.4328, 0.2450, 0.4650, 0.7324
1463529531.508109, 1, -1.8011, 1.9718, -4.1338, 0.4345, 0.2506, 0.4697, 0.7265
1463529531.508137, 1, -1.8003, 1.9716, -4.1357, 0.4302, 0.2518, 0.4761, 0.7245
1463529531.508164, 1, -1.8004, 1.9714, -4.1376, 0.4236, 0.2501, 0.4826, 0.7246
1463529531.508188, 1, -1.7997, 1.9710, -4.1394, 0.4156, 0.2462, 0.4883, 0.7268
1463529531.508980, 1, -1.7983, 1.9704, -4.1412, 0.4078, 0.2421, 0.4931, 0.7294
1463529531.509936, 1, -1.7970, 1.9697, -4.1431, 0.4009, 0.2391, 0.4968, 0.7316
1463529531.510644, 1, -1.7935, 1.9684, -4.1453, 0.3974, 0.2381, 0.5029, 0.7297
1463529531.514068, 1, -1.7938, 1.9678, -4.1469, 0.3922, 0.2378, 0.5015, 0.7336
1463529531.514174, 1, -1.7918, 1.9666, -4.1488, 0.3884, 0.2367, 0.5027, 0.7351
1463529531.514202, 1, -1.7905, 1.9653, -4.1504, 0.3846, 0.2360, 0.5043, 0.7362
1463529531.515139, 1, -1.7863, 1.9636, -4.1522, 0.3822, 0.2333, 0.5104, 0.7341
1463529531.515793, 1, -1.7867, 1.9630, -4.1531, 0.3768, 0.2317, 0.5089, 0.7384
1463529531.516770, 1, -1.7852, 1.9619, -4.1541, 0.3709, 0.2281, 0.5115, 0.7408
1463529531.518242, 1, -1.7809, 1.9604, -4.1551, 0.3654, 0.2228, 0.5184, 0.7404
1463529531.518933, 1, -1.7792, 1.9595, -4.1557, 0.3562, 0.2161, 0.5217, 0.7445
1463529531.519557, 1, -1.7811, 1.9593, -4.1557, 0.3445, 0.2097, 0.5188, 0.7538
1463529531.520703, 1, -1.7800, 1.9585, -4.1559, 0.3339, 0.2022, 0.5218, 0.7585
1463529531.521960, 1, -1.7781, 1.9578, -4.1561, 0.3245, 0.1939, 0.5241, 0.7632
1463529531.810284, 1, -1.7763, 1.9572, -4.1563, 0.3172, 0.1881, 0.5266, 0.7660
1463529531.812190, 1, -1.7708, 1.9556, -4.1570, 0.3073, 0.1752, 0.5385, 0.7648
1463529531.812897, 1, -1.7690, 1.9553, -4.1574, 0.3031, 0.1705, 0.5409, 0.7658
1463529531.813732, 1, -1.7672, 1.9550, -4.1578, 0.2988, 0.1664, 0.5436, 0.7665
1463529531.814929, 1, -1.7654, 1.9549, -4.1584, 0.2933, 0.1614, 0.5452, 0.7686
1463529531.815738, 1, -1.7664, 1.9555, -4.1589, 0.2856, 0.1570, 0.5387, 0.7769
1463529531.816875, 1, -1.7618, 1.9549, -4.1599, 0.2820, 0.1552, 0.5463, 0.7733
1463529531.817695, 1, -1.7595, 1.9550, -4.1609, 0.2771, 0.1532, 0.5467, 0.7752
1463529531.818289, 1, -1.7574, 1.9551, -4.1619, 0.2737, 0.1523, 0.5471, 0.7763
1463529531.819066, 1, -1.7549, 1.9552, -4.1627, 0.2719, 0.1529, 0.5488, 0.7756
1463529531.819820, 1, -1.7528, 1.9554, -4.1634, 0.2706, 0.1536, 0.5499, 0.7751
1463529531.821467, 1, -1.7508, 1.9556, -4.1639, 0.2706, 0.1549, 0.5512, 0.7739
1463529531.822136, 1, -1.7491, 1.9557, -4.1640, 0.2701, 0.1545, 0.5530, 0.7729
1463529531.822825, 1, -1.7472, 1.9558, -4.1638, 0.2678, 0.1513, 0.5539, 0.7737
1463529531.823535, 1, -1.7451, 1.9556, -4.1634, 0.2651, 0.1470, 0.5547, 0.7749
1463529531.824210, 1, -1.7466, 1.9561, -4.1623, 0.2574, 0.1380, 0.5460, 0.7853
1463529531.824981, 1, -1.7452, 1.9559, -4.1613, 0.2515, 0.1287, 0.5443, 0.7899
1463529531.825523, 1, -1.7435, 1.9556, -4.1603, 0.2459, 0.1182, 0.5427, 0.7944
1463529531.826239, 1, -1.7419, 1.9554, -4.1592, 0.2395, 0.1065, 0.5404, 0.7996
1463529532.117453, 1, -1.7405, 1.9553, -4.1583, 0.2315, 0.0945, 0.5379, 0.8051
1463529532.118650, 1, -1.7394, 1.9552, -4.1573, 0.2247, 0.0837, 0.5346, 0.8104
1463529532.119339, 1, -1.7380, 1.9553, -4.1565, 0.2181, 0.0739, 0.5322, 0.8147
1463529532.120070, 1, -1.7367, 1.9554, -4.1560, 0.2126, 0.0657, 0.5299, 0.8183
1463529532.120872, 1, -1.7358, 1.9555, -4.1557, 0.2094, 0.0603, 0.5283, 0.8206
1463529532.121485, 1, -1.7345, 1.9557, -4.1556, 0.2080, 0.0568, 0.5278, 0.8216
1463529532.122366, 1, -1.7333, 1.9559, -4.1557, 0.2070, 0.0541, 0.5275, 0.8222
1463529532.122955, 1, -1.7321, 1.9560, -4.1561, 0.2075, 0.0538, 0.5271, 0.8223
1463529532.123790, 1, -1.7311, 1.9561, -4.1565, 0.2075, 0.0536, 0.5266, 0.8227
1463529532.124465, 1, -1.7301, 1.9560, -4.1572, 0.2070, 0.0530, 0.5264, 0.8229
1463529532.125247, 1, -1.7290, 1.9559, -4.1579, 0.2058, 0.0523, 0.5262, 0.8235
1463529532.125865, 1, -1.7282, 1.9556, -4.1587, 0.2041, 0.0516, 0.5254, 0.8244
1463529532.126702, 1, -1.7272, 1.9552, -4.1595, 0.2019, 0.0507, 0.5233, 0.8263
1463529532.127374, 1, -1.7261, 1.9546, -4.1604, 0.1993, 0.0491, 0.5217, 0.8281
1463529532.127993, 1, -1.7254, 1.9539, -4.1614, 0.1970, 0.0481, 0.5200, 0.8297
1463529532.128839, 1, -1.7248, 1.9532, -4.1624, 0.1946, 0.0463, 0.5184, 0.8314
1463529532.129409, 1, -1.7238, 1.9525, -4.1634, 0.1915, 0.0439, 0.5170, 0.8331
1463529532.130178, 1, -1.7229, 1.9518, -4.1646, 0.1893, 0.0428, 0.5159, 0.8344
1463529532.130890, 1, -1.7212, 1.9512, -4.1658, 0.1867, 0.0413, 0.5152, 0.8355
1463529532.132019, 1, -1.7201, 1.9507, -4.1671, 0.1846, 0.0402, 0.5146, 0.8364
1463529532.424771, 1, -1.7193, 1.9505, -4.1684, 0.1817, 0.0390, 0.5139, 0.8375
1463529532.425847, 1, -1.7185, 1.9504, -4.1698, 0.1791, 0.0382, 0.5139, 0.8380
1463529532.426538, 1, -1.7179, 1.9504, -4.1711, 0.1751, 0.0364, 0.5134, 0.8393
1463529532.427205, 1, -1.7177, 1.9507, -4.1723, 0.1712, 0.0348, 0.5129, 0.8405
1463529532.428048, 1, -1.7170, 1.9511, -4.1735, 0.1677, 0.0335, 0.5129, 0.8413
1463529532.428855, 1, -1.7166, 1.9516, -4.1747, 0.1643, 0.0321, 0.5133, 0.8417
1463529532.429560, 1, -1.7156, 1.9521, -4.1759, 0.1610, 0.0307, 0.5144, 0.8418
1463529532.430355, 1, -1.7156, 1.9527, -4.1770, 0.1600, 0.0327, 0.5156, 0.8411
1463529532.431000, 1, -1.7160, 1.9532, -4.1778, 0.1591, 0.0346, 0.5172, 0.8402
1463529532.431684, 1, -1.7158, 1.9537, -4.1785, 0.1590, 0.0368, 0.5192, 0.8390
1463529532.432330, 1, -1.7156, 1.9542, -4.1790, 0.1602, 0.0390, 0.5220, 0.8369
1463529532.433210, 1, -1.7154, 1.9544, -4.1792, 0.1621, 0.0413, 0.5248, 0.8346
1463529532.433826, 1, -1.7150, 1.9545, -4.1792, 0.1631, 0.0417, 0.5270, 0.8330
1463529532.434562, 1, -1.7148, 1.9544, -4.1791, 0.1634, 0.0396, 0.5274, 0.8328
1463529532.435350, 1, -1.7145, 1.9542, -4.1788, 0.1627, 0.0347, 0.5272, 0.8333
1463529532.436086, 1, -1.7145, 1.9540, -4.1785, 0.1609, 0.0290, 0.5257, 0.8348
1463529532.436765, 1, -1.7144, 1.9539, -4.1783, 0.1573, 0.0201, 0.5236, 0.8371
1463529532.437543, 1, -1.7146, 1.9541, -4.1784, 0.1528, 0.0108, 0.5212, 0.8396
1463529532.438324, 1, -1.7148, 1.9546, -4.1790, 0.1471, 0.0007, 0.5186, 0.8423
1463529532.438973, 1, -1.7155, 1.9555, -4.1802, 0.1394, -0.0087, 0.5157, 0.8453
1463529532.731953, 1, -1.7160, 1.9567, -4.1820, 0.1320, -0.0140, 0.5137, 0.8477
1463529532.733074, 1, -1.7175, 1.9581, -4.1844, 0.1253, -0.0162, 0.5131, 0.8490
1463529532.733761, 1, -1.7175, 1.9595, -4.1873, 0.1222, -0.0135, 0.5136, 0.8492
1463529532.734519, 1, -1.7180, 1.9607, -4.1906, 0.1232, -0.0049, 0.5169, 0.8471
1463529532.735222, 1, -1.7183, 1.9616, -4.1939, 0.1241, 0.0059, 0.5218, 0.8439
1463529532.737441, 1, -1.7182, 1.9619, -4.1965, 0.1243, 0.0174, 0.5258, 0.8413
1463529532.737582, 1, -1.7179, 1.9618, -4.1981, 0.1234, 0.0263, 0.5277, 0.8400
1463529532.738063, 1, -1.7183, 1.9611, -4.1985, 0.1225, 0.0282, 0.5275, 0.8402
1463529532.738856, 1, -1.7186, 1.9599, -4.1977, 0.1214, 0.0214, 0.5249, 0.8422
1463529532.739478, 1, -1.7179, 1.9584, -4.1960, 0.1219, 0.0088, 0.5211, 0.8447
1463529532.740247, 1, -1.7181, 1.9570, -4.1940, 0.1214, -0.0083, 0.5157, 0.8481
1463529532.740887, 1, -1.7188, 1.9556, -4.1921, 0.1185, -0.0269, 0.5097, 0.8517
1463529532.741674, 1, -1.7202, 1.9547, -4.1908, 0.1145, -0.0420, 0.5050, 0.8545
1463529532.742292, 1, -1.7214, 1.9544, -4.1902, 0.1107, -0.0521, 0.5005, 0.8570
1463529532.743084, 1, -1.7225, 1.9548, -4.1906, 0.1071, -0.0553, 0.5001, 0.8576
1463529532.743651, 1, -1.7232, 1.9557, -4.1917, 0.1052, -0.0520, 0.5025, 0.8566
1463529532.744361, 1, -1.7220, 1.9571, -4.1934, 0.1054, -0.0453, 0.5088, 0.8532
1463529532.745775, 1, -1.7250, 1.9583, -4.1956, 0.1043, -0.0336, 0.5143, 0.8506
1463529532.746528, 1, -1.7259, 1.9596, -4.1977, 0.1026, -0.0225, 0.5206, 0.8473
1463529532.747284, 1, -1.7274, 1.9606, -4.1992, 0.1000, -0.0136, 0.5284, 0.8430
1463529533.039116, 1, -1.7288, 1.9610, -4.1996, 0.0993, -0.0083, 0.5357, 0.8385
1463529533.040250, 1, -1.7297, 1.9608, -4.1988, 0.1004, -0.0083, 0.5400, 0.8356
1463529533.040919, 1, -1.7309, 1.9600, -4.1968, 0.1071, -0.0104, 0.5420, 0.8335
1463529533.041676, 1, -1.7310, 1.9587, -4.1940, 0.1125, -0.0214, 0.5415, 0.8329
1463529533.042527, 1, -1.7314, 1.9571, -4.1909, 0.1213, -0.0325, 0.5399, 0.8323
1463529533.043166, 1, -1.7325, 1.9555, -4.1879, 0.1296, -0.0446, 0.5378, 0.8319
1463529533.044015, 1, -1.7332, 1.9543, -4.1857, 0.1333, -0.0584, 0.5357, 0.8318
1463529533.044787, 1, -1.7342, 1.9541, -4.1851, 0.1348, -0.0701, 0.5348, 0.8312
1463529533.045479, 1, -1.7349, 1.9554, -4.1862, 0.1225, -0.0912, 0.5338, 0.8317
1463529534.273130, 1, -1.7966, 2.0351, -4.2472, 0.1548, 0.3542, 0.5854, 0.7127
1463529534.273779, 1, -1.7973, 2.0343, -4.2451, 0.1556, 0.3533, 0.5886, 0.7103
1463529534.274374, 1, -1.7993, 2.0343, -4.2427, 0.1525, 0.3497, 0.5848, 0.7159
1463529534.275130, 1, -1.7975, 2.0337, -4.2399, 0.1518, 0.3478, 0.5877, 0.7146
1463529534.275751, 1, -1.7932, 2.0327, -4.2371, 0.1528, 0.3485, 0.5960, 0.7071
1463529534.276374, 1, -1.7908, 2.0327, -4.2343, 0.1502, 0.3454, 0.5979, 0.7075
1463529534.277060, 1, -1.7887, 2.0324, -4.2315, 0.1498, 0.3432, 0.5994, 0.7075
1463529534.277761, 1, -1.7866, 2.0318, -4.2291, 0.1520, 0.3417, 0.6009, 0.7065
1463529534.278364, 1, -1.7833, 2.0314, -4.2268, 0.1528, 0.3412, 0.5984, 0.7087
1463529534.279090, 1, -1.7811, 2.0315, -4.2250, 0.1505, 0.3388, 0.5864, 0.7202
1463529534.279804, 1, -1.7758, 2.0308, -4.2231, 0.1532, 0.3444, 0.5825, 0.7202
1463529534.280459, 1, -1.7733, 2.0297, -4.2218, 0.1593, 0.3504, 0.5709, 0.7251
1463529534.281153, 1, -1.7706, 2.0291, -4.2207, 0.1645, 0.3584, 0.5569, 0.7310
1463529534.575186, 1, -1.7675, 2.0284, -4.2195, 0.1712, 0.3683, 0.5412, 0.7363
1463529534.576472, 1, -1.7675, 2.0279, -4.2190, 0.1807, 0.3748, 0.5262, 0.7416
1463529534.577119, 1, -1.7634, 2.0266, -4.2179, 0.1925, 0.3873, 0.5185, 0.7376
1463529534.577730, 1, -1.7634, 2.0261, -4.2164, 0.1997, 0.3972, 0.5038, 0.7407
1463529534.578418, 1, -1.7630, 2.0257, -4.2150, 0.2066, 0.4051, 0.4932, 0.7416
1463529534.579073, 1, -1.7632, 2.0254, -4.2134, 0.2119, 0.4113, 0.4868, 0.7409
1463529534.579724, 1, -1.7631, 2.0251, -4.2118, 0.2166, 0.4146, 0.4849, 0.7389
1463529534.580426, 1, -1.7657, 2.0254, -4.2094, 0.2143, 0.4167, 0.4814, 0.7407
1463529534.581163, 1, -1.7672, 2.0259, -4.2070, 0.2126, 0.4173, 0.4827, 0.7401
1463529534.582121, 1, -1.7697, 2.0264, -4.2045, 0.2104, 0.4160, 0.4854, 0.7396
1463529534.582894, 1, -1.7718, 2.0267, -4.2022, 0.2101, 0.4140, 0.4918, 0.7366
1463529534.583620, 1, -1.7753, 2.0275, -4.1993, 0.2070, 0.4139, 0.4920, 0.7374
1463529534.584333, 1, -1.7782, 2.0283, -4.1966, 0.2068, 0.4140, 0.4939, 0.7361
1463529534.585078, 1, -1.7803, 2.0289, -4.1940, 0.2075, 0.4150, 0.4953, 0.7344
1463529534.585669, 1, -1.7835, 2.0297, -4.1912, 0.2091, 0.4170, 0.4957, 0.7326
1463529534.586472, 1, -1.7845, 2.0302, -4.1887, 0.2124, 0.4182, 0.4991, 0.7286
1463529534.587110, 1, -1.7877, 2.0310, -4.1856, 0.2134, 0.4195, 0.4996, 0.7272
1463529534.587795, 1, -1.7909, 2.0319, -4.1822, 0.2126, 0.4207, 0.4983, 0.7277
1463529534.588416, 1, -1.7936, 2.0326, -4.1789, 0.2136, 0.4211, 0.5003, 0.7258
1463529534.589035, 1, -1.7963, 2.0333, -4.1755, 0.2138, 0.4207, 0.5023, 0.7246
1463529534.882395, 1, -1.7982, 2.0337, -4.1724, 0.2158, 0.4195, 0.5071, 0.7213
1463529534.883694, 1, -1.8011, 2.0344, -4.1689, 0.2156, 0.4189, 0.5100, 0.7196
1463529534.884292, 1, -1.8048, 2.0352, -4.1651, 0.2130, 0.4187, 0.5106, 0.7202
1463529534.885108, 1, -1.8075, 2.0358, -4.1614, 0.2136, 0.4183, 0.5146, 0.7173
1463529534.885899, 1, -1.8109, 2.0364, -4.1577, 0.2142, 0.4181, 0.5190, 0.7141
1463529534.886495, 1, -1.8145, 2.0369, -4.1538, 0.2153, 0.4182, 0.5236, 0.7103
1463529534.887195, 1, -1.8164, 2.0373, -4.1497, 0.2178, 0.4185, 0.5286, 0.7057
1463529534.888526, 1, -1.8199, 2.0375, -4.1454, 0.2196, 0.4185, 0.5339, 0.7011
1463529534.889189, 1, -1.8212, 2.0376, -4.1409, 0.2219, 0.4191, 0.5383, 0.6966
1463529534.889998, 1, -1.8233, 2.0375, -4.1362, 0.2230, 0.4184, 0.5439, 0.6924
1463529534.890765, 1, -1.8246, 2.0371, -4.1313, 0.2259, 0.4181, 0.5499, 0.6869
1463529534.891439, 1, -1.8249, 2.0366, -4.1266, 0.2250, 0.4131, 0.5537, 0.6871
1463529534.892285, 1, -1.8257, 2.0353, -4.1212, 0.2308, 0.4130, 0.5628, 0.6778
1463529534.892878, 1, -1.8262, 2.0340, -4.1161, 0.2343, 0.4093, 0.5676, 0.6748
1463529534.894184, 1, -1.8206, 2.0326, -4.1107, 0.2344, 0.4081, 0.5685, 0.6747
1463529534.895067, 1, -1.8203, 2.0307, -4.1058, 0.2399, 0.4073, 0.5709, 0.6713
1463529534.895644, 1, -1.8193, 2.0286, -4.1007, 0.2468, 0.4132, 0.5670, 0.6684
1463529534.896276, 1, -1.8192, 2.0263, -4.0956, 0.2535, 0.4246, 0.5610, 0.6639
1463529534.897124, 1, -1.8181, 2.0234, -4.0906, 0.2584, 0.4376, 0.5590, 0.6551
1463529534.897834, 1, -1.8179, 2.0202, -4.0860, 0.2622, 0.4484, 0.5646, 0.6415
1463529535.189706, 1, -1.8163, 2.0172, -4.0819, 0.2616, 0.4572, 0.5712, 0.6295
1463529535.190681, 1, -1.8160, 2.0144, -4.0785, 0.2576, 0.4627, 0.5743, 0.6242
1463529535.191424, 1, -1.8133, 2.0116, -4.0765, 0.2463, 0.4604, 0.5766, 0.6284
1463529535.192195, 1, -1.8129, 2.0089, -4.0743, 0.2377, 0.4630, 0.5767, 0.6297
1463529535.192870, 1, -1.8109, 2.0066, -4.0736, 0.2238, 0.4604, 0.5764, 0.6369
1463529535.193596, 1, -1.8079, 2.0046, -4.0746, 0.2115, 0.4547, 0.5777, 0.6440
1463529535.194363, 1, -1.8038, 2.0027, -4.0773, 0.2042, 0.4495, 0.5779, 0.6498
1463529535.195081, 1, -1.8016, 2.0009, -4.0815, 0.2028, 0.4493, 0.5731, 0.6546
1463529535.195758, 1, -1.7988, 1.9986, -4.0870, 0.2040, 0.4567, 0.5639, 0.6571
1463529535.196524, 1, -1.7970, 1.9959, -4.0933, 0.2064, 0.4709, 0.5500, 0.6582
1463529535.197092, 1, -1.7934, 1.9926, -4.1000, 0.2070, 0.4892, 0.5359, 0.6562
1463529535.197789, 1, -1.7943, 1.9884, -4.1072, 0.2146, 0.5051, 0.5324, 0.6444
1463529535.198475, 1, -1.7933, 1.9839, -4.1134, 0.2229, 0.5197, 0.5333, 0.6291
1463529535.199186, 1, -1.7924, 1.9790, -4.1181, 0.2314, 0.5298, 0.5330, 0.6178
1463529535.199847, 1, -1.7916, 1.9737, -4.1215, 0.2343, 0.5366, 0.5253, 0.6174
1463529535.200516, 1, -1.7912, 1.9687, -4.1230, 0.2315, 0.5429, 0.5102, 0.6256
1463529535.201177, 1, -1.7914, 1.9635, -4.1240, 0.2342, 0.5457, 0.5053, 0.6261
1463529535.201892, 1, -1.7923, 1.9583, -4.1242, 0.2345, 0.5465, 0.5051, 0.6255
1463529535.202543, 1, -1.7929, 1.9530, -4.1237, 0.2303, 0.5459, 0.5075, 0.6257
