1463529586.186662, 1, -1.2288, 1.6323, -0.1001, 0.4242, 0.1340, -0.1313, -0.8859
1463529586.188438, 1, -1.2092, 1.6389, -0.0995, 0.4249, 0.1443, -0.1337, -0.8836
1463529586.189311, 1, -1.1898, 1.6461, -0.0984, 0.4221, 0.1527, -0.1404, -0.8825
1463529586.189900, 1, -1.1703, 1.6532, -0.0973, 0.4179, 0.1581, -0.1484, -0.8823
1463529586.190548, 1, -1.1506, 1.6601, -0.0960, 0.4126, 0.1646, -0.1542, -0.8826
1463529586.191190, 1, -1.1308, 1.6666, -0.0945, 0.4081, 0.1710, -0.1581, -0.8827
1463529586.191903, 1, -1.1112, 1.6727, -0.0930, 0.4051, 0.1794, -0.1592, -0.8823
1463529586.192576, 1, -1.0919, 1.6782, -0.0915, 0.4028, 0.1867, -0.1613, -0.8814
1463529586.193328, 1, -1.0721, 1.6831, -0.0911, 0.3997, 0.1907, -0.1649, -0.8813
1463529586.194022, 1, -1.0529, 1.6875, -0.0900, 0.3991, 0.1980, -0.1667, -0.8796
1463529586.194703, 1, -1.0344, 1.6913, -0.0881, 0.4005, 0.2087, -0.1666, -0.8765
1463529586.195339, 1, -1.0153, 1.6944, -0.0875, 0.3996, 0.2132, -0.1707, -0.8750
1463529586.196034, 1, -0.9964, 1.6968, -0.0869, 0.3999, 0.2174, -0.1743, -0.8732
1463529586.196708, 1, -0.9778, 1.6984, -0.0864, 0.4031, 0.2220, -0.1755, -0.8703
1463529586.197350, 1, -0.9592, 1.6994, -0.0861, 0.4077, 0.2295, -0.1738, -0.8665
1463529586.197980, 1, -0.9406, 1.7000, -0.0859, 0.4160, 0.2382, -0.1696, -0.8611
1463529586.198568, 1, -0.9224, 1.7000, -0.0858, 0.4248, 0.2459, -0.1655, -0.8554
1463529586.199161, 1, -0.9042, 1.6995, -0.0856, 0.4364, 0.2553, -0.1596, -0.8479
1463529586.199835, 1, -0.8862, 1.6989, -0.0855, 0.4445, 0.2625, -0.1581, -0.8418
1463529586.200456, 1, -0.8682, 1.6981, -0.0853, 0.4525, 0.2707, -0.1577, -0.8350
1463529586.493806, 1, -0.8503, 1.6972, -0.0851, 0.4601, 0.2788, -0.1588, -0.8279
1463529586.494592, 1, -0.8329, 1.6959, -0.0841, 0.4668, 0.2849, -0.1615, -0.8215
1463529586.495160, 1, -0.8152, 1.6946, -0.0835, 0.4717, 0.2925, -0.1618, -0.8160
1463529586.495876, 1, -0.7973, 1.6931, -0.0828, 0.4766, 0.3040, -0.1575, -0.8097
1463529586.496567, 1, -0.7796, 1.6916, -0.0818, 0.4787, 0.3144, -0.1532, -0.8053
1463529586.497193, 1, -0.7620, 1.6900, -0.0809, 0.4794, 0.3274, -0.1479, -0.8007
1463529586.498012, 1, -0.7445, 1.6884, -0.0798, 0.4790, 0.3445, -0.1403, -0.7951
1463529586.498735, 1, -0.7272, 1.6868, -0.0786, 0.4774, 0.3663, -0.1295, -0.7881
1463529586.499808, 1, -0.7096, 1.6855, -0.0774, 0.4751, 0.3878, -0.1187, -0.7809
1463529586.500147, 1, -0.6918, 1.6847, -0.0754, 0.4744, 0.4022, -0.1122, -0.7749
1463529586.500929, 1, -0.6741, 1.6845, -0.0736, 0.4711, 0.4084, -0.1156, -0.7732
1463529586.501368, 1, -0.6565, 1.6847, -0.0714, 0.4672, 0.4136, -0.1207, -0.7721
1463529586.502041, 1, -0.6392, 1.6855, -0.0693, 0.4629, 0.4196, -0.1265, -0.7705
1463529586.502753, 1, -0.6218, 1.6867, -0.0668, 0.4600, 0.4281, -0.1294, -0.7671
1463529586.503696, 1, -0.6050, 1.6888, -0.0644, 0.4574, 0.4370, -0.1332, -0.7629
1463529586.504368, 1, -0.5884, 1.6914, -0.0617, 0.4532, 0.4467, -0.1384, -0.7589
1463529586.504977, 1, -0.5720, 1.6948, -0.0590, 0.4488, 0.4579, -0.1435, -0.7539
1463529586.505626, 1, -0.5557, 1.6989, -0.0561, 0.4437, 0.4702, -0.1491, -0.7482
1463529586.506345, 1, -0.5397, 1.7037, -0.0534, 0.4375, 0.4823, -0.1580, -0.7423
1463529586.506943, 1, -0.5238, 1.7090, -0.0509, 0.4326, 0.4958, -0.1625, -0.7353
1463529586.801388, 1, -0.5080, 1.7152, -0.0489, 0.4276, 0.5063, -0.1680, -0.7298
1463529586.801566, 1, -0.4923, 1.7215, -0.0470, 0.4240, 0.5153, -0.1758, -0.7237
1463529586.803848, 1, -0.4767, 1.7282, -0.0451, 0.4202, 0.5233, -0.1849, -0.7179
1463529586.803900, 1, -0.4604, 1.7351, -0.0439, 0.0526, 0.4363, 0.8903, 0.1190
1463529586.803931, 1, -0.4448, 1.7421, -0.0424, 0.0468, 0.4367, 0.8916, 0.1099
1463529586.804302, 1, -0.4296, 1.7487, -0.0406, -0.4073, -0.5415, 0.2001, 0.7077
1463529586.804925, 1, -0.4132, 1.7559, -0.0399, -0.0395, -0.4339, -0.8944, -0.1012
1463529586.806113, 1, -0.3983, 1.7634, -0.0381, -0.0368, -0.4297, -0.8971, -0.0960
1463529586.806927, 1, -0.3831, 1.7707, -0.0373, -0.0405, -0.4312, -0.8973, -0.0848
1463529586.807578, 1, -0.3673, 1.7782, -0.0369, -0.0373, -0.4279, -0.8994, -0.0804
1463529586.808138, 1, -0.3531, 1.7851, -0.0360, -0.0377, -0.4275, -0.9003, -0.0730
1463529586.808752, 1, -0.3388, 1.7917, -0.0356, -0.0363, -0.4273, -0.9007, -0.0695
1463529586.809472, 1, -0.3244, 1.7981, -0.0356, -0.0277, -0.4256, -0.9021, -0.0655
1463529586.810987, 1, -0.3109, 1.8036, -0.0360, -0.0242, -0.4277, -0.9015, -0.0621
1463529586.811822, 1, -0.2972, 1.8092, -0.0363, -0.0144, -0.4274, -0.9021, -0.0582
1463529586.812366, 1, -0.2831, 1.8140, -0.0372, -0.0007, -0.4289, -0.9016, -0.0563
1463529586.813088, 1, -0.2707, 1.8185, -0.0366, 0.0109, -0.4347, -0.8991, -0.0510
1463529586.814435, 1, -0.2584, 1.8221, -0.0369, -0.3659, -0.5965, 0.2429, 0.6718
1463529586.814962, 1, -0.2459, 1.8259, -0.0367, -0.3636, -0.6071, 0.2463, 0.6622
1463529586.815685, 1, -0.2334, 1.8292, -0.0368, -0.3603, -0.6199, 0.2482, 0.6514
1463529587.108498, 1, -0.2212, 1.8326, -0.0365, -0.3575, -0.6308, 0.2502, 0.6416
1463529587.108889, 1, -0.2084, 1.8360, -0.0369, 0.0772, -0.4359, -0.8960, -0.0340
1463529587.109468, 1, -0.1975, 1.8393, -0.0364, -0.3517, -0.6514, 0.2501, 0.6240
1463529587.110137, 1, -0.1857, 1.8426, -0.0364, -0.3474, -0.6606, 0.2495, 0.6170
1463529587.110821, 1, -0.1738, 1.8457, -0.0368, -0.3439, -0.6701, 0.2469, 0.6098
1463529587.111488, 1, -0.1618, 1.8490, -0.0370, -0.3396, -0.6758, 0.2454, 0.6064
1463529587.112163, 1, -0.1496, 1.8522, -0.0375, -0.3352, -0.6790, 0.2478, 0.6043
1463529587.112800, 1, -0.1383, 1.8550, -0.0378, -0.3330, -0.6894, 0.2449, 0.5949
1463529587.113487, 1, -0.1249, 1.8584, -0.0396, 0.1442, -0.4093, -0.9007, -0.0176
1463529587.114550, 1, -0.1141, 1.8614, -0.0394, -0.3177, -0.7011, 0.2491, 0.5878
1463529587.115704, 1, -0.1014, 1.8644, -0.0411, -0.3112, -0.7030, 0.2533, 0.5872
1463529587.116196, 1, -0.0888, 1.8675, -0.0429, -0.3057, -0.7054, 0.2576, 0.5854
1463529587.117447, 1, -0.0761, 1.8708, -0.0438, -0.3012, -0.7106, 0.2554, 0.5824
1463529587.119010, 1, -0.0633, 1.8744, -0.0452, -0.2977, -0.7171, 0.2567, 0.5755
1463529587.119724, 1, -0.0487, 1.8775, -0.0479, 0.1746, -0.3920, -0.9032, 0.0057
1463529587.126771, 1, -0.0362, 1.8805, -0.0507, -0.2950, -0.7227, 0.2598, 0.5685
1463529587.127324, 1, -0.0229, 1.8839, -0.0533, -0.2936, -0.7258, 0.2635, 0.5635
1463529587.128023, 1, -0.0102, 1.8878, -0.0554, -0.2904, -0.7310, 0.2682, 0.5562
1463529587.128622, 1, 0.0032, 1.8917, -0.0583, -0.2893, -0.7338, 0.2764, 0.5490
1463529587.129246, 1, 0.0168, 1.8961, -0.0606, -0.2850, -0.7419, 0.2812, 0.5378
1463529587.414882, 1, 0.0309, 1.9004, -0.0633, -0.2821, -0.7519, 0.2806, 0.5258
1463529587.416604, 1, 0.0449, 1.9045, -0.0655, -0.2803, -0.7588, 0.2815, 0.5161
1463529587.417484, 1, 0.0587, 1.9085, -0.0675, -0.2814, -0.7600, 0.2868, 0.5108
1463529587.418181, 1, 0.0724, 1.9120, -0.0692, -0.2799, -0.7617, 0.2926, 0.5059
1463529587.418827, 1, 0.0859, 1.9153, -0.0709, -0.2769, -0.7619, 0.3013, 0.5020
1463529587.419437, 1, 0.0999, 1.9184, -0.0723, -0.2733, -0.7645, 0.3068, 0.4967
1463529587.420155, 1, 0.1141, 1.9211, -0.0734, -0.2695, -0.7682, 0.3119, 0.4898
1463529587.420918, 1, 0.1287, 1.9237, -0.0745, -0.2639, -0.7749, 0.3168, 0.4791
1463529587.421027, 1, 0.1438, 1.9259, -0.0756, -0.2597, -0.7786, 0.3274, 0.4680
1463529587.422144, 1, 0.1586, 1.9280, -0.0757, -0.2541, -0.7847, 0.3313, 0.4581
1463529587.422896, 1, 0.1745, 1.9297, -0.0765, -0.2495, -0.7890, 0.3325, 0.4525
1463529587.423001, 1, 0.1905, 1.9313, -0.0761, -0.2452, -0.7931, 0.3288, 0.4502
1463529587.424409, 1, 0.2067, 1.9331, -0.0755, -0.2452, -0.7947, 0.3270, 0.4488
1463529587.425036, 1, 0.2238, 1.9341, -0.0750, -0.2448, -0.7948, 0.3257, 0.4497
1463529587.425144, 1, 0.2411, 1.9350, -0.0737, -0.2437, -0.7967, 0.3224, 0.4494
1463529587.425636, 1, 0.2583, 1.9355, -0.0717, -0.2415, -0.7980, 0.3214, 0.4490
1463529587.427003, 1, 0.2759, 1.9355, -0.0697, -0.2379, -0.7998, 0.3199, 0.4487
1463529587.427561, 1, 0.2941, 1.9352, -0.0675, -0.2342, -0.8011, 0.3156, 0.4513
1463529587.428305, 1, 0.3121, 1.9347, -0.0641, -0.2324, -0.7997, 0.3115, 0.4576
1463529587.429239, 1, 0.3308, 1.9338, -0.0609, -0.2313, -0.7967, 0.3088, 0.4652
1463529587.722644, 1, 0.3498, 1.9327, -0.0573, -0.2288, -0.7938, 0.3084, 0.4716
1463529587.723309, 1, 0.3695, 1.9311, -0.0539, -0.2289, -0.7905, 0.3059, 0.4786
1463529587.724152, 1, 0.3892, 1.9292, -0.0506, -0.2262, -0.7901, 0.3029, 0.4824
1463529587.724754, 1, 0.4090, 1.9270, -0.0472, -0.2185, -0.7904, 0.2997, 0.4876
1463529587.725472, 1, 0.4291, 1.9247, -0.0439, -0.2129, -0.7918, 0.2971, 0.4894
1463529587.727193, 1, 0.4487, 1.9220, -0.0399, -0.2084, -0.7915, 0.2965, 0.4922
1463529587.727777, 1, 0.4688, 1.9191, -0.0362, -0.2063, -0.7901, 0.2957, 0.4957
1463529587.728487, 1, 0.4907, 1.9153, -0.0334, -0.2017, -0.7907, 0.2956, 0.4967
1463529587.729107, 1, 0.5116, 1.9117, -0.0302, -0.2017, -0.7910, 0.2950, 0.4966
1463529587.729707, 1, 0.5321, 1.9087, -0.0273, -0.2063, -0.7937, 0.2948, 0.4904
1463529587.730448, 1, 0.5525, 1.9056, -0.0241, -0.2104, -0.7960, 0.2938, 0.4856
1463529587.731122, 1, 0.5724, 1.9034, -0.0203, -0.2141, -0.7984, 0.2905, 0.4820
1463529587.731730, 1, 0.5939, 1.9016, -0.0174, -0.2064, -0.8042, 0.2897, 0.4762
1463529587.732695, 1, 0.6140, 1.9008, -0.0142, -0.2073, -0.8075, 0.2897, 0.4701
1463529587.733282, 1, 0.6352, 1.9006, -0.0111, -0.2072, -0.8038, 0.2910, 0.4756
1463529587.733925, 1, 0.6565, 1.9017, -0.0083, -0.2105, -0.7994, 0.2936, 0.4801
1463529587.734661, 1, 0.6792, 1.9028, -0.0065, -0.2140, -0.7950, 0.2925, 0.4865
1463529587.735308, 1, 0.7014, 1.9051, -0.0047, -0.2182, -0.7974, 0.2902, 0.4820
1463529587.736902, 1, 0.7232, 1.9075, -0.0033, -0.2185, -0.7983, 0.2908, 0.4799
1463529587.737587, 1, 0.7433, 1.9106, -0.0019, -0.2201, -0.7992, 0.2925, 0.4768
1463529588.029961, 1, 0.7645, 1.9138, -0.0013, -0.2174, -0.7974, 0.2957, 0.4790
1463529588.030694, 1, 0.7849, 1.9173, -0.0008, -0.2143, -0.7935, 0.2977, 0.4856
1463529588.031390, 1, 0.8051, 1.9209, -0.0005, -0.2096, -0.7897, 0.2987, 0.4932
1463529588.032188, 1, 0.8246, 1.9248, -0.0006, -0.2072, -0.7867, 0.2976, 0.4995
1463529588.032818, 1, 0.8454, 1.9284, -0.0016, -0.2019, -0.7854, 0.2974, 0.5040
1463529588.033502, 1, 0.8645, 1.9322, -0.0020, -0.1985, -0.7819, 0.2967, 0.5110
1463529588.034192, 1, 0.8842, 1.9354, -0.0035, -0.1965, -0.7798, 0.2975, 0.5146
1463529588.034854, 1, 0.9024, 1.9385, -0.0044, -0.1948, -0.7775, 0.2956, 0.5197
1463529588.035782, 1, 0.9225, 1.9402, -0.0069, -0.1915, -0.7734, 0.2965, 0.5266
1463529588.036570, 1, 0.9408, 1.9417, -0.0083, -0.1899, -0.7699, 0.2973, 0.5317
1463529588.037148, 1, 0.9604, 1.9422, -0.0109, -0.1911, -0.7680, 0.3005, 0.5324
1463529588.037820, 1, 0.9786, 1.9424, -0.0127, -0.1913, -0.7667, 0.3032, 0.5326
1463529588.038555, 1, 0.9979, 1.9418, -0.0153, -0.1915, -0.7692, 0.3059, 0.5274
1463529588.039166, 1, 1.0168, 1.9406, -0.0176, -0.1915, -0.7708, 0.3079, 0.5238
1463529588.040043, 1, 1.0352, 1.9390, -0.0198, -0.1908, -0.7737, 0.3096, 0.5189
1463529588.040931, 1, 1.0539, 1.9371, -0.0220, -0.1893, -0.7767, 0.3097, 0.5148
1463529588.041600, 1, 1.0724, 1.9349, -0.0240, -0.1883, -0.7783, 0.3120, 0.5113
1463529588.042294, 1, 1.0909, 1.9325, -0.0262, -0.1879, -0.7810, 0.3130, 0.5068
1463529588.043015, 1, 1.1095, 1.9299, -0.0287, -0.1849, -0.7855, 0.3132, 0.5006
1463529588.043772, 1, 1.1280, 1.9279, -0.0309, -0.1846, -0.7885, 0.3121, 0.4968
1463529588.337007, 1, 1.1461, 1.9257, -0.0329, -0.1823, -0.7920, 0.3133, 0.4913
1463529588.337759, 1, 1.1645, 1.9235, -0.0354, -0.1754, -0.7977, 0.3105, 0.4863
1463529588.338356, 1, 1.1823, 1.9220, -0.0375, -0.1722, -0.8023, 0.3086, 0.4811
1463529588.338480, 1, 1.1997, 1.9207, -0.0393, -0.1687, -0.8057, 0.3089, 0.4765
1463529588.339613, 1, 1.2172, 1.9197, -0.0417, -0.1625, -0.8088, 0.3094, 0.4730
1463529588.340734, 1, 1.2342, 1.9192, -0.0436, -0.1589, -0.8091, 0.3155, 0.4696
1463529588.340843, 1, 1.2521, 1.9185, -0.0462, -0.1495, -0.8097, 0.3163, 0.4711
1463529588.341948, 1, 1.2686, 1.9189, -0.0482, -0.1449, -0.8098, 0.3217, 0.4688
1463529588.342070, 1, 1.2850, 1.9196, -0.0505, -0.1409, -0.8078, 0.3283, 0.4689
1463529588.343100, 1, 1.3016, 1.9210, -0.0529, -0.1363, -0.8057, 0.3338, 0.4699
1463529588.343800, 1, 1.3178, 1.9227, -0.0552, -0.1333, -0.8026, 0.3428, 0.4696
1463529588.344476, 1, 1.3341, 1.9249, -0.0575, -0.1292, -0.7998, 0.3518, 0.4690
1463529588.345085, 1, 1.3506, 1.9276, -0.0596, -0.1257, -0.7984, 0.3605, 0.4657
1463529588.345774, 1, 1.3666, 1.9306, -0.0614, -0.1209, -0.7982, 0.3700, 0.4597
1463529588.346339, 1, 1.3830, 1.9336, -0.0630, -0.1136, -0.8025, 0.3718, 0.4526
1463529588.346924, 1, 1.3992, 1.9368, -0.0642, -0.1082, -0.8058, 0.3749, 0.4454
1463529588.347897, 1, 1.4149, 1.9397, -0.0652, -0.1031, -0.8104, 0.3725, 0.4404
1463529588.348523, 1, 1.4300, 1.9422, -0.0656, -0.0954, -0.8158, 0.3627, 0.4402
1463529588.349324, 1, 1.4450, 1.9446, -0.0660, -0.0890, -0.8181, 0.3547, 0.4438
1463529588.350011, 1, 1.4600, 1.9469, -0.0661, -0.0847, -0.8171, 0.3482, 0.4515
1463529588.644315, 1, 1.4752, 1.9491, -0.0662, -0.0811, -0.8135, 0.3452, 0.4610
1463529588.646466, 1, 1.5058, 1.9534, -0.0661, -0.0835, -0.7982, 0.3519, 0.4818
1463529588.647447, 1, 1.5213, 1.9551, -0.0660, -0.0828, -0.7922, 0.3544, 0.4898
1463529588.650629, 1, 1.5378, 1.9567, -0.0662, -0.0827, -0.7876, 0.3575, 0.4950
1463529588.650730, 1, 1.5547, 1.9583, -0.0667, -0.0829, -0.7845, 0.3606, 0.4976
1463529588.650759, 1, 1.5715, 1.9593, -0.0667, -0.0810, -0.7859, 0.3569, 0.4984
1463529588.650948, 1, 1.5892, 1.9606, -0.0676, -0.0838, -0.7875, 0.3538, 0.4977
1463529588.651256, 1, 1.6070, 1.9614, -0.0682, -0.0867, -0.7897, 0.3495, 0.4968
1463529588.651890, 1, 1.6246, 1.9619, -0.0685, -0.0883, -0.7936, 0.3429, 0.4948
1463529588.652556, 1, 1.6425, 1.9623, -0.0688, -0.0906, -0.7964, 0.3389, 0.4926
1463529588.653664, 1, 1.6601, 1.9626, -0.0684, -0.0916, -0.7972, 0.3381, 0.4916
1463529588.654748, 1, 1.6774, 1.9627, -0.0675, -0.0905, -0.7980, 0.3383, 0.4904
1463529588.655394, 1, 1.6944, 1.9625, -0.0664, -0.0884, -0.7994, 0.3389, 0.4881
1463529588.656129, 1, 1.7114, 1.9621, -0.0650, -0.0855, -0.8011, 0.3390, 0.4858
1463529588.656753, 1, 1.7290, 1.9617, -0.0637, -0.0785, -0.8023, 0.3386, 0.4853
1463529588.657443, 1, 1.7461, 1.9610, -0.0618, -0.0710, -0.8049, 0.3324, 0.4863
1463529588.658126, 1, 1.7635, 1.9604, -0.0600, -0.0661, -0.8063, 0.3278, 0.4878
1463529588.658795, 1, 1.7813, 1.9598, -0.0584, -0.0631, -0.8071, 0.3231, 0.4901
1463529588.659148, 1, 1.7996, 1.9591, -0.0568, -0.0614, -0.8068, 0.3198, 0.4929
1463529588.951579, 1, 1.8179, 1.9585, -0.0552, -0.0606, -0.8050, 0.3180, 0.4971
1463529588.952589, 1, 1.8358, 1.9578, -0.0535, -0.0603, -0.8027, 0.3164, 0.5019
1463529588.953074, 1, 1.8541, 1.9572, -0.0520, -0.0608, -0.7999, 0.3151, 0.5071
1463529588.954691, 1, 1.8723, 1.9568, -0.0507, -0.0616, -0.7980, 0.3146, 0.5103
1463529588.955340, 1, 1.8907, 1.9566, -0.0497, -0.0621, -0.7972, 0.3141, 0.5118
1463529588.956070, 1, 1.9086, 1.9566, -0.0487, -0.0618, -0.7973, 0.3140, 0.5118
1463529588.956775, 1, 1.9261, 1.9568, -0.0477, -0.0622, -0.7981, 0.3149, 0.5099
1463529588.957377, 1, 1.9439, 1.9576, -0.0472, -0.0619, -0.7991, 0.3182, 0.5063
1463529588.958075, 1, 1.9606, 1.9583, -0.0459, -0.0603, -0.8015, 0.3188, 0.5024
1463529588.958766, 1, 1.9776, 1.9596, -0.0448, -0.0570, -0.8033, 0.3205, 0.4987
1463529588.959364, 1, 1.9950, 1.9613, -0.0441, -0.0539, -0.8036, 0.3238, 0.4964
1463529588.960133, 1, 2.0121, 1.9630, -0.0432, -0.0499, -0.8044, 0.3233, 0.4958
1463529588.960679, 1, 2.0291, 1.9652, -0.0424, -0.0508, -0.8031, 0.3236, 0.4977
1463529588.961301, 1, 2.0469, 1.9676, -0.0421, -0.0512, -0.8025, 0.3226, 0.4994
1463529588.962040, 1, 2.0638, 1.9701, -0.0416, -0.0541, -0.8002, 0.3202, 0.5042
1463529588.962322, 1, 2.0807, 1.9725, -0.0415, -0.0543, -0.7978, 0.3166, 0.5102
1463529588.963430, 1, 2.0974, 1.9746, -0.0413, -0.0519, -0.7933, 0.3149, 0.5185
1463529588.964079, 1, 2.1138, 1.9766, -0.0415, -0.0498, -0.7877, 0.3125, 0.5286
1463529588.964752, 1, 2.1304, 1.9784, -0.0420, -0.0449, -0.7819, 0.3118, 0.5379
1463529588.965451, 1, 2.1458, 1.9801, -0.0418, -0.0444, -0.7740, 0.3114, 0.5496
1463529589.260941, 1, 2.1627, 1.9820, -0.0428, -0.0400, -0.7696, 0.3119, 0.5557
1463529589.261050, 1, 2.1792, 1.9837, -0.0439, -0.0376, -0.7665, 0.3132, 0.5595
1463529589.261545, 1, 2.1965, 1.9855, -0.0456, -0.0362, -0.7660, 0.3128, 0.5605
1463529589.262166, 1, 2.2139, 1.9871, -0.0473, -0.0364, -0.7656, 0.3120, 0.5614
1463529589.262917, 1, 2.2310, 1.9884, -0.0492, -0.0377, -0.7675, 0.3095, 0.5601
1463529589.263721, 1, 2.2488, 1.9896, -0.0514, -0.0392, -0.7678, 0.3079, 0.5605
1463529589.264667, 1, 2.2661, 1.9904, -0.0536, -0.0413, -0.7698, 0.3042, 0.5596
1463529589.265398, 1, 2.2839, 1.9909, -0.0560, -0.0421, -0.7714, 0.2976, 0.5609
1463529589.266140, 1, 2.3013, 1.9911, -0.0583, -0.0435, -0.7764, 0.2904, 0.5576
1463529589.266987, 1, 2.3186, 1.9911, -0.0606, -0.0444, -0.7797, 0.2849, 0.5558
1463529589.267703, 1, 2.3358, 1.9909, -0.0629, -0.0474, -0.7829, 0.2820, 0.5526
1463529589.268341, 1, 2.3531, 1.9904, -0.0652, -0.0503, -0.7850, 0.2801, 0.5503
1463529589.269024, 1, 2.3697, 1.9897, -0.0675, -0.0531, -0.7872, 0.2780, 0.5480
1463529589.270291, 1, 2.3858, 1.9887, -0.0699, -0.0558, -0.7882, 0.2760, 0.5472
1463529589.273809, 1, 2.4019, 1.9876, -0.0723, -0.0582, -0.7881, 0.2746, 0.5479
1463529589.273879, 1, 2.4178, 1.9865, -0.0749, -0.0606, -0.7885, 0.2738, 0.5474
1463529589.274148, 1, 2.4333, 1.9852, -0.0775, -0.0634, -0.7903, 0.2723, 0.5452
1463529589.276094, 1, 2.4485, 1.9838, -0.0800, -0.0666, -0.7928, 0.2704, 0.5421
1463529589.276155, 1, 2.4632, 1.9825, -0.0824, -0.0697, -0.7946, 0.2684, 0.5401
1463529589.276186, 1, 2.4775, 1.9812, -0.0849, -0.0715, -0.7960, 0.2663, 0.5388
1463529589.565968, 1, 2.4914, 1.9801, -0.0873, -0.0725, -0.7975, 0.2638, 0.5378
1463529589.566621, 1, 2.5041, 1.9789, -0.0895, -0.0717, -0.7989, 0.2620, 0.5367
1463529589.567553, 1, 2.5166, 1.9781, -0.0917, -0.0688, -0.7988, 0.2620, 0.5372
1463529589.568272, 1, 2.5277, 1.9774, -0.0932, -0.0644, -0.7984, 0.2627, 0.5380
1463529589.568938, 1, 2.5386, 1.9772, -0.0945, -0.0630, -0.7975, 0.2620, 0.5398
1463529589.569592, 1, 2.5496, 1.9773, -0.0959, -0.0566, -0.7995, 0.2597, 0.5387
1463529589.570325, 1, 2.5606, 1.9779, -0.0973, -0.0497, -0.8005, 0.2570, 0.5392
1463529589.571056, 1, 2.5713, 1.9789, -0.0986, -0.0418, -0.8011, 0.2533, 0.5407
1463529589.575879, 1, 2.5827, 1.9812, -0.1005, -0.0328, -0.8011, 0.2492, 0.5432
1463529589.576475, 1, 2.5925, 1.9828, -0.1015, -0.0334, -0.7986, 0.2441, 0.5492
1463529589.576521, 1, 2.6026, 1.9854, -0.1028, -0.0290, -0.7972, 0.2408, 0.5529
1463529589.576555, 1, 2.6133, 1.9885, -0.1042, -0.0259, -0.7959, 0.2387, 0.5557
1463529589.576583, 1, 2.6238, 1.9916, -0.1054, -0.0241, -0.7955, 0.2374, 0.5570
1463529589.577633, 1, 2.6355, 1.9947, -0.1071, -0.0144, -0.7976, 0.2371, 0.5544
1463529589.577680, 1, 2.6459, 1.9976, -0.1078, -0.0135, -0.7988, 0.2342, 0.5539
1463529589.577708, 1, 2.6549, 2.0003, -0.1074, -0.0182, -0.7990, 0.2302, 0.5553
1463529589.577734, 1, 2.6650, 2.0028, -0.1078, -0.0146, -0.7990, 0.2282, 0.5561
1463529589.578193, 1, 2.6768, 2.0052, -0.1093, -0.0007, -0.8003, 0.2276, 0.5548
1463529589.578889, 1, 2.6868, 2.0075, -0.1097, 0.0037, -0.7966, 0.2244, 0.5612
1463529589.579628, 1, 2.6968, 2.0097, -0.1102, 0.0084, -0.7915, 0.2220, 0.5693
1463529589.873330, 1, 2.7074, 2.0120, -0.1109, 0.0115, -0.7869, 0.2195, 0.5766
1463529589.873938, 1, 2.7178, 2.0142, -0.1117, 0.0134, -0.7830, 0.2182, 0.5823
1463529589.874588, 1, 2.7288, 2.0165, -0.1127, 0.0140, -0.7816, 0.2171, 0.5846
1463529589.875513, 1, 2.7400, 2.0188, -0.1137, 0.0137, -0.7810, 0.2169, 0.5856
1463529589.876204, 1, 2.7513, 2.0208, -0.1148, 0.0117, -0.7819, 0.2173, 0.5841
1463529589.876910, 1, 2.7631, 2.0229, -0.1160, 0.0092, -0.7832, 0.2179, 0.5822
1463529589.877602, 1, 2.7745, 2.0246, -0.1172, 0.0053, -0.7851, 0.2193, 0.5791
1463529589.878275, 1, 2.7864, 2.0261, -0.1184, 0.0019, -0.7866, 0.2225, 0.5759
1463529589.880118, 1, 2.7979, 2.0272, -0.1194, -0.0012, -0.7883, 0.2254, 0.5725
1463529589.880703, 1, 2.8079, 2.0279, -0.1192, -0.0081, -0.7858, 0.2293, 0.5743
1463529589.881622, 1, 2.8174, 2.0273, -0.1193, -0.0129, -0.7814, 0.2367, 0.5773
1463529589.882370, 1, 2.8289, 2.0275, -0.1198, -0.0110, -0.7814, 0.2380, 0.5767
1463529589.883028, 1, 2.8391, 2.0278, -0.1187, -0.0082, -0.7817, 0.2463, 0.5729
1463529589.883805, 1, 2.8512, 2.0278, -0.1192, -0.0065, -0.7810, 0.2455, 0.5742
1463529589.884502, 1, 2.8638, 2.0277, -0.1199, -0.0044, -0.7799, 0.2442, 0.5763
1463529589.885154, 1, 2.8795, 2.0284, -0.1223, 0.0011, -0.7812, 0.2393, 0.5766
1463529589.885911, 1, 2.8933, 2.0290, -0.1228, 0.0068, -0.7809, 0.2309, 0.5804
1463529589.886674, 1, 2.9068, 2.0288, -0.1238, 0.0084, -0.7782, 0.2288, 0.5848
1463529589.887395, 1, 2.9183, 2.0271, -0.1242, 0.0032, -0.7713, 0.2351, 0.5914
1463529589.888297, 1, 2.9322, 2.0270, -0.1256, 0.0027, -0.7696, 0.2339, 0.5941
1463529590.180512, 1, 2.9500, 2.0283, -0.1291, 0.0104, -0.7741, 0.2249, 0.5917
1463529590.180997, 1, 2.9640, 2.0281, -0.1309, 0.0079, -0.7734, 0.2257, 0.5924
1463529590.181752, 1, 2.9741, 2.0262, -0.1310, -0.0033, -0.7662, 0.2356, 0.5978
1463529590.182404, 1, 2.9882, 2.0261, -0.1333, -0.0045, -0.7648, 0.2375, 0.5989
1463529590.183275, 1, 3.0017, 2.0257, -0.1355, -0.0065, -0.7637, 0.2377, 0.6002
1463529590.184035, 1, 3.0151, 2.0255, -0.1379, -0.0078, -0.7621, 0.2409, 0.6009
1463529590.185181, 1, 3.0288, 2.0254, -0.1405, -0.0094, -0.7619, 0.2418, 0.6007
1463529590.185753, 1, 3.0419, 2.0253, -0.1428, -0.0103, -0.7610, 0.2438, 0.6011
1463529590.186437, 1, 3.0555, 2.0256, -0.1453, -0.0106, -0.7629, 0.2447, 0.5983
