1464040708.023353, 1, -0.8988, 0.8913, 0.6916, -0.0012, -0.6405, 0.0109, 0.7678
1464040708.024391, 1, -0.8988, 0.8913, 0.6916, -0.0013, -0.6405, 0.0110, 0.7679
1464040708.024986, 1, -0.8988, 0.8913, 0.6916, -0.0013, -0.6405, 0.0109, 0.7679
1464040708.025766, 1, -0.8988, 0.8913, 0.6916, -0.0013, -0.6406, 0.0109, 0.7678
1464040708.027398, 1, -0.8988, 0.8913, 0.6916, -0.0012, -0.6405, 0.0109, 0.7679
1464040708.028079, 1, -0.8988, 0.8913, 0.6916, -0.0012, -0.6406, 0.0109, 0.7678
1464040708.028809, 1, -0.8988, 0.8913, 0.6916, -0.0013, -0.6406, 0.0109, 0.7678
1464040708.029501, 1, -0.8988, 0.8913, 0.6916, -0.0013, -0.6405, 0.0109, 0.7679
1464040708.030248, 1, -0.8988, 0.8913, 0.6916, -0.0013, -0.6406, 0.0109, 0.7678
1464040708.030841, 1, -0.8988, 0.8913, 0.6916, -0.0013, -0.6406, 0.0108, 0.7678
1464040708.031471, 1, -0.8988, 0.8913, 0.6916, -0.0014, -0.6406, 0.0109, 0.7678
1464040708.032129, 1, -0.8988, 0.8913, 0.6916, -0.0013, -0.6405, 0.0109, 0.7678
1464040708.032796, 1, -0.8988, 0.8913, 0.6916, -0.0013, -0.6406, 0.0109, 0.7678
1464040708.033398, 1, -0.8988, 0.8913, 0.6916, -0.0012, -0.6406, 0.0109, 0.7678
1464040708.034123, 1, -0.8988, 0.8913, 0.6916, -0.0013, -0.6406, 0.0109, 0.7678
1464040708.034832, 1, -0.8988, 0.8913, 0.6916, -0.0013, -0.6406, 0.0109, 0.7678
1464040708.035376, 1, -0.8988, 0.8913, 0.6916, -0.0012, -0.6406, 0.0110, 0.7678
1464040708.036312, 1, -0.8988, 0.8913, 0.6916, -0.0013, -0.6406, 0.0111, 0.7678
1464040708.037012, 1, -0.8988, 0.8913, 0.6916, -0.0013, -0.6406, 0.0109, 0.7678
1464040708.037712, 1, -0.8988, 0.8913, 0.6916, -0.0013, -0.6406, 0.0109, 0.7678
1464040708.331213, 1, -0.8988, 0.8913, 0.6916, -0.0014, -0.6406, 0.0109, 0.7678
1464040708.331814, 1, -0.8988, 0.8913, 0.6916, -0.0013, -0.6406, 0.0109, 0.7678
1464040708.332460, 1, -0.8988, 0.8913, 0.6916, -0.0012, -0.6405, 0.0110, 0.7678
1464040708.333118, 1, -0.8988, 0.8913, 0.6916, -0.0013, -0.6406, 0.0109, 0.7678
1464040708.333685, 1, -0.8988, 0.8913, 0.6916, -0.0013, -0.6406, 0.0109, 0.7678
1464040708.334387, 1, -0.8988, 0.8913, 0.6916, -0.0013, -0.6406, 0.0109, 0.7678
1464040708.335104, 1, -0.8988, 0.8913, 0.6916, -0.0012, -0.6406, 0.0110, 0.7678
1464040708.335712, 1, -0.8988, 0.8913, 0.6916, -0.0013, -0.6406, 0.0109, 0.7678
1464040708.336548, 1, -0.8988, 0.8913, 0.6916, -0.0013, -0.6406, 0.0109, 0.7678
1464040708.337166, 1, -0.8988, 0.8913, 0.6916, -0.0013, -0.6405, 0.0109, 0.7678
1464040708.337725, 1, -0.8988, 0.8913, 0.6916, -0.0013, -0.6406, 0.0109, 0.7678
1464040708.339064, 1, -0.8988, 0.8913, 0.6916, -0.0013, -0.6406, 0.0110, 0.7678
1464040708.339116, 1, -0.8988, 0.8913, 0.6916, -0.0013, -0.6406, 0.0109, 0.7678
1464040708.339689, 1, -0.8988, 0.8913, 0.6916, -0.0013, -0.6405, 0.0109, 0.7679
1464040708.340868, 1, -0.8988, 0.8913, 0.6916, -0.0013, -0.6405, 0.0109, 0.7679
1464040708.341576, 1, -0.8988, 0.8913, 0.6916, -0.0013, -0.6406, 0.0109, 0.7678
1464040708.342298, 1, -0.8988, 0.8913, 0.6916, -0.0013, -0.6406, 0.0110, 0.7678
1464040708.342964, 1, -0.8988, 0.8913, 0.6916, -0.0013, -0.6406, 0.0109, 0.7678
1464040708.343670, 1, -0.8988, 0.8913, 0.6916, -0.0013, -0.6406, 0.0109, 0.7678
1464040708.344455, 1, -0.8988, 0.8913, 0.6916, -0.0013, -0.6405, 0.0109, 0.7678
1464040708.638688, 1, -0.8988, 0.8913, 0.6916, -0.0013, -0.6406, 0.0109, 0.7678
1464040708.639228, 1, -0.8988, 0.8913, 0.6916, -0.0012, -0.6406, 0.0109, 0.7678
1464040708.639838, 1, -0.8988, 0.8913, 0.6916, -0.0013, -0.6405, 0.0109, 0.7679
1464040708.640462, 1, -0.8988, 0.8913, 0.6916, -0.0013, -0.6406, 0.0109, 0.7678
1464040708.641161, 1, -0.8988, 0.8913, 0.6916, -0.0013, -0.6406, 0.0109, 0.7678
1464040708.641875, 1, -0.8988, 0.8913, 0.6916, -0.0013, -0.6406, 0.0109, 0.7678
1464040708.642614, 1, -0.8988, 0.8913, 0.6916, -0.0013, -0.6405, 0.0110, 0.7679
1464040708.643294, 1, -0.8988, 0.8913, 0.6916, -0.0013, -0.6406, 0.0109, 0.7678
1464040708.643969, 1, -0.8988, 0.8913, 0.6916, -0.0014, -0.6405, 0.0109, 0.7679
1464040708.644609, 1, -0.8988, 0.8913, 0.6916, -0.0013, -0.6406, 0.0109, 0.7678
1464040708.645236, 1, -0.8988, 0.8913, 0.6916, -0.0012, -0.6405, 0.0109, 0.7679
1464040708.645868, 1, -0.8988, 0.8913, 0.6916, -0.0014, -0.6405, 0.0109, 0.7679
1464040708.646616, 1, -0.8988, 0.8913, 0.6916, -0.0013, -0.6405, 0.0110, 0.7678
1464040708.647211, 1, -0.8988, 0.8913, 0.6916, -0.0012, -0.6405, 0.0110, 0.7678
1464040708.651955, 1, -0.8988, 0.8913, 0.6916, -0.0013, -0.6406, 0.0110, 0.7678
1464040708.652654, 1, -0.8988, 0.8913, 0.6916, -0.0013, -0.6405, 0.0109, 0.7678
1464040708.653352, 1, -0.8988, 0.8913, 0.6916, -0.0012, -0.6405, 0.0109, 0.7679
1464040708.654069, 1, -0.8988, 0.8913, 0.6916, -0.0013, -0.6406, 0.0109, 0.7678
1464040708.654856, 1, -0.8987, 0.8915, 0.6915, 0.0007, -0.6404, 0.0110, 0.7679
1464040708.655752, 1, -0.8988, 0.8913, 0.6916, -0.0012, -0.6405, 0.0109, 0.7679
1464040708.945655, 1, -0.8988, 0.8913, 0.6916, -0.0013, -0.6406, 0.0109, 0.7678
1464040708.946603, 1, -0.8988, 0.8913, 0.6916, -0.0013, -0.6405, 0.0110, 0.7678
1464040708.947383, 1, -0.8988, 0.8913, 0.6916, -0.0013, -0.6406, 0.0109, 0.7678
1464040708.947970, 1, -0.8988, 0.8913, 0.6916, -0.0013, -0.6405, 0.0109, 0.7679
1464040708.948719, 1, -0.8988, 0.8913, 0.6916, -0.0013, -0.6406, 0.0109, 0.7678
1464040708.949375, 1, -0.8988, 0.8913, 0.6916, -0.0013, -0.6405, 0.0108, 0.7679
1464040708.950018, 1, -0.8988, 0.8913, 0.6916, -0.0012, -0.6405, 0.0109, 0.7679
1464040708.950774, 1, -0.8988, 0.8913, 0.6916, -0.0013, -0.6406, 0.0108, 0.7678
1464040708.951362, 1, -0.8988, 0.8913, 0.6916, -0.0013, -0.6405, 0.0109, 0.7679
1464040708.952570, 1, -0.8988, 0.8913, 0.6916, -0.0013, -0.6406, 0.0108, 0.7678
1464040708.953745, 1, -0.8988, 0.8913, 0.6916, -0.0013, -0.6406, 0.0109, 0.7678
1464040708.954337, 1, -0.8988, 0.8913, 0.6916, -0.0013, -0.6405, 0.0109, 0.7679
1464040708.954949, 1, -0.8988, 0.8913, 0.6916, -0.0012, -0.6406, 0.0108, 0.7678
1464040708.955557, 1, -0.8988, 0.8913, 0.6916, -0.0012, -0.6406, 0.0109, 0.7678
1464040708.956168, 1, -0.8988, 0.8913, 0.6916, -0.0013, -0.6406, 0.0109, 0.7678
1464040708.956902, 1, -0.8988, 0.8913, 0.6916, -0.0013, -0.6406, 0.0108, 0.7678
1464040708.957580, 1, -0.8988, 0.8913, 0.6916, -0.0012, -0.6406, 0.0109, 0.7678
1464040708.958227, 1, -0.8988, 0.8913, 0.6916, -0.0013, -0.6406, 0.0109, 0.7678
1464040708.958872, 1, -0.8988, 0.8913, 0.6916, -0.0013, -0.6405, 0.0109, 0.7679
1464040708.959415, 1, -0.8988, 0.8913, 0.6916, -0.0013, -0.6406, 0.0110, 0.7678
1464040709.253268, 1, -0.8988, 0.8913, 0.6916, -0.0013, -0.6406, 0.0109, 0.7678
1464040709.253973, 1, -0.8988, 0.8913, 0.6916, -0.0013, -0.6406, 0.0109, 0.7678
1464040709.254896, 1, -0.8988, 0.8913, 0.6916, -0.0012, -0.6406, 0.0109, 0.7678
1464040709.255219, 1, -0.8988, 0.8913, 0.6916, -0.0013, -0.6405, 0.0109, 0.7679
1464040709.255860, 1, -0.8988, 0.8913, 0.6916, -0.0012, -0.6406, 0.0109, 0.7678
1464040709.256599, 1, -0.8988, 0.8913, 0.6916, -0.0013, -0.6405, 0.0110, 0.7679
1464040709.257269, 1, -0.8988, 0.8913, 0.6916, -0.0013, -0.6406, 0.0110, 0.7678
1464040709.257930, 1, -0.8988, 0.8913, 0.6916, -0.0013, -0.6405, 0.0109, 0.7679
1464040709.258666, 1, -0.8988, 0.8913, 0.6916, -0.0013, -0.6405, 0.0110, 0.7678
1464040709.259294, 1, -0.8988, 0.8913, 0.6916, -0.0012, -0.6405, 0.0110, 0.7678
1464040709.260038, 1, -0.8988, 0.8913, 0.6916, -0.0012, -0.6406, 0.0110, 0.7678
1464040709.260665, 1, -0.8988, 0.8913, 0.6916, -0.0012, -0.6405, 0.0109, 0.7679
1464040709.261375, 1, -0.8988, 0.8913, 0.6916, -0.0013, -0.6405, 0.0109, 0.7679
1464040709.262059, 1, -0.8988, 0.8913, 0.6916, -0.0013, -0.6405, 0.0109, 0.7679
1464040709.263609, 1, -0.8988, 0.8913, 0.6916, -0.0012, -0.6406, 0.0110, 0.7678
1464040709.263786, 1, -0.8988, 0.8913, 0.6916, -0.0012, -0.6405, 0.0110, 0.7679
1464040709.264519, 1, -0.8988, 0.8913, 0.6916, -0.0012, -0.6405, 0.0110, 0.7679
1464040709.264796, 1, -0.8988, 0.8913, 0.6916, -0.0013, -0.6406, 0.0109, 0.7678
1464040709.265620, 1, -0.8988, 0.8913, 0.6916, -0.0012, -0.6406, 0.0109, 0.7678
1464040709.266572, 1, -0.8988, 0.8913, 0.6916, -0.0013, -0.6405, 0.0109, 0.7679
1464040709.560683, 1, -0.8987, 0.8915, 0.6915, 0.0007, -0.6404, 0.0110, 0.7680
1464040709.561415, 1, -0.8988, 0.8913, 0.6916, -0.0013, -0.6406, 0.0110, 0.7678
1464040709.562048, 1, -0.8988, 0.8913, 0.6916, -0.0012, -0.6406, 0.0110, 0.7678
1464040709.562694, 1, -0.8988, 0.8913, 0.6916, -0.0013, -0.6405, 0.0109, 0.7678
1464040709.563440, 1, -0.8988, 0.8913, 0.6916, -0.0013, -0.6406, 0.0109, 0.7678
1464040709.564242, 1, -0.8988, 0.8913, 0.6916, -0.0013, -0.6406, 0.0109, 0.7678
1464040709.564738, 1, -0.8988, 0.8913, 0.6916, -0.0013, -0.6406, 0.0109, 0.7678
1464040709.565340, 1, -0.8988, 0.8913, 0.6916, -0.0012, -0.6406, 0.0109, 0.7678
1464040709.565968, 1, -0.8988, 0.8913, 0.6916, -0.0013, -0.6406, 0.0109, 0.7678
1464040709.566892, 1, -0.8988, 0.8913, 0.6916, -0.0012, -0.6406, 0.0110, 0.7678
1464040709.567381, 1, -0.8988, 0.8913, 0.6916, -0.0012, -0.6406, 0.0110, 0.7678
1464040709.567986, 1, -0.8988, 0.8913, 0.6916, -0.0013, -0.6406, 0.0110, 0.7678
1464040709.568596, 1, -0.8987, 0.8915, 0.6915, 0.0007, -0.6404, 0.0110, 0.7680
1464040709.569318, 1, -0.8988, 0.8913, 0.6916, -0.0013, -0.6405, 0.0109, 0.7678
1464040709.570083, 1, -0.8988, 0.8913, 0.6916, -0.0013, -0.6405, 0.0109, 0.7679
1464040709.570788, 1, -0.8988, 0.8913, 0.6916, -0.0012, -0.6405, 0.0109, 0.7678
1464040709.571496, 1, -0.8988, 0.8913, 0.6916, -0.0012, -0.6406, 0.0109, 0.7678
1464040709.572120, 1, -0.8988, 0.8913, 0.6916, -0.0013, -0.6406, 0.0110, 0.7678
1464040709.572827, 1, -0.8988, 0.8913, 0.6916, -0.0012, -0.6405, 0.0109, 0.7679
1464040709.573464, 1, -0.8988, 0.8913, 0.6916, -0.0012, -0.6405, 0.0110, 0.7679
1464040709.868098, 1, -0.8988, 0.8913, 0.6916, -0.0012, -0.6406, 0.0109, 0.7678
1464040709.868618, 1, -0.8988, 0.8913, 0.6916, -0.0013, -0.6406, 0.0109, 0.7678
1464040709.869255, 1, -0.8988, 0.8913, 0.6916, -0.0013, -0.6406, 0.0109, 0.7678
1464040709.871322, 1, -0.8988, 0.8913, 0.6916, -0.0014, -0.6406, 0.0109, 0.7678
1464040709.872180, 1, -0.8988, 0.8913, 0.6916, -0.0013, -0.6406, 0.0109, 0.7678
1464040709.872829, 1, -0.8988, 0.8913, 0.6916, -0.0013, -0.6406, 0.0109, 0.7678
1464040709.873393, 1, -0.8988, 0.8913, 0.6916, -0.0013, -0.6405, 0.0110, 0.7678
1464040709.874129, 1, -0.8988, 0.8913, 0.6916, -0.0013, -0.6405, 0.0110, 0.7678
1464040709.874780, 1, -0.8988, 0.8913, 0.6916, -0.0013, -0.6405, 0.0109, 0.7679
1464040709.875537, 1, -0.8988, 0.8913, 0.6916, -0.0012, -0.6406, 0.0110, 0.7678
1464040709.876115, 1, -0.8988, 0.8913, 0.6916, -0.0013, -0.6405, 0.0109, 0.7678
1464040709.876894, 1, -0.8988, 0.8913, 0.6916, -0.0013, -0.6405, 0.0109, 0.7679
1464040709.877482, 1, -0.8988, 0.8913, 0.6916, -0.0012, -0.6405, 0.0109, 0.7679
1464040709.880271, 1, -0.8988, 0.8913, 0.6916, -0.0013, -0.6405, 0.0110, 0.7678
1464040709.880549, 1, -0.8988, 0.8913, 0.6916, -0.0012, -0.6405, 0.0109, 0.7679
1464040709.880663, 1, -0.8988, 0.8913, 0.6916, -0.0012, -0.6405, 0.0110, 0.7678
1464040709.881023, 1, -0.8988, 0.8913, 0.6916, -0.0013, -0.6405, 0.0111, 0.7679
1464040709.885488, 1, -0.8988, 0.8913, 0.6916, -0.0012, -0.6406, 0.0110, 0.7678
1464040709.885730, 1, -0.8988, 0.8913, 0.6916, -0.0012, -0.6406, 0.0110, 0.7678
1464040709.885830, 1, -0.8988, 0.8913, 0.6916, -0.0013, -0.6406, 0.0109, 0.7678
1464040710.175412, 1, -0.8988, 0.8913, 0.6916, -0.0012, -0.6406, 0.0109, 0.7678
1464040710.176116, 1, -0.8988, 0.8913, 0.6916, -0.0012, -0.6406, 0.0110, 0.7678
1464040710.176860, 1, -0.8988, 0.8913, 0.6916, -0.0013, -0.6406, 0.0109, 0.7678
1464040710.177454, 1, -0.8988, 0.8913, 0.6916, -0.0013, -0.6405, 0.0109, 0.7679
1464040710.178200, 1, -0.8988, 0.8913, 0.6916, -0.0013, -0.6406, 0.0109, 0.7678
1464040710.178920, 1, -0.8987, 0.8915, 0.6915, 0.0007, -0.6404, 0.0110, 0.7680
1464040710.179440, 1, -0.8988, 0.8913, 0.6916, -0.0012, -0.6406, 0.0109, 0.7678
1464040710.180090, 1, -0.8988, 0.8913, 0.6916, -0.0013, -0.6406, 0.0109, 0.7678
1464040710.180745, 1, -0.8988, 0.8913, 0.6916, -0.0012, -0.6406, 0.0109, 0.7678
1464040710.181392, 1, -0.8988, 0.8913, 0.6916, -0.0013, -0.6406, 0.0110, 0.7678
1464040710.182024, 1, -0.8988, 0.8913, 0.6916, -0.0012, -0.6406, 0.0109, 0.7678
1464040710.182687, 1, -0.8988, 0.8913, 0.6916, -0.0012, -0.6406, 0.0109, 0.7678
1464040710.183380, 1, -0.8988, 0.8913, 0.6916, -0.0013, -0.6406, 0.0109, 0.7678
1464040710.184115, 1, -0.8988, 0.8913, 0.6916, -0.0012, -0.6406, 0.0109, 0.7678
1464040710.184753, 1, -0.8988, 0.8913, 0.6916, -0.0013, -0.6405, 0.0109, 0.7678
1464040710.185386, 1, -0.8988, 0.8913, 0.6916, -0.0012, -0.6407, 0.0109, 0.7677
1464040710.186044, 1, -0.8988, 0.8913, 0.6916, -0.0012, -0.6406, 0.0109, 0.7678
1464040710.186654, 1, -0.8988, 0.8913, 0.6916, -0.0013, -0.6405, 0.0110, 0.7678
1464040710.187300, 1, -0.8988, 0.8913, 0.6916, -0.0012, -0.6406, 0.0108, 0.7678
1464040710.188099, 1, -0.8988, 0.8913, 0.6916, -0.0012, -0.6406, 0.0109, 0.7678
1464040710.482223, 1, -0.8988, 0.8913, 0.6916, -0.0013, -0.6406, 0.0109, 0.7678
1464040710.483305, 1, -0.8988, 0.8913, 0.6916, -0.0012, -0.6406, 0.0108, 0.7678
1464040710.483990, 1, -0.8988, 0.8913, 0.6916, -0.0012, -0.6406, 0.0109, 0.7678
1464040710.484800, 1, -0.8988, 0.8913, 0.6916, -0.0012, -0.6406, 0.0109, 0.7678
1464040710.484907, 1, -0.8988, 0.8913, 0.6916, -0.0012, -0.6406, 0.0109, 0.7678
1464040710.486292, 1, -0.8988, 0.8913, 0.6916, -0.0012, -0.6406, 0.0109, 0.7678
1464040710.487035, 1, -0.8988, 0.8913, 0.6916, -0.0013, -0.6406, 0.0109, 0.7678
1464040710.487631, 1, -0.8988, 0.8913, 0.6916, -0.0012, -0.6406, 0.0109, 0.7678
1464040710.488421, 1, -0.8988, 0.8913, 0.6916, -0.0013, -0.6406, 0.0110, 0.7678
1464040710.489517, 1, -0.8988, 0.8913, 0.6916, -0.0012, -0.6406, 0.0109, 0.7678
1464040710.490359, 1, -0.8988, 0.8913, 0.6916, -0.0012, -0.6406, 0.0109, 0.7678
1464040710.491030, 1, -0.8988, 0.8913, 0.6916, -0.0012, -0.6406, 0.0110, 0.7678
1464040710.491952, 1, -0.8988, 0.8913, 0.6916, -0.0013, -0.6406, 0.0110, 0.7678
1464040710.492895, 1, -0.8988, 0.8913, 0.6916, -0.0012, -0.6406, 0.0110, 0.7678
1464040710.493636, 1, -0.8988, 0.8913, 0.6916, -0.0013, -0.6406, 0.0109, 0.7678
1464040710.494164, 1, -0.8988, 0.8913, 0.6916, -0.0012, -0.6405, 0.0110, 0.7679
1464040710.494819, 1, -0.8988, 0.8913, 0.6916, -0.0013, -0.6405, 0.0109, 0.7679
1464040710.495566, 1, -0.8988, 0.8913, 0.6916, -0.0012, -0.6406, 0.0109, 0.7678
1464040710.496267, 1, -0.8988, 0.8913, 0.6916, -0.0012, -0.6405, 0.0109, 0.7679
1464040710.496882, 1, -0.8988, 0.8913, 0.6916, -0.0013, -0.6406, 0.0110, 0.7678
1464040710.790107, 1, -0.8988, 0.8913, 0.6916, -0.0012, -0.6406, 0.0109, 0.7678
1464040710.790889, 1, -0.8988, 0.8913, 0.6916, -0.0013, -0.6406, 0.0109, 0.7678
1464040710.791585, 1, -0.8988, 0.8913, 0.6916, -0.0013, -0.6405, 0.0109, 0.7679
1464040710.792294, 1, -0.8988, 0.8913, 0.6916, -0.0013, -0.6406, 0.0109, 0.7678
1464040710.792961, 1, -0.8988, 0.8913, 0.6916, -0.0012, -0.6406, 0.0109, 0.7678
1464040710.793581, 1, -0.8988, 0.8913, 0.6916, -0.0013, -0.6406, 0.0109, 0.7678
1464040710.794270, 1, -0.8988, 0.8913, 0.6916, -0.0012, -0.6405, 0.0108, 0.7678
1464040710.794955, 1, -0.8988, 0.8913, 0.6916, -0.0012, -0.6406, 0.0109, 0.7678
1464040710.795584, 1, -0.8988, 0.8913, 0.6916, -0.0012, -0.6406, 0.0109, 0.7678
1464040710.796190, 1, -0.8988, 0.8913, 0.6916, -0.0013, -0.6406, 0.0109, 0.7678
1464040710.796862, 1, -0.8988, 0.8913, 0.6916, -0.0012, -0.6406, 0.0109, 0.7678
1464040710.797601, 1, -0.8988, 0.8913, 0.6916, -0.0013, -0.6405, 0.0109, 0.7679
1464040710.798301, 1, -0.8988, 0.8913, 0.6916, -0.0013, -0.6406, 0.0109, 0.7678
1464040710.798953, 1, -0.8988, 0.8913, 0.6916, -0.0013, -0.6406, 0.0109, 0.7678
1464040710.799531, 1, -0.8988, 0.8913, 0.6916, -0.0013, -0.6406, 0.0109, 0.7678
1464040710.799650, 1, -0.8988, 0.8913, 0.6916, -0.0012, -0.6406, 0.0109, 0.7678
1464040710.800784, 1, -0.8988, 0.8913, 0.6916, -0.0012, -0.6406, 0.0109, 0.7678
1464040710.801431, 1, -0.8988, 0.8913, 0.6916, -0.0013, -0.6405, 0.0109, 0.7679
1464040710.802066, 1, -0.8988, 0.8913, 0.6916, -0.0012, -0.6405, 0.0109, 0.7678
1464040710.802733, 1, -0.8988, 0.8913, 0.6916, -0.0013, -0.6405, 0.0110, 0.7679
1464040711.097947, 1, -0.8988, 0.8913, 0.6916, -0.0012, -0.6405, 0.0110, 0.7678
1464040711.098812, 1, -0.8988, 0.8913, 0.6916, -0.0013, -0.6406, 0.0110, 0.7678
1464040711.099393, 1, -0.8988, 0.8914, 0.6916, -0.0012, -0.6406, 0.0109, 0.7678
1464040711.100146, 1, -0.8988, 0.8913, 0.6916, -0.0013, -0.6406, 0.0109, 0.7678
1464040711.100750, 1, -0.8988, 0.8913, 0.6916, -0.0013, -0.6406, 0.0109, 0.7678
1464040711.101415, 1, -0.8988, 0.8913, 0.6916, -0.0013, -0.6405, 0.0110, 0.7678
1464040711.102037, 1, -0.8988, 0.8913, 0.6916, -0.0012, -0.6405, 0.0109, 0.7678
1464040711.102991, 1, -0.8988, 0.8913, 0.6916, -0.0013, -0.6406, 0.0109, 0.7678
1464040711.103703, 1, -0.8988, 0.8913, 0.6916, -0.0012, -0.6406, 0.0110, 0.7678
1464040711.104417, 1, -0.8988, 0.8913, 0.6916, -0.0012, -0.6406, 0.0110, 0.7678
1464040711.105084, 1, -0.8988, 0.8913, 0.6916, -0.0012, -0.6405, 0.0109, 0.7679
1464040711.105749, 1, -0.8988, 0.8913, 0.6916, -0.0013, -0.6405, 0.0109, 0.7678
1464040711.106321, 1, -0.8988, 0.8913, 0.6916, -0.0013, -0.6405, 0.0110, 0.7679
1464040711.107002, 1, -0.8988, 0.8913, 0.6916, -0.0012, -0.6405, 0.0110, 0.7678
1464040711.107603, 1, -0.8988, 0.8913, 0.6916, -0.0013, -0.6406, 0.0109, 0.7678
1464040711.108455, 1, -0.8988, 0.8913, 0.6916, -0.0013, -0.6406, 0.0110, 0.7678
1464040711.109066, 1, -0.8988, 0.8913, 0.6916, -0.0013, -0.6405, 0.0109, 0.7679
1464040711.109740, 1, -0.8988, 0.8913, 0.6916, -0.0013, -0.6406, 0.0109, 0.7678
1464040711.110453, 1, -0.8988, 0.8913, 0.6916, -0.0013, -0.6406, 0.0109, 0.7678
1464040711.111087, 1, -0.8988, 0.8913, 0.6916, -0.0013, -0.6406, 0.0109, 0.7678
1464040711.404765, 1, -0.8988, 0.8913, 0.6916, -0.0013, -0.6405, 0.0108, 0.7679
1464040711.405543, 1, -0.8988, 0.8913, 0.6916, -0.0013, -0.6406, 0.0109, 0.7678
1464040711.406196, 1, -0.8988, 0.8913, 0.6916, -0.0013, -0.6405, 0.0109, 0.7679
1464040711.406914, 1, -0.8988, 0.8913, 0.6916, -0.0013, -0.6406, 0.0109, 0.7678
1464040711.407582, 1, -0.8988, 0.8913, 0.6916, -0.0013, -0.6405, 0.0109, 0.7679
1464040711.408278, 1, -0.8988, 0.8913, 0.6916, -0.0012, -0.6406, 0.0108, 0.7678
1464040711.409183, 1, -0.8988, 0.8913, 0.6916, -0.0012, -0.6406, 0.0109, 0.7678
1464040711.409286, 1, -0.8988, 0.8913, 0.6916, -0.0012, -0.6406, 0.0109, 0.7678
1464040711.410555, 1, -0.8988, 0.8913, 0.6916, -0.0012, -0.6405, 0.0109, 0.7678
1464040711.411140, 1, -0.8988, 0.8913, 0.6916, -0.0013, -0.6405, 0.0109, 0.7679
1464040711.412019, 1, -0.8987, 0.8915, 0.6915, 0.0007, -0.6404, 0.0110, 0.7680
1464040711.413104, 1, -0.8988, 0.8913, 0.6916, -0.0013, -0.6405, 0.0109, 0.7679
1464040711.413649, 1, -0.8988, 0.8913, 0.6916, -0.0013, -0.6405, 0.0109, 0.7679
1464040711.414456, 1, -0.8988, 0.8913, 0.6916, -0.0013, -0.6405, 0.0109, 0.7679
1464040711.415356, 1, -0.8988, 0.8913, 0.6916, -0.0012, -0.6406, 0.0110, 0.7678
1464040711.416013, 1, -0.8988, 0.8913, 0.6916, -0.0012, -0.6405, 0.0109, 0.7678
1464040711.416669, 1, -0.8987, 0.8915, 0.6915, 0.0006, -0.6404, 0.0110, 0.7680
1464040711.416807, 1, -0.8988, 0.8913, 0.6916, -0.0012, -0.6405, 0.0110, 0.7679
1464040711.417807, 1, -0.8988, 0.8913, 0.6916, -0.0012, -0.6406, 0.0110, 0.7678
1464040711.418578, 1, -0.8988, 0.8913, 0.6916, -0.0012, -0.6406, 0.0110, 0.7678
1464040711.712109, 1, -0.8988, 0.8913, 0.6916, -0.0012, -0.6406, 0.0109, 0.7678
1464040711.712859, 1, -0.8988, 0.8913, 0.6916, -0.0012, -0.6406, 0.0109, 0.7678
1464040711.713572, 1, -0.8988, 0.8913, 0.6916, -0.0012, -0.6406, 0.0109, 0.7678
1464040711.714264, 1, -0.8988, 0.8913, 0.6916, -0.0013, -0.6406, 0.0109, 0.7678
1464040711.715718, 1, -0.8988, 0.8913, 0.6916, -0.0012, -0.6406, 0.0110, 0.7678
1464040711.716355, 1, -0.8988, 0.8913, 0.6916, -0.0013, -0.6406, 0.0110, 0.7678
1464040711.717095, 1, -0.8988, 0.8913, 0.6916, -0.0012, -0.6406, 0.0110, 0.7678
1464040711.717766, 1, -0.8988, 0.8913, 0.6916, -0.0013, -0.6405, 0.0109, 0.7678
1464040711.718415, 1, -0.8988, 0.8913, 0.6916, -0.0013, -0.6406, 0.0109, 0.7678
1464040711.719067, 1, -0.8988, 0.8913, 0.6916, -0.0013, -0.6406, 0.0109, 0.7678
1464040711.719738, 1, -0.8988, 0.8913, 0.6916, -0.0012, -0.6406, 0.0109, 0.7678
1464040711.720382, 1, -0.8988, 0.8913, 0.6916, -0.0012, -0.6406, 0.0110, 0.7678
1464040711.720997, 1, -0.8988, 0.8913, 0.6916, -0.0013, -0.6405, 0.0109, 0.7679
1464040711.721742, 1, -0.8988, 0.8913, 0.6916, -0.0013, -0.6406, 0.0110, 0.7678
1464040711.722442, 1, -0.8988, 0.8913, 0.6916, -0.0012, -0.6406, 0.0109, 0.7678
1464040711.723081, 1, -0.8988, 0.8913, 0.6916, -0.0013, -0.6406, 0.0110, 0.7678
1464040711.723737, 1, -0.8988, 0.8913, 0.6916, -0.0013, -0.6406, 0.0109, 0.7678
1464040711.724442, 1, -0.8988, 0.8913, 0.6916, -0.0013, -0.6406, 0.0110, 0.7678
1464040711.725053, 1, -0.8988, 0.8913, 0.6916, -0.0013, -0.6406, 0.0109, 0.7678
1464040711.725752, 1, -0.8988, 0.8913, 0.6916, -0.0013, -0.6406, 0.0109, 0.7678
1464040712.020503, 1, -0.8988, 0.8913, 0.6916, -0.0013, -0.6406, 0.0109, 0.7678
1464040712.020613, 1, -0.8988, 0.8913, 0.6916, -0.0013, -0.6406, 0.0109, 0.7678
1464040712.021076, 1, -0.8988, 0.8913, 0.6916, -0.0013, -0.6406, 0.0109, 0.7678
1464040712.021782, 1, -0.8988, 0.8913, 0.6916, -0.0012, -0.6406, 0.0109, 0.7678
1464040712.023399, 1, -0.8988, 0.8913, 0.6916, -0.0013, -0.6406, 0.0109, 0.7678
1464040712.024227, 1, -0.8988, 0.8913, 0.6916, -0.0013, -0.6406, 0.0109, 0.7678
1464040712.024832, 1, -0.8988, 0.8913, 0.6916, -0.0012, -0.6406, 0.0109, 0.7678
1464040712.025415, 1, -0.8988, 0.8913, 0.6916, -0.0012, -0.6406, 0.0109, 0.7678
1464040712.026043, 1, -0.8988, 0.8913, 0.6916, -0.0012, -0.6406, 0.0109, 0.7678
1464040712.026666, 1, -0.8988, 0.8913, 0.6916, -0.0012, -0.6405, 0.0109, 0.7679
1464040712.027334, 1, -0.8988, 0.8913, 0.6916, -0.0013, -0.6406, 0.0110, 0.7678
1464040712.028006, 1, -0.8988, 0.8913, 0.6916, -0.0012, -0.6405, 0.0110, 0.7679
1464040712.028685, 1, -0.8988, 0.8913, 0.6916, -0.0012, -0.6405, 0.0109, 0.7679
1464040712.029397, 1, -0.8988, 0.8913, 0.6916, -0.0012, -0.6406, 0.0110, 0.7678
1464040712.029996, 1, -0.8988, 0.8913, 0.6916, -0.0012, -0.6406, 0.0110, 0.7678
1464040712.033679, 1, -0.8988, 0.8913, 0.6916, -0.0012, -0.6406, 0.0110, 0.7678
1464040712.034834, 1, -0.8988, 0.8913, 0.6916, -0.0013, -0.6405, 0.0110, 0.7678
1464040712.035431, 1, -0.8988, 0.8913, 0.6916, -0.0012, -0.6406, 0.0109, 0.7678
1464040712.036208, 1, -0.8988, 0.8913, 0.6916, -0.0013, -0.6406, 0.0109, 0.7678
1464040712.036833, 1, -0.8988, 0.8913, 0.6916, -0.0013, -0.6406, 0.0109, 0.7678
1464040712.326887, 1, -0.8988, 0.8913, 0.6916, -0.0013, -0.6406, 0.0109, 0.7678
1464040712.327608, 1, -0.8988, 0.8913, 0.6916, -0.0013, -0.6406, 0.0109, 0.7678
1464040712.328268, 1, -0.8988, 0.8913, 0.6916, -0.0012, -0.6405, 0.0109, 0.7678
1464040712.328934, 1, -0.8988, 0.8913, 0.6916, -0.0013, -0.6405, 0.0109, 0.7678
1464040712.329665, 1, -0.8988, 0.8913, 0.6916, -0.0013, -0.6406, 0.0109, 0.7678
1464040712.330287, 1, -0.8988, 0.8913, 0.6916, -0.0013, -0.6405, 0.0109, 0.7678
1464040712.331019, 1, -0.8988, 0.8913, 0.6916, -0.0012, -0.6406, 0.0109, 0.7678
1464040712.331634, 1, -0.8988, 0.8913, 0.6916, -0.0013, -0.6405, 0.0110, 0.7678
1464040712.332321, 1, -0.8988, 0.8913, 0.6916, -0.0012, -0.6405, 0.0110, 0.7678
1464040712.332883, 1, -0.8988, 0.8913, 0.6916, -0.0013, -0.6405, 0.0110, 0.7679
1464040712.333645, 1, -0.8988, 0.8913, 0.6916, -0.0013, -0.6406, 0.0110, 0.7678
1464040712.334279, 1, -0.8988, 0.8913, 0.6916, -0.0012, -0.6406, 0.0108, 0.7678
1464040712.334803, 1, -0.8988, 0.8913, 0.6916, -0.0012, -0.6406, 0.0109, 0.7678
1464040712.335511, 1, -0.8988, 0.8913, 0.6916, -0.0012, -0.6406, 0.0109, 0.7678
1464040712.336247, 1, -0.8988, 0.8913, 0.6916, -0.0013, -0.6406, 0.0109, 0.7678
1464040712.336906, 1, -0.8988, 0.8913, 0.6916, -0.0013, -0.6405, 0.0109, 0.7678
1464040712.337647, 1, -0.8988, 0.8913, 0.6916, -0.0012, -0.6405, 0.0109, 0.7679
1464040712.338249, 1, -0.8988, 0.8913, 0.6916, -0.0013, -0.6406, 0.0109, 0.7678
1464040712.339414, 1, -0.8988, 0.8913, 0.6916, -0.0013, -0.6406, 0.0109, 0.7678
1464040712.339550, 1, -0.8988, 0.8913, 0.6916, -0.0012, -0.6405, 0.0110, 0.7679
1464040712.634235, 1, -0.8988, 0.8913, 0.6916, -0.0012, -0.6406, 0.0110, 0.7678
1464040712.634944, 1, -0.8988, 0.8913, 0.6916, -0.0013, -0.6405, 0.0109, 0.7679
1464040712.635607, 1, -0.8988, 0.8913, 0.6916, -0.0013, -0.6405, 0.0110, 0.7678
1464040712.636250, 1, -0.8988, 0.8913, 0.6916, -0.0013, -0.6405, 0.0110, 0.7678
1464040712.636930, 1, -0.8988, 0.8913, 0.6916, -0.0013, -0.6405, 0.0110, 0.7678
1464040712.637549, 1, -0.8988, 0.8913, 0.6916, -0.0013, -0.6405, 0.0109, 0.7678
1464040712.638232, 1, -0.8988, 0.8913, 0.6916, -0.0012, -0.6406, 0.0109, 0.7678
1464040712.638975, 1, -0.8988, 0.8913, 0.6916, -0.0012, -0.6406, 0.0110, 0.7678
1464040712.639579, 1, -0.8988, 0.8913, 0.6916, -0.0012, -0.6405, 0.0109, 0.7679
1464040712.640219, 1, -0.8988, 0.8913, 0.6916, -0.0013, -0.6405, 0.0110, 0.7679
1464040712.640925, 1, -0.8988, 0.8913, 0.6916, -0.0012, -0.6405, 0.0109, 0.7679
1464040712.641559, 1, -0.8988, 0.8913, 0.6916, -0.0013, -0.6406, 0.0109, 0.7678
1464040712.642334, 1, -0.8988, 0.8913, 0.6916, -0.0012, -0.6406, 0.0110, 0.7678
1464040712.642842, 1, -0.8988, 0.8913, 0.6916, -0.0012, -0.6405, 0.0109, 0.7678
1464040712.643481, 1, -0.8988, 0.8913, 0.6916, -0.0013, -0.6405, 0.0109, 0.7679
1464040712.644130, 1, -0.8988, 0.8913, 0.6916, -0.0012, -0.6405, 0.0109, 0.7679
1464040712.644772, 1, -0.8988, 0.8913, 0.6916, -0.0012, -0.6405, 0.0109, 0.7679
1464040712.645508, 1, -0.8988, 0.8913, 0.6916, -0.0012, -0.6405, 0.0109, 0.7678
1464040712.646302, 1, -0.8988, 0.8913, 0.6916, -0.0012, -0.6405, 0.0110, 0.7679
1464040712.648300, 1, -0.8988, 0.8913, 0.6916, -0.0013, -0.6405, 0.0109, 0.7679
1464040712.941714, 1, -0.8988, 0.8913, 0.6916, -0.0013, -0.6405, 0.0109, 0.7678
1464040712.942253, 1, -0.8988, 0.8913, 0.6916, -0.0013, -0.6406, 0.0109, 0.7678
1464040712.942873, 1, -0.8988, 0.8913, 0.6916, -0.0012, -0.6405, 0.0110, 0.7679
1464040712.943584, 1, -0.8987, 0.8915, 0.6915, 0.0007, -0.6404, 0.0109, 0.7680
1464040712.944379, 1, -0.8988, 0.8913, 0.6916, -0.0013, -0.6406, 0.0109, 0.7678
1464040712.944901, 1, -0.8988, 0.8913, 0.6916, -0.0013, -0.6406, 0.0109, 0.7678
1464040712.945568, 1, -0.8988, 0.8913, 0.6916, -0.0012, -0.6406, 0.0109, 0.7678
1464040712.946285, 1, -0.8988, 0.8913, 0.6916, -0.0012, -0.6405, 0.0108, 0.7679
1464040712.946887, 1, -0.8988, 0.8913, 0.6916, -0.0013, -0.6406, 0.0109, 0.7678
1464040712.948314, 1, -0.8988, 0.8913, 0.6916, -0.0013, -0.6406, 0.0109, 0.7678
1464040712.948920, 1, -0.8988, 0.8913, 0.6916, -0.0012, -0.6406, 0.0110, 0.7678
1464040712.949635, 1, -0.8988, 0.8913, 0.6916, -0.0013, -0.6406, 0.0109, 0.7678
1464040712.950463, 1, -0.8988, 0.8913, 0.6916, -0.0013, -0.6406, 0.0109, 0.7678
1464040712.951104, 1, -0.8988, 0.8913, 0.6916, -0.0012, -0.6406, 0.0109, 0.7678
1464040712.951774, 1, -0.8988, 0.8913, 0.6916, -0.0012, -0.6406, 0.0109, 0.7678
1464040712.952437, 1, -0.8988, 0.8913, 0.6916, -0.0012, -0.6406, 0.0109, 0.7678
1464040712.953119, 1, -0.8988, 0.8913, 0.6916, -0.0013, -0.6406, 0.0109, 0.7678
1464040712.953868, 1, -0.8988, 0.8913, 0.6916, -0.0012, -0.6406, 0.0109, 0.7678
1464040712.954566, 1, -0.8988, 0.8913, 0.6916, -0.0012, -0.6405, 0.0108, 0.7678
1464040712.955411, 1, -0.8988, 0.8913, 0.6916, -0.0013, -0.6406, 0.0109, 0.7678
1464040713.249036, 1, -0.8988, 0.8913, 0.6916, -0.0012, -0.6405, 0.0109, 0.7679
1464040713.249607, 1, -0.8988, 0.8913, 0.6916, -0.0012, -0.6405, 0.0109, 0.7679
1464040713.250868, 1, -0.8988, 0.8913, 0.6916, -0.0013, -0.6405, 0.0109, 0.7678
1464040713.251464, 1, -0.8988, 0.8913, 0.6916, -0.0013, -0.6406, 0.0109, 0.7678
1464040713.252265, 1, -0.8988, 0.8913, 0.6916, -0.0013, -0.6405, 0.0109, 0.7679
1464040713.252884, 1, -0.8988, 0.8913, 0.6916, -0.0012, -0.6406, 0.0109, 0.7678
1464040713.253572, 1, -0.8988, 0.8913, 0.6916, -0.0013, -0.6406, 0.0109, 0.7678
1464040713.254276, 1, -0.8988, 0.8913, 0.6916, -0.0013, -0.6405, 0.0109, 0.7678
1464040713.254382, 1, -0.8988, 0.8913, 0.6916, -0.0013, -0.6406, 0.0109, 0.7678
1464040713.255509, 1, -0.8988, 0.8913, 0.6916, -0.0013, -0.6406, 0.0109, 0.7678
1464040713.255616, 1, -0.8988, 0.8913, 0.6916, -0.0013, -0.6406, 0.0109, 0.7678
1464040713.256782, 1, -0.8988, 0.8913, 0.6916, -0.0013, -0.6406, 0.0110, 0.7678
1464040713.256888, 1, -0.8988, 0.8913, 0.6916, -0.0013, -0.6406, 0.0109, 0.7678
1464040713.258061, 1, -0.8988, 0.8913, 0.6916, -0.0013, -0.6405, 0.0110, 0.7678
1464040713.258665, 1, -0.8988, 0.8913, 0.6916, -0.0013, -0.6405, 0.0109, 0.7678
1464040713.259273, 1, -0.8988, 0.8913, 0.6916, -0.0012, -0.6406, 0.0109, 0.7678
1464040713.259903, 1, -0.8987, 0.8915, 0.6915, 0.0007, -0.6404, 0.0110, 0.7680
1464040713.260635, 1, -0.8988, 0.8913, 0.6916, -0.0012, -0.6406, 0.0109, 0.7678
1464040713.261432, 1, -0.8988, 0.8913, 0.6916, -0.0012, -0.6405, 0.0109, 0.7678
1464040713.262063, 1, -0.8988, 0.8913, 0.6916, -0.0012, -0.6406, 0.0108, 0.7678
1464040713.556465, 1, -0.8988, 0.8913, 0.6916, -0.0012, -0.6406, 0.0109, 0.7678
1464040713.557007, 1, -0.8988, 0.8913, 0.6916, -0.0012, -0.6406, 0.0108, 0.7678
1464040713.557815, 1, -0.8988, 0.8913, 0.6916, -0.0013, -0.6406, 0.0109, 0.7678
1464040713.558427, 1, -0.8988, 0.8913, 0.6916, -0.0012, -0.6406, 0.0109, 0.7678
1464040713.559056, 1, -0.8988, 0.8913, 0.6916, -0.0012, -0.6406, 0.0109, 0.7678
1464040713.560248, 1, -0.8988, 0.8913, 0.6916, -0.0013, -0.6406, 0.0108, 0.7678
1464040713.560477, 1, -0.8988, 0.8913, 0.6916, -0.0012, -0.6406, 0.0109, 0.7678
1464040713.560588, 1, -0.8988, 0.8913, 0.6916, -0.0012, -0.6406, 0.0109, 0.7678
1464040713.561664, 1, -0.8988, 0.8913, 0.6916, -0.0013, -0.6405, 0.0109, 0.7679
1464040713.562315, 1, -0.8988, 0.8913, 0.6916, -0.0012, -0.6405, 0.0109, 0.7678
1464040713.562987, 1, -0.8988, 0.8913, 0.6916, -0.0012, -0.6405, 0.0109, 0.7679
1464040713.563602, 1, -0.8988, 0.8913, 0.6916, -0.0013, -0.6405, 0.0109, 0.7678
1464040713.564378, 1, -0.8988, 0.8913, 0.6916, -0.0013, -0.6405, 0.0109, 0.7679
1464040713.564997, 1, -0.8988, 0.8913, 0.6916, -0.0012, -0.6405, 0.0110, 0.7679
1464040713.565788, 1, -0.8988, 0.8913, 0.6916, -0.0012, -0.6405, 0.0110, 0.7679
1464040713.566378, 1, -0.8988, 0.8913, 0.6916, -0.0012, -0.6405, 0.0109, 0.7678
1464040713.567107, 1, -0.8988, 0.8913, 0.6916, -0.0012, -0.6406, 0.0109, 0.7678
1464040713.567716, 1, -0.8988, 0.8913, 0.6916, -0.0012, -0.6405, 0.0109, 0.7679
1464040713.568456, 1, -0.8988, 0.8913, 0.6916, -0.0012, -0.6405, 0.0109, 0.7679
1464040713.569147, 1, -0.8988, 0.8913, 0.6916, -0.0012, -0.6405, 0.0109, 0.7678
1464040713.863174, 1, -0.8988, 0.8913, 0.6916, -0.0012, -0.6406, 0.0109, 0.7678
1464040713.864588, 1, -0.8988, 0.8913, 0.6916, -0.0012, -0.6406, 0.0109, 0.7678
1464040713.864711, 1, -0.8988, 0.8913, 0.6916, -0.0012, -0.6405, 0.0109, 0.7678
1464040713.865639, 1, -0.8988, 0.8913, 0.6916, -0.0012, -0.6406, 0.0108, 0.7678
1464040713.866306, 1, -0.8988, 0.8913, 0.6916, -0.0012, -0.6406, 0.0109, 0.7678
1464040713.867811, 1, -0.8988, 0.8913, 0.6916, -0.0012, -0.6406, 0.0109, 0.7678
1464040713.867934, 1, -0.8988, 0.8913, 0.6916, -0.0011, -0.6406, 0.0109, 0.7678
1464040713.868370, 1, -0.8988, 0.8913, 0.6916, -0.0012, -0.6406, 0.0110, 0.7678
1464040713.868993, 1, -0.8988, 0.8913, 0.6916, -0.0012, -0.6406, 0.0109, 0.7678
1464040713.869809, 1, -0.8988, 0.8913, 0.6916, -0.0013, -0.6406, 0.0109, 0.7678
1464040713.870380, 1, -0.8988, 0.8913, 0.6916, -0.0013, -0.6405, 0.0109, 0.7678
1464040713.871067, 1, -0.8988, 0.8913, 0.6916, -0.0013, -0.6406, 0.0109, 0.7678
1464040713.871205, 1, -0.8988, 0.8913, 0.6916, -0.0013, -0.6406, 0.0110, 0.7678
1464040713.872225, 1, -0.8988, 0.8913, 0.6916, -0.0012, -0.6406, 0.0109, 0.7678
1464040713.873829, 1, -0.8988, 0.8913, 0.6916, -0.0012, -0.6405, 0.0109, 0.7678
1464040713.874453, 1, -0.8988, 0.8913, 0.6916, -0.0012, -0.6406, 0.0110, 0.7678
1464040713.875096, 1, -0.8988, 0.8913, 0.6916, -0.0013, -0.6406, 0.0109, 0.7678
1464040713.875786, 1, -0.8988, 0.8913, 0.6916, -0.0012, -0.6405, 0.0109, 0.7679
1464040713.876434, 1, -0.8988, 0.8913, 0.6916, -0.0013, -0.6406, 0.0109, 0.7678
1464040713.877193, 1, -0.8988, 0.8913, 0.6916, -0.0013, -0.6405, 0.0110, 0.7678
1464040714.170514, 1, -0.8988, 0.8913, 0.6916, -0.0013, -0.6406, 0.0109, 0.7678
1464040714.171921, 1, -0.8988, 0.8913, 0.6916, -0.0012, -0.6406, 0.0109, 0.7678
1464040714.172527, 1, -0.8988, 0.8913, 0.6916, -0.0013, -0.6406, 0.0109, 0.7678
1464040714.173162, 1, -0.8988, 0.8913, 0.6916, -0.0013, -0.6405, 0.0109, 0.7678
1464040714.173865, 1, -0.8988, 0.8913, 0.6916, -0.0012, -0.6406, 0.0108, 0.7678
1464040714.174713, 1, -0.8988, 0.8913, 0.6916, -0.0012, -0.6406, 0.0108, 0.7678
1464040714.175533, 1, -0.8988, 0.8913, 0.6916, -0.0012, -0.6405, 0.0108, 0.7678
1464040714.176129, 1, -0.8988, 0.8913, 0.6916, -0.0012, -0.6406, 0.0109, 0.7678
1464040714.176846, 1, -0.8988, 0.8913, 0.6916, -0.0012, -0.6406, 0.0108, 0.7678
1464040714.177723, 1, -0.8988, 0.8913, 0.6916, -0.0013, -0.6405, 0.0109, 0.7678
1464040714.178465, 1, -0.8988, 0.8913, 0.6916, -0.0012, -0.6406, 0.0109, 0.7678
1464040714.179134, 1, -0.8988, 0.8913, 0.6916, -0.0012, -0.6406, 0.0108, 0.7678
1464040714.179768, 1, -0.8988, 0.8913, 0.6916, -0.0012, -0.6406, 0.0109, 0.7678
1464040714.180576, 1, -0.8988, 0.8913, 0.6916, -0.0012, -0.6406, 0.0109, 0.7678
1464040714.181176, 1, -0.8988, 0.8913, 0.6916, -0.0013, -0.6405, 0.0110, 0.7679
1464040714.182018, 1, -0.8988, 0.8913, 0.6916, -0.0013, -0.6406, 0.0109, 0.7678
1464040714.182678, 1, -0.8988, 0.8913, 0.6916, -0.0013, -0.6406, 0.0109, 0.7678
1464040714.183279, 1, -0.8988, 0.8913, 0.6916, -0.0012, -0.6405, 0.0109, 0.7679
1464040714.183899, 1, -0.8988, 0.8913, 0.6916, -0.0013, -0.6405, 0.0109, 0.7679
1464040714.478480, 1, -0.8988, 0.8913, 0.6916, -0.0013, -0.6406, 0.0109, 0.7678
1464040714.479217, 1, -0.8988, 0.8913, 0.6916, -0.0012, -0.6406, 0.0109, 0.7678
1464040714.481500, 1, -0.8988, 0.8913, 0.6916, -0.0012, -0.6405, 0.0109, 0.7679
1464040714.481878, 1, -0.8988, 0.8913, 0.6916, -0.0013, -0.6406, 0.0109, 0.7678
1464040714.481995, 1, -0.8988, 0.8913, 0.6916, -0.0013, -0.6405, 0.0109, 0.7678
1464040714.482132, 1, -0.8988, 0.8913, 0.6916, -0.0012, -0.6406, 0.0109, 0.7678
1464040714.482504, 1, -0.8988, 0.8913, 0.6916, -0.0012, -0.6406, 0.0109, 0.7678
1464040714.483104, 1, -0.8988, 0.8913, 0.6916, -0.0012, -0.6405, 0.0109, 0.7679
1464040714.483783, 1, -0.8988, 0.8913, 0.6916, -0.0012, -0.6405, 0.0109, 0.7679
1464040714.484351, 1, -0.8988, 0.8913, 0.6916, -0.0012, -0.6405, 0.0109, 0.7679
1464040714.485159, 1, -0.8988, 0.8913, 0.6916, -0.0013, -0.6405, 0.0109, 0.7679
1464040714.485778, 1, -0.8987, 0.8915, 0.6915, 0.0007, -0.6404, 0.0110, 0.7680
1464040714.486437, 1, -0.8988, 0.8913, 0.6916, -0.0012, -0.6405, 0.0110, 0.7678
1464040714.487215, 1, -0.8988, 0.8913, 0.6916, -0.0012, -0.6405, 0.0110, 0.7679
1464040714.487871, 1, -0.8988, 0.8913, 0.6916, -0.0013, -0.6405, 0.0111, 0.7678
1464040714.488487, 1, -0.8988, 0.8913, 0.6916, -0.0012, -0.6406, 0.0110, 0.7678
1464040714.489224, 1, -0.8988, 0.8913, 0.6916, -0.0013, -0.6405, 0.0110, 0.7679
1464040714.489918, 1, -0.8988, 0.8913, 0.6916, -0.0012, -0.6406, 0.0109, 0.7678
1464040714.490494, 1, -0.8988, 0.8913, 0.6916, -0.0011, -0.6405, 0.0109, 0.7678
1464040714.491160, 1, -0.8988, 0.8913, 0.6916, -0.0012, -0.6405, 0.0109, 0.7679
1464040714.492753, 1, -0.8988, 0.8913, 0.6916, -0.0012, -0.6406, 0.0109, 0.7678
1464040714.785766, 1, -0.8988, 0.8913, 0.6916, -0.0012, -0.6405, 0.0109, 0.7679
1464040714.786549, 1, -0.8988, 0.8913, 0.6916, -0.0013, -0.6407, 0.0110, 0.7678
1464040714.787515, 1, -0.8988, 0.8913, 0.6916, -0.0012, -0.6406, 0.0109, 0.7678
1464040714.788334, 1, -0.8988, 0.8913, 0.6916, -0.0012, -0.6406, 0.0109, 0.7678
1464040714.788439, 1, -0.8988, 0.8913, 0.6916, -0.0012, -0.6406, 0.0109, 0.7678
1464040714.789637, 1, -0.8988, 0.8913, 0.6916, -0.0012, -0.6406, 0.0110, 0.7678
1464040714.789783, 1, -0.8988, 0.8913, 0.6916, -0.0012, -0.6405, 0.0109, 0.7679
1464040714.790878, 1, -0.8988, 0.8913, 0.6916, -0.0013, -0.6406, 0.0109, 0.7678
1464040714.791501, 1, -0.8988, 0.8913, 0.6916, -0.0012, -0.6406, 0.0110, 0.7678
1464040714.792140, 1, -0.8988, 0.8913, 0.6916, -0.0012, -0.6406, 0.0109, 0.7678
1464040714.792933, 1, -0.8988, 0.8913, 0.6916, -0.0013, -0.6405, 0.0109, 0.7679
1464040714.793580, 1, -0.8988, 0.8913, 0.6916, -0.0012, -0.6405, 0.0109, 0.7678
1464040714.794232, 1, -0.8988, 0.8913, 0.6916, -0.0013, -0.6405, 0.0109, 0.7678
1464040714.794801, 1, -0.8988, 0.8913, 0.6916, -0.0012, -0.6406, 0.0109, 0.7678
1464040714.795441, 1, -0.8988, 0.8913, 0.6916, -0.0012, -0.6405, 0.0109, 0.7679
1464040714.796072, 1, -0.8988, 0.8913, 0.6916, -0.0012, -0.6406, 0.0109, 0.7678
1464040714.796743, 1, -0.8988, 0.8913, 0.6916, -0.0012, -0.6405, 0.0109, 0.7679
1464040714.797361, 1, -0.8988, 0.8913, 0.6916, -0.0012, -0.6406, 0.0109, 0.7678
1464040714.798003, 1, -0.8988, 0.8913, 0.6916, -0.0012, -0.6406, 0.0110, 0.7678
1464040715.093705, 1, -0.8988, 0.8913, 0.6916, -0.0012, -0.6405, 0.0110, 0.7679
1464040715.094447, 1, -0.8988, 0.8913, 0.6916, -0.0013, -0.6405, 0.0109, 0.7678
1464040715.094625, 1, -0.8988, 0.8913, 0.6916, -0.0012, -0.6406, 0.0109, 0.7678
1464040715.095667, 1, -0.8988, 0.8913, 0.6916, -0.0012, -0.6405, 0.0109, 0.7679
1464040715.096307, 1, -0.8988, 0.8913, 0.6916, -0.0012, -0.6405, 0.0110, 0.7678
1464040715.096875, 1, -0.8988, 0.8913, 0.6916, -0.0012, -0.6405, 0.0109, 0.7678
1464040715.097504, 1, -0.8988, 0.8913, 0.6916, -0.0012, -0.6405, 0.0108, 0.7679
1464040715.098284, 1, -0.8988, 0.8913, 0.6916, -0.0012, -0.6406, 0.0109, 0.7678
1464040715.098936, 1, -0.8988, 0.8913, 0.6916, -0.0012, -0.6405, 0.0108, 0.7679
1464040715.099611, 1, -0.8988, 0.8913, 0.6916, -0.0012, -0.6406, 0.0110, 0.7678
1464040715.100353, 1, -0.8988, 0.8913, 0.6916, -0.0012, -0.6406, 0.0110, 0.7678
1464040715.101020, 1, -0.8988, 0.8913, 0.6916, -0.0012, -0.6405, 0.0109, 0.7679
1464040715.101716, 1, -0.8988, 0.8913, 0.6916, -0.0013, -0.6405, 0.0108, 0.7678
1464040715.102408, 1, -0.8988, 0.8913, 0.6916, -0.0012, -0.6405, 0.0108, 0.7679
1464040715.102938, 1, -0.8988, 0.8913, 0.6916, -0.0012, -0.6405, 0.0109, 0.7679
1464040715.103716, 1, -0.8988, 0.8913, 0.6916, -0.0012, -0.6405, 0.0109, 0.7678
1464040715.104374, 1, -0.8988, 0.8913, 0.6916, -0.0012, -0.6406, 0.0109, 0.7678
1464040715.105007, 1, -0.8988, 0.8913, 0.6916, -0.0012, -0.6405, 0.0110, 0.7678
1464040715.107763, 1, -0.8988, 0.8913, 0.6916, -0.0012, -0.6405, 0.0110, 0.7679
1464040715.109057, 1, -0.8988, 0.8913, 0.6916, -0.0012, -0.6406, 0.0109, 0.7678
1464040715.400491, 1, -0.8988, 0.8913, 0.6916, -0.0013, -0.6405, 0.0109, 0.7678
1464040715.401163, 1, -0.8988, 0.8913, 0.6916, -0.0012, -0.6405, 0.0109, 0.7678
1464040715.401784, 1, -0.8988, 0.8913, 0.6916, -0.0013, -0.6406, 0.0109, 0.7678
1464040715.402395, 1, -0.8988, 0.8913, 0.6916, -0.0012, -0.6405, 0.0110, 0.7679
1464040715.403003, 1, -0.8988, 0.8913, 0.6916, -0.0012, -0.6405, 0.0109, 0.7679
1464040715.403831, 1, -0.8988, 0.8913, 0.6916, -0.0012, -0.6405, 0.0110, 0.7679
1464040715.404387, 1, -0.8988, 0.8913, 0.6916, -0.0013, -0.6405, 0.0110, 0.7679
1464040715.405023, 1, -0.8988, 0.8913, 0.6916, -0.0013, -0.6405, 0.0109, 0.7678
1464040715.405716, 1, -0.8988, 0.8913, 0.6916, -0.0013, -0.6406, 0.0109, 0.7678
1464040715.406422, 1, -0.8988, 0.8913, 0.6916, -0.0012, -0.6405, 0.0108, 0.7679
1464040715.407166, 1, -0.8988, 0.8913, 0.6916, -0.0012, -0.6405, 0.0109, 0.7679
1464040715.407774, 1, -0.8988, 0.8913, 0.6916, -0.0012, -0.6406, 0.0110, 0.7678
1464040715.408540, 1, -0.8988, 0.8913, 0.6916, -0.0012, -0.6405, 0.0109, 0.7678
1464040715.409181, 1, -0.8988, 0.8913, 0.6916, -0.0012, -0.6406, 0.0110, 0.7678
1464040715.409328, 1, -0.8988, 0.8913, 0.6916, -0.0012, -0.6405, 0.0110, 0.7678
1464040715.410399, 1, -0.8988, 0.8913, 0.6916, -0.0012, -0.6405, 0.0109, 0.7679
1464040715.411091, 1, -0.8988, 0.8913, 0.6916, -0.0013, -0.6405, 0.0110, 0.7679
1464040715.411755, 1, -0.8988, 0.8913, 0.6916, -0.0012, -0.6405, 0.0110, 0.7679
1464040715.412398, 1, -0.8988, 0.8913, 0.6916, -0.0012, -0.6406, 0.0110, 0.7678
1464040715.413016, 1, -0.8988, 0.8913, 0.6916, -0.0012, -0.6405, 0.0110, 0.7678
1464040715.707858, 1, -0.8988, 0.8913, 0.6916, -0.0012, -0.6405, 0.0109, 0.7678
1464040715.708507, 1, -0.8988, 0.8913, 0.6916, -0.0012, -0.6405, 0.0109, 0.7678
1464040715.709197, 1, -0.8988, 0.8913, 0.6916, -0.0013, -0.6406, 0.0109, 0.7678
1464040715.709935, 1, -0.8988, 0.8913, 0.6916, -0.0012, -0.6406, 0.0109, 0.7678
1464040715.710645, 1, -0.8988, 0.8913, 0.6916, -0.0012, -0.6405, 0.0109, 0.7679
1464040715.711204, 1, -0.8988, 0.8913, 0.6916, -0.0012, -0.6406, 0.0109, 0.7678
1464040715.711783, 1, -0.8988, 0.8913, 0.6916, -0.0013, -0.6406, 0.0109, 0.7678
1464040715.712531, 1, -0.8988, 0.8913, 0.6916, -0.0012, -0.6406, 0.0109, 0.7678
1464040715.713282, 1, -0.8988, 0.8913, 0.6916, -0.0012, -0.6406, 0.0109, 0.7678
1464040715.713936, 1, -0.8988, 0.8913, 0.6916, -0.0013, -0.6405, 0.0110, 0.7679
1464040715.714575, 1, -0.8988, 0.8913, 0.6916, -0.0012, -0.6406, 0.0109, 0.7678
1464040715.715191, 1, -0.8988, 0.8913, 0.6916, -0.0013, -0.6405, 0.0110, 0.7678
1464040715.715917, 1, -0.8988, 0.8913, 0.6916, -0.0012, -0.6406, 0.0109, 0.7678
1464040715.716687, 1, -0.8988, 0.8913, 0.6916, -0.0013, -0.6405, 0.0110, 0.7679
1464040715.717365, 1, -0.8988, 0.8913, 0.6916, -0.0013, -0.6406, 0.0110, 0.7678
1464040715.718065, 1, -0.8988, 0.8913, 0.6916, -0.0012, -0.6406, 0.0110, 0.7678
1464040715.718711, 1, -0.8988, 0.8913, 0.6916, -0.0013, -0.6405, 0.0110, 0.7679
1464040715.719536, 1, -0.8988, 0.8913, 0.6916, -0.0012, -0.6406, 0.0110, 0.7678
1464040715.719675, 1, -0.8988, 0.8913, 0.6916, -0.0012, -0.6406, 0.0109, 0.7678
1464040715.720652, 1, -0.8988, 0.8913, 0.6916, -0.0012, -0.6406, 0.0109, 0.7678
1464040716.015329, 1, -0.8988, 0.8913, 0.6916, -0.0012, -0.6406, 0.0109, 0.7678
1464040716.015846, 1, -0.8988, 0.8913, 0.6916, -0.0012, -0.6406, 0.0109, 0.7678
1464040716.016517, 1, -0.8988, 0.8913, 0.6916, -0.0012, -0.6405, 0.0109, 0.7678
1464040716.017132, 1, -0.8988, 0.8913, 0.6916, -0.0011, -0.6406, 0.0108, 0.7678
1464040716.017843, 1, -0.8988, 0.8913, 0.6916, -0.0011, -0.6405, 0.0109, 0.7679
1464040716.019340, 1, -0.8988, 0.8913, 0.6916, -0.0012, -0.6405, 0.0110, 0.7679
1464040716.019950, 1, -0.8988, 0.8913, 0.6916, -0.0012, -0.6405, 0.0110, 0.7678
1464040716.020587, 1, -0.8988, 0.8913, 0.6916, -0.0012, -0.6405, 0.0108, 0.7678
1464040716.021433, 1, -0.8988, 0.8913, 0.6916, -0.0012, -0.6405, 0.0110, 0.7678
1464040716.022055, 1, -0.8988, 0.8913, 0.6916, -0.0012, -0.6405, 0.0109, 0.7679
1464040716.023482, 1, -0.8988, 0.8913, 0.6916, -0.0012, -0.6406, 0.0108, 0.7678
1464040716.023542, 1, -0.8988, 0.8913, 0.6916, -0.0012, -0.6405, 0.0109, 0.7679
1464040716.024216, 1, -0.8988, 0.8913, 0.6916, -0.0012, -0.6405, 0.0108, 0.7679
1464040716.024840, 1, -0.8988, 0.8913, 0.6916, -0.0012, -0.6406, 0.0109, 0.7678
1464040716.025440, 1, -0.8988, 0.8913, 0.6916, -0.0013, -0.6405, 0.0109, 0.7679
1464040716.026132, 1, -0.8988, 0.8913, 0.6916, -0.0012, -0.6405, 0.0109, 0.7679
1464040716.026764, 1, -0.8988, 0.8913, 0.6916, -0.0012, -0.6406, 0.0109, 0.7678
1464040716.027315, 1, -0.8988, 0.8913, 0.6916, -0.0012, -0.6405, 0.0109, 0.7679
1464040716.027997, 1, -0.8988, 0.8913, 0.6916, -0.0012, -0.6406, 0.0109, 0.7678
1464040716.028576, 1, -0.8988, 0.8913, 0.6916, -0.0013, -0.6406, 0.0109, 0.7678
1464040716.322580, 1, -0.8988, 0.8913, 0.6916, -0.0013, -0.6405, 0.0109, 0.7679
1464040716.323361, 1, -0.8988, 0.8913, 0.6916, -0.0012, -0.6405, 0.0110, 0.7678
1464040716.323491, 1, -0.8988, 0.8913, 0.6916, -0.0012, -0.6405, 0.0109, 0.7678
1464040716.324891, 1, -0.8988, 0.8913, 0.6916, -0.0013, -0.6405, 0.0109, 0.7679
1464040716.325518, 1, -0.8988, 0.8913, 0.6916, -0.0012, -0.6405, 0.0109, 0.7679
1464040716.326134, 1, -0.8988, 0.8913, 0.6916, -0.0012, -0.6405, 0.0109, 0.7678
1464040716.326818, 1, -0.8988, 0.8913, 0.6916, -0.0013, -0.6406, 0.0109, 0.7678
1464040716.327562, 1, -0.8988, 0.8913, 0.6916, -0.0012, -0.6406, 0.0109, 0.7678
1464040716.328253, 1, -0.8988, 0.8913, 0.6916, -0.0013, -0.6406, 0.0109, 0.7678
1464040716.328938, 1, -0.8988, 0.8913, 0.6916, -0.0013, -0.6406, 0.0109, 0.7678
1464040716.329687, 1, -0.8988, 0.8913, 0.6916, -0.0012, -0.6406, 0.0109, 0.7678
1464040716.330307, 1, -0.8988, 0.8913, 0.6916, -0.0012, -0.6406, 0.0109, 0.7678
1464040716.331026, 1, -0.8988, 0.8913, 0.6916, -0.0013, -0.6406, 0.0109, 0.7678
1464040716.331621, 1, -0.8988, 0.8913, 0.6916, -0.0012, -0.6405, 0.0108, 0.7678
1464040716.332361, 1, -0.8988, 0.8913, 0.6916, -0.0012, -0.6405, 0.0109, 0.7679
1464040716.332939, 1, -0.8988, 0.8913, 0.6916, -0.0012, -0.6406, 0.0110, 0.7678
1464040716.333578, 1, -0.8988, 0.8913, 0.6916, -0.0013, -0.6405, 0.0109, 0.7679
1464040716.334221, 1, -0.8988, 0.8913, 0.6916, -0.0012, -0.6405, 0.0109, 0.7679
1464040716.334830, 1, -0.8988, 0.8913, 0.6916, -0.0012, -0.6406, 0.0109, 0.7678
1464040716.337685, 1, -0.8988, 0.8913, 0.6916, -0.0012, -0.6406, 0.0108, 0.7678
1464040716.629998, 1, -0.8988, 0.8913, 0.6916, -0.0012, -0.6405, 0.0109, 0.7678
1464040716.630652, 1, -0.8988, 0.8913, 0.6916, -0.0013, -0.6405, 0.0109, 0.7678
1464040716.631474, 1, -0.8988, 0.8913, 0.6916, -0.0013, -0.6405, 0.0109, 0.7679
1464040716.632180, 1, -0.8988, 0.8913, 0.6916, -0.0012, -0.6406, 0.0110, 0.7678
1464040716.633025, 1, -0.8988, 0.8913, 0.6916, -0.0012, -0.6405, 0.0109, 0.7678
1464040716.633708, 1, -0.8988, 0.8913, 0.6916, -0.0012, -0.6405, 0.0109, 0.7678
1464040716.635748, 1, -0.8988, 0.8913, 0.6916, -0.0012, -0.6405, 0.0108, 0.7679
1464040716.636048, 1, -0.8988, 0.8913, 0.6916, -0.0012, -0.6405, 0.0108, 0.7678
1464040716.636776, 1, -0.8988, 0.8913, 0.6916, -0.0012, -0.6406, 0.0109, 0.7678
1464040716.637388, 1, -0.8988, 0.8913, 0.6916, -0.0012, -0.6405, 0.0109, 0.7678
1464040716.638136, 1, -0.8988, 0.8913, 0.6916, -0.0013, -0.6406, 0.0109, 0.7678
1464040716.638739, 1, -0.8988, 0.8913, 0.6916, -0.0013, -0.6405, 0.0108, 0.7678
1464040716.639529, 1, -0.8988, 0.8913, 0.6916, -0.0013, -0.6405, 0.0109, 0.7678
1464040716.640233, 1, -0.8988, 0.8913, 0.6916, -0.0012, -0.6406, 0.0108, 0.7678
1464040716.640857, 1, -0.8988, 0.8913, 0.6916, -0.0012, -0.6406, 0.0109, 0.7678
1464040716.641548, 1, -0.8988, 0.8913, 0.6916, -0.0013, -0.6406, 0.0109, 0.7678
1464040716.642254, 1, -0.8988, 0.8913, 0.6916, -0.0012, -0.6405, 0.0109, 0.7679
1464040716.642892, 1, -0.8988, 0.8913, 0.6916, -0.0013, -0.6405, 0.0109, 0.7679
1464040716.643555, 1, -0.8988, 0.8913, 0.6916, -0.0013, -0.6405, 0.0109, 0.7679
1464040716.645325, 1, -0.8988, 0.8913, 0.6916, -0.0013, -0.6405, 0.0109, 0.7679
1464040716.937315, 1, -0.8988, 0.8913, 0.6916, -0.0012, -0.6406, 0.0108, 0.7678
1464040716.937914, 1, -0.8988, 0.8913, 0.6916, -0.0012, -0.6405, 0.0109, 0.7678
1464040716.938634, 1, -0.8988, 0.8913, 0.6916, -0.0012, -0.6406, 0.0109, 0.7678
1464040716.939181, 1, -0.8988, 0.8913, 0.6916, -0.0012, -0.6405, 0.0109, 0.7679
1464040716.939771, 1, -0.8988, 0.8913, 0.6916, -0.0012, -0.6405, 0.0109, 0.7678
1464040716.940681, 1, -0.8988, 0.8913, 0.6916, -0.0012, -0.6406, 0.0110, 0.7678
1464040716.941370, 1, -0.8988, 0.8913, 0.6916, -0.0012, -0.6406, 0.0109, 0.7678
1464040716.942069, 1, -0.8988, 0.8913, 0.6916, -0.0012, -0.6405, 0.0109, 0.7679
1464040716.942797, 1, -0.8988, 0.8913, 0.6916, -0.0012, -0.6405, 0.0110, 0.7679
1464040716.943415, 1, -0.8988, 0.8913, 0.6916, -0.0012, -0.6406, 0.0109, 0.7678
1464040716.944667, 1, -0.8988, 0.8913, 0.6916, -0.0012, -0.6406, 0.0110, 0.7678
1464040716.945302, 1, -0.8988, 0.8913, 0.6916, -0.0013, -0.6406, 0.0109, 0.7678
1464040716.946020, 1, -0.8988, 0.8913, 0.6916, -0.0012, -0.6406, 0.0108, 0.7678
1464040716.946720, 1, -0.8988, 0.8913, 0.6916, -0.0012, -0.6406, 0.0109, 0.7678
1464040716.947494, 1, -0.8988, 0.8913, 0.6916, -0.0012, -0.6405, 0.0110, 0.7679
1464040716.948046, 1, -0.8988, 0.8913, 0.6916, -0.0012, -0.6406, 0.0108, 0.7678
1464040716.948743, 1, -0.8988, 0.8913, 0.6916, -0.0012, -0.6405, 0.0109, 0.7678
1464040716.949435, 1, -0.8988, 0.8913, 0.6916, -0.0012, -0.6405, 0.0109, 0.7678
1464040716.950101, 1, -0.8988, 0.8913, 0.6916, -0.0012, -0.6406, 0.0109, 0.7678
1464040716.950832, 1, -0.8988, 0.8913, 0.6916, -0.0012, -0.6406, 0.0109, 0.7678
1464040717.244662, 1, -0.8988, 0.8913, 0.6916, -0.0012, -0.6406, 0.0109, 0.7678
1464040717.245361, 1, -0.8988, 0.8913, 0.6916, -0.0012, -0.6405, 0.0109, 0.7679
1464040717.246235, 1, -0.8988, 0.8913, 0.6916, -0.0012, -0.6405, 0.0110, 0.7679
1464040717.246832, 1, -0.8987, 0.8915, 0.6915, 0.0007, -0.6404, 0.0110, 0.7680
1464040717.247473, 1, -0.8988, 0.8913, 0.6916, -0.0012, -0.6405, 0.0109, 0.7679
1464040717.248264, 1, -0.8988, 0.8913, 0.6916, -0.0011, -0.6405, 0.0109, 0.7678
1464040717.248910, 1, -0.8988, 0.8913, 0.6916, -0.0012, -0.6405, 0.0109, 0.7678
1464040717.249557, 1, -0.8988, 0.8913, 0.6916, -0.0012, -0.6406, 0.0110, 0.7678
1464040717.250151, 1, -0.8988, 0.8913, 0.6916, -0.0012, -0.6405, 0.0109, 0.7679
1464040717.250905, 1, -0.8988, 0.8913, 0.6916, -0.0011, -0.6405, 0.0109, 0.7678
1464040717.252060, 1, -0.8988, 0.8913, 0.6916, -0.0012, -0.6406, 0.0109, 0.7678
1464040717.252300, 1, -0.8988, 0.8913, 0.6916, -0.0012, -0.6406, 0.0109, 0.7678
1464040717.252419, 1, -0.8988, 0.8913, 0.6916, -0.0012, -0.6406, 0.0110, 0.7678
1464040717.253666, 1, -0.8988, 0.8913, 0.6916, -0.0012, -0.6405, 0.0109, 0.7679
1464040717.254220, 1, -0.8988, 0.8913, 0.6916, -0.0012, -0.6405, 0.0109, 0.7678
1464040717.254979, 1, -0.8988, 0.8913, 0.6916, -0.0011, -0.6406, 0.0109, 0.7678
1464040717.255549, 1, -0.8988, 0.8913, 0.6916, -0.0012, -0.6406, 0.0109, 0.7678
1464040717.256146, 1, -0.8988, 0.8913, 0.6916, -0.0012, -0.6406, 0.0109, 0.7678
1464040717.257430, 1, -0.8988, 0.8913, 0.6916, -0.0012, -0.6406, 0.0109, 0.7678
1464040717.257896, 1, -0.8988, 0.8913, 0.6916, -0.0011, -0.6406, 0.0108, 0.7678
1464040717.552108, 1, -0.8988, 0.8913, 0.6916, -0.0012, -0.6406, 0.0109, 0.7678
1464040717.552737, 1, -0.8988, 0.8913, 0.6916, -0.0012, -0.6405, 0.0110, 0.7678
1464040717.553476, 1, -0.8988, 0.8913, 0.6916, -0.0012, -0.6406, 0.0110, 0.7678
1464040717.554297, 1, -0.8988, 0.8913, 0.6916, -0.0012, -0.6405, 0.0110, 0.7679
1464040717.554862, 1, -0.8988, 0.8913, 0.6916, -0.0013, -0.6406, 0.0109, 0.7678
1464040717.555398, 1, -0.8988, 0.8913, 0.6916, -0.0012, -0.6405, 0.0110, 0.7678
1464040717.556058, 1, -0.8988, 0.8913, 0.6916, -0.0012, -0.6405, 0.0109, 0.7679
1464040717.558056, 1, -0.8988, 0.8913, 0.6916, -0.0012, -0.6405, 0.0109, 0.7678
1464040717.558313, 1, -0.8988, 0.8913, 0.6916, -0.0013, -0.6406, 0.0110, 0.7678
1464040717.558430, 1, -0.8988, 0.8913, 0.6916, -0.0012, -0.6405, 0.0110, 0.7679
1464040717.558702, 1, -0.8988, 0.8913, 0.6916, -0.0013, -0.6405, 0.0110, 0.7678
1464040717.559402, 1, -0.8988, 0.8913, 0.6916, -0.0013, -0.6405, 0.0109, 0.7679
1464040717.560113, 1, -0.8988, 0.8913, 0.6916, -0.0012, -0.6406, 0.0109, 0.7678
1464040717.561693, 1, -0.8988, 0.8913, 0.6916, -0.0013, -0.6406, 0.0109, 0.7678
1464040717.562157, 1, -0.8988, 0.8913, 0.6916, -0.0013, -0.6406, 0.0109, 0.7678
1464040717.562835, 1, -0.8988, 0.8913, 0.6916, -0.0012, -0.6405, 0.0109, 0.7679
1464040717.563697, 1, -0.8988, 0.8913, 0.6916, -0.0012, -0.6406, 0.0109, 0.7678
1464040717.564185, 1, -0.8988, 0.8913, 0.6916, -0.0012, -0.6405, 0.0109, 0.7678
1464040717.565238, 1, -0.8988, 0.8913, 0.6916, -0.0012, -0.6405, 0.0110, 0.7678
1464040717.565524, 1, -0.8988, 0.8913, 0.6916, -0.0013, -0.6406, 0.0109, 0.7678
1464040717.858918, 1, -0.8988, 0.8913, 0.6916, -0.0013, -0.6406, 0.0109, 0.7678
1464040717.860206, 1, -0.8988, 0.8913, 0.6916, -0.0013, -0.6406, 0.0109, 0.7678
1464040717.860831, 1, -0.8988, 0.8913, 0.6916, -0.0013, -0.6406, 0.0109, 0.7678
1464040717.861467, 1, -0.8988, 0.8913, 0.6916, -0.0012, -0.6405, 0.0109, 0.7678
1464040717.862184, 1, -0.8988, 0.8913, 0.6916, -0.0013, -0.6405, 0.0109, 0.7679
1464040717.862866, 1, -0.8988, 0.8913, 0.6916, -0.0012, -0.6406, 0.0109, 0.7678
1464040717.863470, 1, -0.8988, 0.8913, 0.6916, -0.0013, -0.6406, 0.0109, 0.7678
1464040717.864170, 1, -0.8988, 0.8913, 0.6916, -0.0013, -0.6406, 0.0109, 0.7678
1464040717.864807, 1, -0.8988, 0.8913, 0.6916, -0.0013, -0.6406, 0.0109, 0.7678
1464040717.865646, 1, -0.8988, 0.8913, 0.6916, -0.0013, -0.6406, 0.0109, 0.7678
1464040717.866224, 1, -0.8988, 0.8913, 0.6916, -0.0012, -0.6406, 0.0109, 0.7678
1464040717.867896, 1, -0.8988, 0.8913, 0.6916, -0.0012, -0.6406, 0.0109, 0.7678
1464040717.868021, 1, -0.8988, 0.8913, 0.6916, -0.0013, -0.6406, 0.0109, 0.7678
1464040717.868251, 1, -0.8988, 0.8913, 0.6916, -0.0013, -0.6406, 0.0109, 0.7678
1464040717.868795, 1, -0.8988, 0.8913, 0.6916, -0.0013, -0.6405, 0.0109, 0.7678
1464040717.870431, 1, -0.8988, 0.8913, 0.6916, -0.0012, -0.6406, 0.0109, 0.7678
1464040717.871039, 1, -0.8988, 0.8913, 0.6916, -0.0013, -0.6406, 0.0110, 0.7678
1464040717.872220, 1, -0.8988, 0.8913, 0.6916, -0.0013, -0.6406, 0.0109, 0.7678
1464040717.872431, 1, -0.8988, 0.8913, 0.6916, -0.0012, -0.6405, 0.0109, 0.7679
1464040717.873001, 1, -0.8988, 0.8913, 0.6916, -0.0012, -0.6406, 0.0109, 0.7678
1464040718.166811, 1, -0.8988, 0.8913, 0.6916, -0.0013, -0.6406, 0.0110, 0.7678
1464040718.167500, 1, -0.8988, 0.8913, 0.6916, -0.0013, -0.6406, 0.0109, 0.7678
1464040718.168158, 1, -0.8988, 0.8913, 0.6916, -0.0013, -0.6406, 0.0109, 0.7678
1464040718.168843, 1, -0.8988, 0.8913, 0.6916, -0.0012, -0.6406, 0.0109, 0.7678
1464040718.169506, 1, -0.8988, 0.8913, 0.6916, -0.0013, -0.6406, 0.0109, 0.7678
1464040718.170105, 1, -0.8988, 0.8913, 0.6916, -0.0013, -0.6406, 0.0109, 0.7678
1464040718.170779, 1, -0.8988, 0.8913, 0.6916, -0.0013, -0.6406, 0.0109, 0.7678
1464040718.171382, 1, -0.8988, 0.8913, 0.6916, -0.0012, -0.6406, 0.0109, 0.7678
1464040718.172143, 1, -0.8988, 0.8913, 0.6916, -0.0012, -0.6405, 0.0110, 0.7678
1464040718.172777, 1, -0.8988, 0.8913, 0.6916, -0.0012, -0.6406, 0.0109, 0.7678
1464040718.173487, 1, -0.8988, 0.8913, 0.6916, -0.0012, -0.6406, 0.0110, 0.7678
1464040718.174221, 1, -0.8988, 0.8913, 0.6916, -0.0012, -0.6406, 0.0109, 0.7678
1464040718.174850, 1, -0.8988, 0.8913, 0.6916, -0.0013, -0.6406, 0.0109, 0.7678
1464040718.175388, 1, -0.8988, 0.8913, 0.6916, -0.0013, -0.6405, 0.0110, 0.7678
1464040718.176267, 1, -0.8988, 0.8913, 0.6916, -0.0012, -0.6406, 0.0110, 0.7678
1464040718.176993, 1, -0.8988, 0.8913, 0.6916, -0.0013, -0.6406, 0.0110, 0.7678
1464040718.177647, 1, -0.8988, 0.8913, 0.6916, -0.0013, -0.6406, 0.0110, 0.7678
1464040718.178829, 1, -0.8988, 0.8913, 0.6916, -0.0012, -0.6406, 0.0109, 0.7678
1464040718.179504, 1, -0.8988, 0.8913, 0.6916, -0.0012, -0.6406, 0.0110, 0.7678
1464040718.180218, 1, -0.8988, 0.8913, 0.6916, -0.0012, -0.6406, 0.0109, 0.7678
1464040718.477305, 1, -0.8988, 0.8913, 0.6916, -0.0012, -0.6406, 0.0109, 0.7678
1464040718.477737, 1, -0.8988, 0.8913, 0.6916, -0.0011, -0.6406, 0.0109, 0.7678
1464040718.477857, 1, -0.8988, 0.8913, 0.6916, -0.0012, -0.6406, 0.0110, 0.7678
1464040718.478050, 1, -0.8988, 0.8913, 0.6916, -0.0012, -0.6406, 0.0110, 0.7678
1464040718.478268, 1, -0.8988, 0.8913, 0.6916, -0.0012, -0.6406, 0.0109, 0.7678
1464040718.478383, 1, -0.8988, 0.8913, 0.6916, -0.0013, -0.6406, 0.0109, 0.7678
1464040718.478969, 1, -0.8988, 0.8913, 0.6916, -0.0011, -0.6406, 0.0109, 0.7678
1464040718.479620, 1, -0.8988, 0.8913, 0.6916, -0.0012, -0.6406, 0.0110, 0.7678
1464040718.480316, 1, -0.8988, 0.8913, 0.6916, -0.0013, -0.6406, 0.0109, 0.7678
1464040718.480994, 1, -0.8988, 0.8913, 0.6916, -0.0012, -0.6405, 0.0110, 0.7678
1464040718.481625, 1, -0.8988, 0.8913, 0.6916, -0.0013, -0.6405, 0.0110, 0.7678
1464040718.481768, 1, -0.8988, 0.8913, 0.6916, -0.0012, -0.6405, 0.0109, 0.7678
1464040718.482781, 1, -0.8988, 0.8913, 0.6916, -0.0013, -0.6405, 0.0109, 0.7679
1464040718.483448, 1, -0.8988, 0.8913, 0.6916, -0.0013, -0.6406, 0.0109, 0.7678
1464040718.484119, 1, -0.8988, 0.8913, 0.6916, -0.0013, -0.6406, 0.0110, 0.7678
1464040718.484914, 1, -0.8988, 0.8913, 0.6916, -0.0013, -0.6406, 0.0109, 0.7678
1464040718.485577, 1, -0.8988, 0.8913, 0.6916, -0.0013, -0.6406, 0.0110, 0.7678
1464040718.486235, 1, -0.8988, 0.8913, 0.6916, -0.0013, -0.6405, 0.0110, 0.7679
1464040718.488411, 1, -0.8988, 0.8913, 0.6916, -0.0013, -0.6406, 0.0109, 0.7678
1464040718.488553, 1, -0.8988, 0.8913, 0.6916, -0.0013, -0.6406, 0.0109, 0.7678
