1463696233.152275, 1, -2.3870, 1.1819, 0.2417, 0.0037, -0.6711, -0.0198, -0.7411
1463696233.153897, 1, -2.3870, 1.1819, 0.2417, 0.0039, -0.6711, -0.0198, -0.7411
1463696233.154418, 1, -2.3870, 1.1819, 0.2417, 0.0038, -0.6712, -0.0198, -0.7410
1463696233.155105, 1, -2.3870, 1.1819, 0.2417, 0.0038, -0.6711, -0.0198, -0.7411
1463696233.155740, 1, -2.3870, 1.1819, 0.2417, 0.0038, -0.6711, -0.0198, -0.7411
1463696233.156371, 1, -2.3870, 1.1819, 0.2417, 0.0038, -0.6712, -0.0198, -0.7410
1463696233.157044, 1, -2.3870, 1.1819, 0.2417, 0.0038, -0.6712, -0.0198, -0.7410
1463696233.157686, 1, -2.3870, 1.1819, 0.2417, 0.0038, -0.6711, -0.0199, -0.7411
1463696233.158684, 1, -2.3870, 1.1819, 0.2417, 0.0038, -0.6711, -0.0197, -0.7411
1463696233.158867, 1, -2.3870, 1.1819, 0.2417, 0.0037, -0.6712, -0.0197, -0.7410
1463696233.159453, 1, -2.3870, 1.1819, 0.2417, 0.0038, -0.6711, -0.0198, -0.7411
1463696233.160057, 1, -2.3870, 1.1819, 0.2417, 0.0038, -0.6712, -0.0198, -0.7410
1463696233.160836, 1, -2.3870, 1.1819, 0.2417, 0.0038, -0.6711, -0.0198, -0.7411
1463696233.161473, 1, -2.3870, 1.1819, 0.2417, 0.0037, -0.6711, -0.0198, -0.7411
1463696233.162043, 1, -2.3870, 1.1819, 0.2417, 0.0038, -0.6712, -0.0198, -0.7410
1463696233.162731, 1, -2.3870, 1.1819, 0.2417, 0.0038, -0.6711, -0.0198, -0.7411
1463696233.163309, 1, -2.3870, 1.1819, 0.2417, 0.0039, -0.6712, -0.0197, -0.7410
1463696233.163971, 1, -2.3870, 1.1819, 0.2417, 0.0038, -0.6712, -0.0197, -0.7410
1463696233.165750, 1, -2.3870, 1.1819, 0.2417, 0.0037, -0.6712, -0.0198, -0.7410
1463696233.459444, 1, -2.3870, 1.1819, 0.2417, 0.0038, -0.6711, -0.0198, -0.7411
1463696233.460823, 1, -2.3870, 1.1819, 0.2417, 0.0038, -0.6712, -0.0198, -0.7410
1463696233.461399, 1, -2.3870, 1.1819, 0.2417, 0.0038, -0.6712, -0.0199, -0.7410
1463696233.461981, 1, -2.3870, 1.1819, 0.2417, 0.0038, -0.6711, -0.0198, -0.7411
1463696233.462573, 1, -2.3870, 1.1819, 0.2417, 0.0037, -0.6711, -0.0198, -0.7411
1463696233.463217, 1, -2.3870, 1.1819, 0.2417, 0.0039, -0.6712, -0.0199, -0.7410
1463696233.463918, 1, -2.3870, 1.1819, 0.2417, 0.0038, -0.6711, -0.0198, -0.7411
1463696233.464589, 1, -2.3870, 1.1819, 0.2417, 0.0038, -0.6711, -0.0199, -0.7411
1463696233.465116, 1, -2.3870, 1.1819, 0.2417, 0.0038, -0.6711, -0.0198, -0.7411
1463696233.465697, 1, -2.3870, 1.1819, 0.2417, 0.0038, -0.6712, -0.0198, -0.7410
1463696233.466398, 1, -2.3870, 1.1819, 0.2417, 0.0038, -0.6712, -0.0199, -0.7410
1463696233.467104, 1, -2.3870, 1.1819, 0.2417, 0.0038, -0.6711, -0.0199, -0.7411
1463696233.467576, 1, -2.3870, 1.1819, 0.2417, 0.0038, -0.6712, -0.0198, -0.7410
1463696233.468282, 1, -2.3870, 1.1819, 0.2417, 0.0038, -0.6711, -0.0198, -0.7411
1463696233.468821, 1, -2.3870, 1.1819, 0.2417, 0.0038, -0.6712, -0.0198, -0.7410
1463696233.471742, 1, -2.3870, 1.1819, 0.2417, 0.0038, -0.6711, -0.0198, -0.7411
1463696233.471890, 1, -2.3870, 1.1819, 0.2417, 0.0038, -0.6712, -0.0198, -0.7410
1463696233.471923, 1, -2.3870, 1.1819, 0.2417, 0.0038, -0.6711, -0.0198, -0.7411
1463696233.471951, 1, -2.3870, 1.1819, 0.2417, 0.0037, -0.6712, -0.0198, -0.7410
1463696233.471978, 1, -2.3870, 1.1819, 0.2417, 0.0039, -0.6711, -0.0198, -0.7411
1463696233.766851, 1, -2.3870, 1.1819, 0.2417, 0.0038, -0.6711, -0.0198, -0.7411
1463696233.768324, 1, -2.3870, 1.1819, 0.2417, 0.0038, -0.6711, -0.0198, -0.7411
1463696233.768769, 1, -2.3870, 1.1819, 0.2417, 0.0038, -0.6712, -0.0198, -0.7410
1463696233.769421, 1, -2.3870, 1.1819, 0.2417, 0.0038, -0.6711, -0.0197, -0.7411
1463696233.770496, 1, -2.3870, 1.1819, 0.2417, 0.0037, -0.6712, -0.0198, -0.7410
1463696233.770546, 1, -2.3870, 1.1819, 0.2417, 0.0038, -0.6712, -0.0197, -0.7410
1463696233.772260, 1, -2.3870, 1.1819, 0.2417, 0.0037, -0.6712, -0.0198, -0.7410
1463696233.772713, 1, -2.3870, 1.1819, 0.2417, 0.0038, -0.6712, -0.0198, -0.7410
1463696233.772763, 1, -2.3870, 1.1819, 0.2417, 0.0038, -0.6711, -0.0197, -0.7411
1463696233.773907, 1, -2.3870, 1.1819, 0.2417, 0.0038, -0.6711, -0.0198, -0.7411
1463696233.774787, 1, -2.3870, 1.1819, 0.2417, 0.0038, -0.6711, -0.0198, -0.7411
1463696233.775404, 1, -2.3870, 1.1819, 0.2417, 0.0038, -0.6712, -0.0198, -0.7410
1463696233.776426, 1, -2.3870, 1.1819, 0.2417, 0.0037, -0.6712, -0.0199, -0.7410
1463696233.778582, 1, -2.3870, 1.1819, 0.2417, 0.0038, -0.6713, -0.0198, -0.7409
1463696233.778759, 1, -2.3870, 1.1819, 0.2417, 0.0038, -0.6711, -0.0198, -0.7411
1463696233.778812, 1, -2.3870, 1.1819, 0.2417, 0.0038, -0.6711, -0.0198, -0.7411
1463696233.779596, 1, -2.3870, 1.1819, 0.2417, 0.0038, -0.6712, -0.0198, -0.7410
1463696233.783854, 1, -2.3870, 1.1819, 0.2417, 0.0038, -0.6711, -0.0198, -0.7411
1463696233.784495, 1, -2.3870, 1.1819, 0.2417, 0.0038, -0.6712, -0.0198, -0.7410
1463696233.785773, 1, -2.3870, 1.1819, 0.2417, 0.0038, -0.6712, -0.0198, -0.7410
1463696234.074542, 1, -2.3870, 1.1819, 0.2417, 0.0038, -0.6712, -0.0197, -0.7410
1463696234.075516, 1, -2.3870, 1.1819, 0.2417, 0.0038, -0.6712, -0.0199, -0.7410
1463696234.076200, 1, -2.3870, 1.1819, 0.2417, 0.0037, -0.6712, -0.0198, -0.7410
1463696234.076938, 1, -2.3870, 1.1819, 0.2417, 0.0038, -0.6711, -0.0198, -0.7411
1463696234.077920, 1, -2.3870, 1.1819, 0.2417, 0.0037, -0.6712, -0.0199, -0.7410
1463696234.077974, 1, -2.3870, 1.1819, 0.2417, 0.0038, -0.6711, -0.0198, -0.7411
1463696234.080409, 1, -2.3870, 1.1819, 0.2417, 0.0038, -0.6712, -0.0198, -0.7410
1463696234.080924, 1, -2.3870, 1.1819, 0.2417, 0.0038, -0.6711, -0.0198, -0.7411
1463696234.081565, 1, -2.3870, 1.1819, 0.2417, 0.0038, -0.6711, -0.0197, -0.7411
1463696234.082766, 1, -2.3870, 1.1819, 0.2417, 0.0038, -0.6712, -0.0198, -0.7410
1463696234.083864, 1, -2.3870, 1.1819, 0.2417, 0.0038, -0.6712, -0.0198, -0.7410
1463696234.084474, 1, -2.3870, 1.1819, 0.2417, 0.0038, -0.6711, -0.0198, -0.7411
1463696234.084988, 1, -2.3870, 1.1819, 0.2417, 0.0039, -0.6711, -0.0198, -0.7411
1463696234.086056, 1, -2.3870, 1.1819, 0.2417, 0.0038, -0.6711, -0.0198, -0.7411
1463696234.088944, 1, -2.3870, 1.1819, 0.2417, 0.0038, -0.6711, -0.0199, -0.7411
1463696234.089017, 1, -2.3870, 1.1819, 0.2417, 0.0038, -0.6711, -0.0198, -0.7411
1463696234.092376, 1, -2.3870, 1.1819, 0.2417, 0.0038, -0.6711, -0.0198, -0.7411
1463696234.092445, 1, -2.3870, 1.1819, 0.2417, 0.0038, -0.6711, -0.0198, -0.7411
1463696234.092492, 1, -2.3870, 1.1819, 0.2417, 0.0039, -0.6711, -0.0198, -0.7411
1463696234.092521, 1, -2.3870, 1.1819, 0.2417, 0.0038, -0.6711, -0.0198, -0.7411
1463696234.381975, 1, -2.3870, 1.1819, 0.2417, 0.0037, -0.6712, -0.0199, -0.7410
1463696234.383194, 1, -2.3870, 1.1819, 0.2417, 0.0039, -0.6712, -0.0198, -0.7410
1463696234.383822, 1, -2.3870, 1.1819, 0.2417, 0.0038, -0.6712, -0.0198, -0.7410
1463696234.384455, 1, -2.3870, 1.1819, 0.2417, 0.0038, -0.6713, -0.0198, -0.7410
1463696234.385551, 1, -2.3870, 1.1819, 0.2417, 0.0038, -0.6712, -0.0198, -0.7410
1463696234.386164, 1, -2.3870, 1.1819, 0.2417, 0.0038, -0.6712, -0.0198, -0.7410
1463696234.386783, 1, -2.3870, 1.1819, 0.2417, 0.0038, -0.6712, -0.0198, -0.7410
1463696234.387457, 1, -2.3870, 1.1819, 0.2417, 0.0038, -0.6711, -0.0198, -0.7411
1463696234.388182, 1, -2.3870, 1.1819, 0.2417, 0.0037, -0.6712, -0.0198, -0.7410
1463696234.388786, 1, -2.3870, 1.1819, 0.2417, 0.0038, -0.6712, -0.0198, -0.7410
1463696234.389383, 1, -2.3870, 1.1819, 0.2417, 0.0038, -0.6712, -0.0198, -0.7410
1463696234.390020, 1, -2.3870, 1.1819, 0.2417, 0.0038, -0.6712, -0.0198, -0.7410
1463696234.390719, 1, -2.3870, 1.1819, 0.2417, 0.0038, -0.6712, -0.0199, -0.7410
1463696234.391211, 1, -2.3870, 1.1819, 0.2417, 0.0038, -0.6712, -0.0198, -0.7410
1463696234.392197, 1, -2.3870, 1.1819, 0.2417, 0.0037, -0.6712, -0.0197, -0.7410
1463696234.392832, 1, -2.3870, 1.1819, 0.2417, 0.0038, -0.6712, -0.0198, -0.7410
1463696234.393425, 1, -2.3870, 1.1819, 0.2417, 0.0038, -0.6712, -0.0198, -0.7410
1463696234.394083, 1, -2.3870, 1.1819, 0.2417, 0.0039, -0.6711, -0.0198, -0.7411
1463696234.395084, 1, -2.3870, 1.1819, 0.2417, 0.0038, -0.6712, -0.0198, -0.7410
1463696234.688730, 1, -2.3870, 1.1819, 0.2417, 0.0038, -0.6712, -0.0199, -0.7410
1463696234.689290, 1, -2.3870, 1.1819, 0.2417, 0.0039, -0.6712, -0.0198, -0.7410
1463696234.690764, 1, -2.3870, 1.1819, 0.2417, 0.0038, -0.6712, -0.0198, -0.7410
1463696234.691311, 1, -2.3870, 1.1819, 0.2417, 0.0038, -0.6711, -0.0198, -0.7411
1463696234.692029, 1, -2.3870, 1.1819, 0.2417, 0.0038, -0.6711, -0.0198, -0.7411
1463696234.692604, 1, -2.3870, 1.1819, 0.2417, 0.0038, -0.6711, -0.0198, -0.7411
1463696234.693231, 1, -2.3870, 1.1819, 0.2417, 0.0038, -0.6712, -0.0199, -0.7410
1463696234.693808, 1, -2.3870, 1.1819, 0.2417, 0.0038, -0.6711, -0.0198, -0.7411
1463696234.694400, 1, -2.3870, 1.1819, 0.2417, 0.0039, -0.6712, -0.0198, -0.7410
1463696234.695009, 1, -2.3870, 1.1819, 0.2417, 0.0039, -0.6712, -0.0198, -0.7410
1463696234.695630, 1, -2.3870, 1.1819, 0.2417, 0.0038, -0.6712, -0.0198, -0.7410
1463696234.696519, 1, -2.3870, 1.1819, 0.2417, 0.0038, -0.6711, -0.0198, -0.7411
1463696234.697199, 1, -2.3870, 1.1819, 0.2417, 0.0038, -0.6712, -0.0199, -0.7410
1463696234.697823, 1, -2.3870, 1.1819, 0.2417, 0.0038, -0.6712, -0.0198, -0.7410
1463696234.698393, 1, -2.3870, 1.1819, 0.2417, 0.0038, -0.6712, -0.0198, -0.7410
1463696234.699098, 1, -2.3870, 1.1819, 0.2417, 0.0039, -0.6712, -0.0198, -0.7410
1463696234.699666, 1, -2.3870, 1.1819, 0.2417, 0.0038, -0.6712, -0.0198, -0.7410
1463696234.700287, 1, -2.3870, 1.1819, 0.2417, 0.0038, -0.6712, -0.0198, -0.7410
1463696234.700976, 1, -2.3870, 1.1819, 0.2417, 0.0038, -0.6712, -0.0198, -0.7410
1463696234.701125, 1, -2.3870, 1.1819, 0.2417, 0.0038, -0.6711, -0.0199, -0.7411
1463696234.997790, 1, -2.3870, 1.1819, 0.2417, 0.0038, -0.6712, -0.0199, -0.7410
1463696235.001478, 1, -2.3870, 1.1819, 0.2417, 0.0038, -0.6711, -0.0198, -0.7410
1463696235.002714, 1, -2.3870, 1.1819, 0.2417, 0.0038, -0.6712, -0.0198, -0.7410
1463696235.003532, 1, -2.3870, 1.1819, 0.2417, 0.0038, -0.6712, -0.0197, -0.7410
1463696235.003681, 1, -2.3870, 1.1819, 0.2417, 0.0037, -0.6712, -0.0198, -0.7410
1463696235.004792, 1, -2.3870, 1.1819, 0.2417, 0.0039, -0.6712, -0.0198, -0.7410
1463696235.005437, 1, -2.3870, 1.1819, 0.2417, 0.0038, -0.6712, -0.0198, -0.7410
1463696235.006678, 1, -2.3870, 1.1819, 0.2417, 0.0038, -0.6711, -0.0198, -0.7411
1463696235.006993, 1, -2.3870, 1.1819, 0.2417, 0.0038, -0.6711, -0.0198, -0.7411
1463696235.007603, 1, -2.3870, 1.1819, 0.2417, 0.0039, -0.6712, -0.0198, -0.7410
1463696235.008979, 1, -2.3870, 1.1819, 0.2417, 0.0038, -0.6711, -0.0198, -0.7411
1463696235.009274, 1, -2.3870, 1.1819, 0.2417, 0.0038, -0.6712, -0.0198, -0.7410
1463696235.010889, 1, -2.3870, 1.1819, 0.2417, 0.0038, -0.6712, -0.0198, -0.7410
1463696235.011668, 1, -2.3870, 1.1819, 0.2417, 0.0039, -0.6712, -0.0197, -0.7410
1463696235.011793, 1, -2.3870, 1.1819, 0.2417, 0.0039, -0.6711, -0.0197, -0.7411
1463696235.013825, 1, -2.3870, 1.1819, 0.2417, 0.0038, -0.6712, -0.0199, -0.7410
1463696235.014401, 1, -2.3870, 1.1819, 0.2417, 0.0038, -0.6712, -0.0198, -0.7410
1463696235.015132, 1, -2.3870, 1.1819, 0.2417, 0.0037, -0.6712, -0.0199, -0.7410
1463696235.015768, 1, -2.3870, 1.1819, 0.2417, 0.0038, -0.6712, -0.0198, -0.7410
1463696235.016309, 1, -2.3870, 1.1819, 0.2417, 0.0039, -0.6712, -0.0199, -0.7410
1463696235.303497, 1, -2.3870, 1.1819, 0.2417, 0.0038, -0.6712, -0.0198, -0.7410
1463696235.304735, 1, -2.3870, 1.1819, 0.2417, 0.0038, -0.6712, -0.0198, -0.7410
1463696235.305289, 1, -2.3870, 1.1819, 0.2417, 0.0039, -0.6711, -0.0198, -0.7411
1463696235.305836, 1, -2.3870, 1.1819, 0.2417, 0.0038, -0.6712, -0.0197, -0.7410
1463696235.306868, 1, -2.3870, 1.1819, 0.2417, 0.0039, -0.6712, -0.0198, -0.7410
1463696235.307005, 1, -2.3870, 1.1819, 0.2417, 0.0038, -0.6711, -0.0198, -0.7411
1463696235.308048, 1, -2.3870, 1.1819, 0.2417, 0.0038, -0.6713, -0.0198, -0.7410
1463696235.308167, 1, -2.3870, 1.1819, 0.2417, 0.0039, -0.6712, -0.0197, -0.7410
1463696235.309420, 1, -2.3870, 1.1819, 0.2417, 0.0039, -0.6712, -0.0197, -0.7410
1463696235.310136, 1, -2.3870, 1.1819, 0.2417, 0.0038, -0.6712, -0.0198, -0.7410
1463696235.310236, 1, -2.3870, 1.1819, 0.2417, 0.0039, -0.6711, -0.0198, -0.7411
1463696235.310728, 1, -2.3870, 1.1819, 0.2417, 0.0038, -0.6713, -0.0199, -0.7409
1463696235.313209, 1, -2.3870, 1.1819, 0.2417, 0.0038, -0.6712, -0.0198, -0.7410
1463696235.313781, 1, -2.3870, 1.1819, 0.2417, 0.0038, -0.6712, -0.0198, -0.7410
1463696235.314507, 1, -2.3870, 1.1819, 0.2417, 0.0038, -0.6712, -0.0197, -0.7410
1463696235.314647, 1, -2.3870, 1.1819, 0.2417, 0.0038, -0.6712, -0.0198, -0.7410
1463696235.315721, 1, -2.3870, 1.1819, 0.2417, 0.0038, -0.6712, -0.0197, -0.7410
1463696235.315840, 1, -2.3870, 1.1819, 0.2417, 0.0038, -0.6712, -0.0198, -0.7410
1463696235.317008, 1, -2.3870, 1.1819, 0.2417, 0.0038, -0.6712, -0.0198, -0.7410
1463696235.611064, 1, -2.3870, 1.1819, 0.2417, 0.0038, -0.6712, -0.0198, -0.7410
1463696235.612311, 1, -2.3870, 1.1819, 0.2417, 0.0038, -0.6712, -0.0198, -0.7410
1463696235.612794, 1, -2.3870, 1.1819, 0.2417, 0.0038, -0.6712, -0.0198, -0.7410
1463696235.614725, 1, -2.3870, 1.1819, 0.2417, 0.0038, -0.6712, -0.0198, -0.7410
1463696235.614995, 1, -2.3870, 1.1819, 0.2417, 0.0039, -0.6712, -0.0198, -0.7410
1463696235.615108, 1, -2.3870, 1.1819, 0.2417, 0.0038, -0.6713, -0.0197, -0.7410
1463696235.616005, 1, -2.3870, 1.1819, 0.2417, 0.0038, -0.6712, -0.0197, -0.7410
1463696235.616546, 1, -2.3870, 1.1819, 0.2417, 0.0038, -0.6712, -0.0198, -0.7410
1463696235.617073, 1, -2.3870, 1.1819, 0.2417, 0.0038, -0.6711, -0.0198, -0.7410
1463696235.617846, 1, -2.3870, 1.1819, 0.2417, 0.0039, -0.6712, -0.0198, -0.7410
1463696235.618467, 1, -2.3870, 1.1819, 0.2417, 0.0039, -0.6712, -0.0197, -0.7410
1463696235.618587, 1, -2.3870, 1.1819, 0.2417, 0.0039, -0.6711, -0.0198, -0.7411
1463696235.619659, 1, -2.3870, 1.1819, 0.2417, 0.0038, -0.6712, -0.0198, -0.7410
1463696235.620377, 1, -2.3870, 1.1819, 0.2417, 0.0039, -0.6712, -0.0198, -0.7410
1463696235.620514, 1, -2.3870, 1.1819, 0.2417, 0.0038, -0.6711, -0.0198, -0.7410
1463696235.621509, 1, -2.3870, 1.1819, 0.2417, 0.0037, -0.6711, -0.0198, -0.7411
1463696235.622224, 1, -2.3870, 1.1819, 0.2417, 0.0037, -0.6712, -0.0198, -0.7410
1463696235.622856, 1, -2.3870, 1.1819, 0.2417, 0.0038, -0.6712, -0.0198, -0.7410
1463696235.623464, 1, -2.3870, 1.1819, 0.2417, 0.0038, -0.6712, -0.0198, -0.7410
1463696235.624153, 1, -2.3870, 1.1819, 0.2417, 0.0038, -0.6712, -0.0198, -0.7410
1463696235.918895, 1, -2.3870, 1.1819, 0.2417, 0.0038, -0.6712, -0.0198, -0.7410
1463696235.920199, 1, -2.3870, 1.1819, 0.2417, 0.0038, -0.6712, -0.0198, -0.7410
1463696235.921184, 1, -2.3870, 1.1819, 0.2417, 0.0038, -0.6712, -0.0198, -0.7410
1463696235.922159, 1, -2.3870, 1.1819, 0.2417, 0.0038, -0.6712, -0.0197, -0.7410
1463696235.923182, 1, -2.3870, 1.1819, 0.2417, 0.0038, -0.6712, -0.0198, -0.7410
1463696235.923301, 1, -2.3870, 1.1819, 0.2417, 0.0038, -0.6712, -0.0198, -0.7410
1463696235.924217, 1, -2.3870, 1.1819, 0.2417, 0.0038, -0.6712, -0.0198, -0.7410
1463696235.925215, 1, -2.3870, 1.1819, 0.2417, 0.0037, -0.6711, -0.0199, -0.7411
1463696235.925807, 1, -2.3870, 1.1819, 0.2417, 0.0038, -0.6712, -0.0198, -0.7410
1463696235.926443, 1, -2.3870, 1.1819, 0.2417, 0.0038, -0.6712, -0.0198, -0.7410
1463696235.927178, 1, -2.3870, 1.1819, 0.2417, 0.0037, -0.6712, -0.0198, -0.7410
1463696235.928289, 1, -2.3870, 1.1819, 0.2417, 0.0038, -0.6711, -0.0198, -0.7411
1463696235.928972, 1, -2.3870, 1.1819, 0.2417, 0.0038, -0.6711, -0.0198, -0.7411
1463696235.929613, 1, -2.3870, 1.1819, 0.2417, 0.0038, -0.6712, -0.0198, -0.7410
1463696235.930244, 1, -2.3870, 1.1819, 0.2417, 0.0038, -0.6711, -0.0198, -0.7411
1463696235.930854, 1, -2.3870, 1.1819, 0.2417, 0.0037, -0.6711, -0.0198, -0.7411
1463696235.932378, 1, -2.3870, 1.1819, 0.2417, 0.0038, -0.6711, -0.0197, -0.7411
1463696235.932889, 1, -2.3870, 1.1819, 0.2417, 0.0038, -0.6712, -0.0198, -0.7410
1463696235.933547, 1, -2.3870, 1.1819, 0.2417, 0.0038, -0.6712, -0.0198, -0.7410
1463696235.934199, 1, -2.3870, 1.1819, 0.2417, 0.0038, -0.6712, -0.0198, -0.7410
1463696236.226141, 1, -2.3870, 1.1819, 0.2417, 0.0038, -0.6712, -0.0198, -0.7410
1463696236.226792, 1, -2.3870, 1.1819, 0.2417, 0.0037, -0.6711, -0.0199, -0.7411
1463696236.230084, 1, -2.3870, 1.1819, 0.2417, 0.0038, -0.6712, -0.0198, -0.7410
1463696236.230813, 1, -2.3870, 1.1819, 0.2417, 0.0038, -0.6712, -0.0199, -0.7410
1463696236.231460, 1, -2.3870, 1.1819, 0.2417, 0.0037, -0.6712, -0.0199, -0.7410
1463696236.232270, 1, -2.3870, 1.1819, 0.2417, 0.0037, -0.6712, -0.0198, -0.7410
1463696236.232767, 1, -2.3870, 1.1819, 0.2417, 0.0037, -0.6712, -0.0198, -0.7410
1463696236.233389, 1, -2.3870, 1.1819, 0.2417, 0.0038, -0.6712, -0.0198, -0.7410
1463696236.234061, 1, -2.3870, 1.1819, 0.2417, 0.0037, -0.6712, -0.0198, -0.7410
1463696236.234732, 1, -2.3870, 1.1819, 0.2417, 0.0038, -0.6712, -0.0198, -0.7410
1463696236.235322, 1, -2.3870, 1.1819, 0.2417, 0.0038, -0.6712, -0.0198, -0.7410
1463696236.236032, 1, -2.3870, 1.1819, 0.2417, 0.0038, -0.6712, -0.0198, -0.7410
1463696236.236671, 1, -2.3870, 1.1819, 0.2417, 0.0038, -0.6713, -0.0197, -0.7409
1463696236.237250, 1, -2.3870, 1.1819, 0.2417, 0.0038, -0.6712, -0.0198, -0.7410
1463696236.237847, 1, -2.3870, 1.1819, 0.2417, 0.0038, -0.6712, -0.0198, -0.7410
1463696236.238574, 1, -2.3870, 1.1819, 0.2417, 0.0037, -0.6712, -0.0197, -0.7410
1463696236.239172, 1, -2.3870, 1.1819, 0.2417, 0.0038, -0.6712, -0.0198, -0.7410
1463696236.239892, 1, -2.3870, 1.1819, 0.2417, 0.0038, -0.6712, -0.0198, -0.7410
1463696236.240548, 1, -2.3870, 1.1819, 0.2417, 0.0038, -0.6712, -0.0198, -0.7410
1463696236.241112, 1, -2.3870, 1.1819, 0.2417, 0.0038, -0.6713, -0.0198, -0.7409
1463696236.532920, 1, -2.3870, 1.1819, 0.2417, 0.0038, -0.6712, -0.0198, -0.7410
1463696236.534030, 1, -2.3870, 1.1819, 0.2417, 0.0038, -0.6712, -0.0198, -0.7410
1463696236.534835, 1, -2.3870, 1.1819, 0.2417, 0.0038, -0.6712, -0.0198, -0.7410
1463696236.534959, 1, -2.3870, 1.1819, 0.2417, 0.0038, -0.6712, -0.0198, -0.7410
1463696236.535952, 1, -2.3870, 1.1819, 0.2417, 0.0037, -0.6712, -0.0199, -0.7410
1463696236.536485, 1, -2.3870, 1.1819, 0.2417, 0.0038, -0.6712, -0.0198, -0.7410
1463696236.537159, 1, -2.3870, 1.1819, 0.2417, 0.0038, -0.6712, -0.0198, -0.7410
1463696236.537809, 1, -2.3870, 1.1819, 0.2417, 0.0038, -0.6712, -0.0198, -0.7410
1463696236.538517, 1, -2.3870, 1.1819, 0.2417, 0.0037, -0.6712, -0.0197, -0.7410
1463696236.539099, 1, -2.3870, 1.1819, 0.2417, 0.0038, -0.6711, -0.0198, -0.7411
1463696236.539824, 1, -2.3870, 1.1819, 0.2417, 0.0037, -0.6712, -0.0198, -0.7410
1463696236.539943, 1, -2.3870, 1.1819, 0.2417, 0.0038, -0.6712, -0.0198, -0.7410
1463696236.541019, 1, -2.3870, 1.1819, 0.2417, 0.0038, -0.6712, -0.0198, -0.7410
1463696236.541706, 1, -2.3870, 1.1819, 0.2417, 0.0038, -0.6712, -0.0198, -0.7410
1463696236.541855, 1, -2.3870, 1.1819, 0.2417, 0.0038, -0.6712, -0.0198, -0.7410
1463696236.542773, 1, -2.3870, 1.1819, 0.2417, 0.0038, -0.6712, -0.0198, -0.7410
1463696236.543357, 1, -2.3870, 1.1819, 0.2417, 0.0037, -0.6712, -0.0198, -0.7410
1463696236.544106, 1, -2.3870, 1.1819, 0.2417, 0.0037, -0.6712, -0.0198, -0.7410
1463696236.544783, 1, -2.3870, 1.1819, 0.2417, 0.0037, -0.6712, -0.0198, -0.7410
1463696236.545506, 1, -2.3870, 1.1819, 0.2417, 0.0037, -0.6712, -0.0198, -0.7410
1463696236.840276, 1, -2.3870, 1.1819, 0.2417, 0.0039, -0.6711, -0.0197, -0.7411
1463696236.841370, 1, -2.3870, 1.1819, 0.2417, 0.0038, -0.6712, -0.0198, -0.7410
1463696236.842168, 1, -2.3870, 1.1819, 0.2417, 0.0038, -0.6712, -0.0198, -0.7410
1463696236.842276, 1, -2.3870, 1.1819, 0.2417, 0.0038, -0.6712, -0.0198, -0.7410
1463696236.843318, 1, -2.3870, 1.1819, 0.2417, 0.0038, -0.6712, -0.0198, -0.7410
1463696236.843902, 1, -2.3870, 1.1819, 0.2417, 0.0038, -0.6712, -0.0197, -0.7410
1463696236.844623, 1, -2.3870, 1.1819, 0.2417, 0.0038, -0.6711, -0.0198, -0.7411
1463696236.845248, 1, -2.3870, 1.1819, 0.2417, 0.0038, -0.6712, -0.0198, -0.7410
1463696236.845860, 1, -2.3870, 1.1819, 0.2417, 0.0037, -0.6712, -0.0198, -0.7410
1463696236.846789, 1, -2.3870, 1.1819, 0.2417, 0.0038, -0.6712, -0.0198, -0.7410
1463696236.847445, 1, -2.3870, 1.1819, 0.2417, 0.0038, -0.6712, -0.0198, -0.7410
1463696236.849312, 1, -2.3870, 1.1819, 0.2417, 0.0037, -0.6712, -0.0198, -0.7410
1463696236.849455, 1, -2.3870, 1.1819, 0.2417, 0.0037, -0.6712, -0.0198, -0.7410
1463696236.850300, 1, -2.3870, 1.1819, 0.2417, 0.0038, -0.6712, -0.0199, -0.7410
1463696236.850968, 1, -2.3870, 1.1819, 0.2417, 0.0037, -0.6712, -0.0198, -0.7410
1463696236.852078, 1, -2.3870, 1.1819, 0.2417, 0.0038, -0.6712, -0.0199, -0.7410
1463696236.852711, 1, -2.3870, 1.1819, 0.2417, 0.0038, -0.6711, -0.0199, -0.7411
1463696236.853349, 1, -2.3870, 1.1819, 0.2417, 0.0037, -0.6712, -0.0198, -0.7410
1463696236.853936, 1, -2.3870, 1.1819, 0.2417, 0.0038, -0.6712, -0.0198, -0.7410
1463696236.854052, 1, -2.3870, 1.1819, 0.2417, 0.0037, -0.6712, -0.0197, -0.7410
1463696237.148259, 1, -2.3870, 1.1819, 0.2417, 0.0038, -0.6713, -0.0198, -0.7409
1463696237.149444, 1, -2.3870, 1.1819, 0.2417, 0.0037, -0.6712, -0.0197, -0.7410
1463696237.150078, 1, -2.3870, 1.1819, 0.2417, 0.0037, -0.6712, -0.0198, -0.7410
1463696237.150733, 1, -2.3870, 1.1819, 0.2417, 0.0037, -0.6712, -0.0198, -0.7410
1463696237.151401, 1, -2.3870, 1.1819, 0.2417, 0.0038, -0.6712, -0.0198, -0.7410
1463696237.152063, 1, -2.3870, 1.1819, 0.2417, 0.0037, -0.6712, -0.0198, -0.7410
1463696237.152108, 1, -2.3870, 1.1819, 0.2417, 0.0038, -0.6712, -0.0198, -0.7410
1463696237.153156, 1, -2.3870, 1.1819, 0.2417, 0.0038, -0.6712, -0.0198, -0.7410
1463696237.153806, 1, -2.3870, 1.1819, 0.2417, 0.0038, -0.6711, -0.0198, -0.7411
1463696237.154389, 1, -2.3870, 1.1819, 0.2417, 0.0038, -0.6712, -0.0198, -0.7410
1463696237.155096, 1, -2.3870, 1.1819, 0.2417, 0.0037, -0.6712, -0.0198, -0.7410
1463696237.155687, 1, -2.3870, 1.1819, 0.2417, 0.0037, -0.6712, -0.0198, -0.7410
1463696237.156300, 1, -2.3870, 1.1819, 0.2417, 0.0038, -0.6712, -0.0198, -0.7410
1463696237.156874, 1, -2.3870, 1.1819, 0.2417, 0.0038, -0.6712, -0.0198, -0.7410
1463696237.157463, 1, -2.3870, 1.1819, 0.2417, 0.0037, -0.6712, -0.0198, -0.7410
1463696237.157511, 1, -2.3870, 1.1819, 0.2417, 0.0038, -0.6713, -0.0198, -0.7409
1463696237.158802, 1, -2.3870, 1.1819, 0.2417, 0.0038, -0.6711, -0.0198, -0.7411
1463696237.159505, 1, -2.3870, 1.1819, 0.2417, 0.0037, -0.6712, -0.0199, -0.7410
1463696237.160136, 1, -2.3870, 1.1819, 0.2417, 0.0038, -0.6712, -0.0199, -0.7410
1463696237.160789, 1, -2.3870, 1.1819, 0.2417, 0.0038, -0.6712, -0.0198, -0.7410
1463696237.455099, 1, -2.3870, 1.1819, 0.2417, 0.0037, -0.6712, -0.0199, -0.7410
1463696237.456133, 1, -2.3870, 1.1819, 0.2417, 0.0036, -0.6712, -0.0198, -0.7410
1463696237.456785, 1, -2.3870, 1.1819, 0.2417, 0.0037, -0.6712, -0.0198, -0.7410
1463696237.457472, 1, -2.3870, 1.1819, 0.2417, 0.0037, -0.6712, -0.0199, -0.7410
1463696237.457978, 1, -2.3870, 1.1819, 0.2417, 0.0038, -0.6713, -0.0199, -0.7409
1463696237.458669, 1, -2.3870, 1.1819, 0.2417, 0.0037, -0.6713, -0.0198, -0.7410
1463696237.459314, 1, -2.3870, 1.1819, 0.2417, 0.0038, -0.6712, -0.0198, -0.7410
1463696237.460023, 1, -2.3870, 1.1819, 0.2417, 0.0037, -0.6713, -0.0198, -0.7410
1463696237.460139, 1, -2.3870, 1.1819, 0.2417, 0.0038, -0.6712, -0.0198, -0.7410
1463696237.461171, 1, -2.3870, 1.1819, 0.2417, 0.0038, -0.6712, -0.0197, -0.7410
1463696237.461847, 1, -2.3870, 1.1819, 0.2417, 0.0038, -0.6712, -0.0197, -0.7410
1463696237.462930, 1, -2.3870, 1.1819, 0.2417, 0.0039, -0.6712, -0.0198, -0.7410
1463696237.463135, 1, -2.3870, 1.1819, 0.2417, 0.0039, -0.6712, -0.0197, -0.7410
1463696237.463692, 1, -2.3870, 1.1819, 0.2417, 0.0037, -0.6713, -0.0198, -0.7410
1463696237.464398, 1, -2.3870, 1.1819, 0.2417, 0.0038, -0.6712, -0.0198, -0.7410
1463696237.465013, 1, -2.3870, 1.1819, 0.2417, 0.0038, -0.6712, -0.0198, -0.7410
1463696237.465606, 1, -2.3870, 1.1819, 0.2417, 0.0038, -0.6712, -0.0197, -0.7410
1463696237.466186, 1, -2.3870, 1.1819, 0.2417, 0.0038, -0.6713, -0.0198, -0.7409
1463696237.467281, 1, -2.3870, 1.1819, 0.2417, 0.0038, -0.6712, -0.0198, -0.7410
1463696237.469019, 1, -2.3870, 1.1819, 0.2417, 0.0038, -0.6712, -0.0198, -0.7410
1463696237.762323, 1, -2.3870, 1.1819, 0.2417, 0.0038, -0.6712, -0.0198, -0.7410
1463696237.763518, 1, -2.3870, 1.1819, 0.2417, 0.0038, -0.6712, -0.0198, -0.7410
1463696237.764201, 1, -2.3870, 1.1819, 0.2417, 0.0039, -0.6711, -0.0198, -0.7411
1463696237.764768, 1, -2.3870, 1.1819, 0.2417, 0.0038, -0.6711, -0.0198, -0.7411
1463696237.765494, 1, -2.3870, 1.1819, 0.2417, 0.0038, -0.6712, -0.0198, -0.7410
1463696237.766111, 1, -2.3870, 1.1819, 0.2417, 0.0038, -0.6712, -0.0198, -0.7410
1463696237.766249, 1, -2.3870, 1.1819, 0.2417, 0.0038, -0.6712, -0.0198, -0.7410
1463696237.767277, 1, -2.3870, 1.1819, 0.2417, 0.0038, -0.6712, -0.0198, -0.7410
1463696237.767910, 1, -2.3870, 1.1819, 0.2417, 0.0038, -0.6712, -0.0198, -0.7410
1463696237.768542, 1, -2.3870, 1.1819, 0.2417, 0.0038, -0.6712, -0.0198, -0.7410
1463696237.768688, 1, -2.3870, 1.1819, 0.2417, 0.0038, -0.6712, -0.0198, -0.7410
1463696237.769746, 1, -2.3870, 1.1819, 0.2417, 0.0037, -0.6712, -0.0198, -0.7410
1463696237.770505, 1, -2.3870, 1.1819, 0.2417, 0.0037, -0.6712, -0.0198, -0.7410
1463696237.771091, 1, -2.3870, 1.1819, 0.2417, 0.0038, -0.6712, -0.0198, -0.7410
1463696237.771967, 1, -2.3870, 1.1819, 0.2417, 0.0037, -0.6712, -0.0197, -0.7410
1463696237.772759, 1, -2.3870, 1.1819, 0.2417, 0.0037, -0.6712, -0.0197, -0.7410
1463696237.773336, 1, -2.3870, 1.1819, 0.2417, 0.0038, -0.6712, -0.0197, -0.7410
1463696237.773458, 1, -2.3870, 1.1819, 0.2417, 0.0038, -0.6712, -0.0198, -0.7410
1463696237.774663, 1, -2.3870, 1.1819, 0.2417, 0.0038, -0.6712, -0.0198, -0.7410
1463696237.777956, 1, -2.3870, 1.1819, 0.2417, 0.0037, -0.6712, -0.0198, -0.7410
1463696238.070256, 1, -2.3870, 1.1819, 0.2417, 0.0038, -0.6712, -0.0197, -0.7410
1463696238.070913, 1, -2.3870, 1.1819, 0.2417, 0.0038, -0.6712, -0.0197, -0.7410
1463696238.071604, 1, -2.3870, 1.1819, 0.2417, 0.0038, -0.6712, -0.0198, -0.7410
1463696238.072347, 1, -2.3870, 1.1819, 0.2417, 0.0038, -0.6712, -0.0198, -0.7410
1463696238.072971, 1, -2.3870, 1.1819, 0.2417, 0.0037, -0.6712, -0.0198, -0.7410
1463696238.073558, 1, -2.3870, 1.1819, 0.2417, 0.0037, -0.6712, -0.0198, -0.7410
1463696238.074859, 1, -2.3870, 1.1819, 0.2417, 0.0038, -0.6712, -0.0197, -0.7410
1463696238.075728, 1, -2.3870, 1.1819, 0.2417, 0.0038, -0.6712, -0.0198, -0.7410
1463696238.076409, 1, -2.3870, 1.1819, 0.2417, 0.0038, -0.6711, -0.0197, -0.7411
1463696238.077061, 1, -2.3870, 1.1819, 0.2417, 0.0037, -0.6712, -0.0198, -0.7410
1463696238.077652, 1, -2.3870, 1.1819, 0.2417, 0.0037, -0.6712, -0.0197, -0.7410
1463696238.078388, 1, -2.3870, 1.1819, 0.2417, 0.0038, -0.6713, -0.0197, -0.7410
1463696238.079000, 1, -2.3870, 1.1819, 0.2417, 0.0038, -0.6712, -0.0198, -0.7410
1463696238.079628, 1, -2.3870, 1.1819, 0.2417, 0.0038, -0.6712, -0.0198, -0.7410
1463696238.080247, 1, -2.3870, 1.1819, 0.2417, 0.0037, -0.6712, -0.0198, -0.7410
1463696238.081385, 1, -2.3870, 1.1819, 0.2417, 0.0038, -0.6712, -0.0198, -0.7410
1463696238.082062, 1, -2.3870, 1.1819, 0.2417, 0.0038, -0.6712, -0.0199, -0.7410
1463696238.083008, 1, -2.3870, 1.1819, 0.2417, 0.0038, -0.6712, -0.0198, -0.7410
1463696238.083559, 1, -2.3870, 1.1819, 0.2417, 0.0038, -0.6712, -0.0198, -0.7410
1463696238.084299, 1, -2.3870, 1.1819, 0.2417, 0.0037, -0.6712, -0.0198, -0.7410
1463696238.377636, 1, -2.3870, 1.1819, 0.2417, 0.0038, -0.6712, -0.0198, -0.7410
1463696238.378188, 1, -2.3870, 1.1819, 0.2417, 0.0037, -0.6712, -0.0198, -0.7410
1463696238.378936, 1, -2.3870, 1.1819, 0.2417, 0.0039, -0.6712, -0.0198, -0.7410
1463696238.379582, 1, -2.3870, 1.1819, 0.2417, 0.0038, -0.6712, -0.0197, -0.7410
1463696238.380255, 1, -2.3870, 1.1819, 0.2417, 0.0037, -0.6712, -0.0198, -0.7410
1463696238.380395, 1, -2.3870, 1.1819, 0.2417, 0.0038, -0.6712, -0.0198, -0.7410
1463696238.381420, 1, -2.3870, 1.1819, 0.2417, 0.0038, -0.6712, -0.0197, -0.7410
1463696238.382375, 1, -2.3870, 1.1819, 0.2417, 0.0037, -0.6712, -0.0197, -0.7410
1463696238.383039, 1, -2.3870, 1.1819, 0.2417, 0.0037, -0.6712, -0.0197, -0.7410
1463696238.383653, 1, -2.3870, 1.1819, 0.2417, 0.0037, -0.6712, -0.0197, -0.7410
1463696238.384253, 1, -2.3870, 1.1819, 0.2417, 0.0038, -0.6712, -0.0198, -0.7410
1463696238.384825, 1, -2.3870, 1.1819, 0.2417, 0.0038, -0.6712, -0.0197, -0.7410
1463696238.385482, 1, -2.3870, 1.1819, 0.2417, 0.0038, -0.6712, -0.0197, -0.7410
1463696238.386111, 1, -2.3870, 1.1819, 0.2417, 0.0037, -0.6712, -0.0198, -0.7410
1463696238.387169, 1, -2.3870, 1.1819, 0.2417, 0.0037, -0.6712, -0.0198, -0.7410
1463696238.387284, 1, -2.3870, 1.1819, 0.2417, 0.0038, -0.6712, -0.0199, -0.7410
1463696238.388408, 1, -2.3870, 1.1819, 0.2417, 0.0037, -0.6712, -0.0198, -0.7410
1463696238.389054, 1, -2.3870, 1.1819, 0.2417, 0.0037, -0.6712, -0.0198, -0.7410
1463696238.389740, 1, -2.3870, 1.1819, 0.2417, 0.0037, -0.6712, -0.0197, -0.7410
1463696238.390840, 1, -2.3870, 1.1819, 0.2417, 0.0038, -0.6712, -0.0198, -0.7410
1463696238.685029, 1, -2.3870, 1.1819, 0.2417, 0.0037, -0.6712, -0.0197, -0.7410
1463696238.685684, 1, -2.3870, 1.1819, 0.2417, 0.0038, -0.6712, -0.0198, -0.7410
1463696238.686329, 1, -2.3870, 1.1819, 0.2417, 0.0037, -0.6712, -0.0198, -0.7410
1463696238.687042, 1, -2.3870, 1.1819, 0.2417, 0.0037, -0.6712, -0.0198, -0.7410
1463696238.687638, 1, -2.3870, 1.1819, 0.2417, 0.0037, -0.6712, -0.0198, -0.7410
1463696238.688251, 1, -2.3870, 1.1819, 0.2417, 0.0038, -0.6712, -0.0198, -0.7410
1463696238.688985, 1, -2.3870, 1.1819, 0.2417, 0.0037, -0.6712, -0.0198, -0.7410
1463696238.689763, 1, -2.3870, 1.1819, 0.2417, 0.0037, -0.6712, -0.0198, -0.7410
1463696238.689903, 1, -2.3870, 1.1819, 0.2417, 0.0038, -0.6713, -0.0198, -0.7409
1463696238.691192, 1, -2.3870, 1.1819, 0.2417, 0.0038, -0.6712, -0.0198, -0.7410
1463696238.691983, 1, -2.3870, 1.1819, 0.2417, 0.0038, -0.6712, -0.0198, -0.7410
1463696238.692500, 1, -2.3870, 1.1819, 0.2417, 0.0037, -0.6712, -0.0199, -0.7410
1463696238.693083, 1, -2.3870, 1.1819, 0.2417, 0.0038, -0.6712, -0.0198, -0.7410
1463696238.694012, 1, -2.3870, 1.1819, 0.2417, 0.0037, -0.6711, -0.0198, -0.7410
1463696238.694630, 1, -2.3870, 1.1819, 0.2417, 0.0038, -0.6712, -0.0198, -0.7410
1463696238.695291, 1, -2.3870, 1.1819, 0.2417, 0.0038, -0.6712, -0.0198, -0.7410
1463696238.696020, 1, -2.3870, 1.1819, 0.2417, 0.0038, -0.6712, -0.0198, -0.7410
1463696238.696590, 1, -2.3870, 1.1819, 0.2417, 0.0038, -0.6711, -0.0198, -0.7411
1463696238.697534, 1, -2.3870, 1.1819, 0.2417, 0.0039, -0.6712, -0.0198, -0.7410
1463696238.698249, 1, -2.3870, 1.1819, 0.2417, 0.0039, -0.6712, -0.0198, -0.7410
1463696238.993969, 1, -2.3870, 1.1819, 0.2417, 0.0038, -0.6712, -0.0198, -0.7410
1463696238.994896, 1, -2.3870, 1.1819, 0.2417, 0.0038, -0.6712, -0.0198, -0.7410
1463696238.995512, 1, -2.3870, 1.1819, 0.2417, 0.0038, -0.6713, -0.0198, -0.7409
1463696238.996145, 1, -2.3870, 1.1819, 0.2417, 0.0038, -0.6712, -0.0198, -0.7410
1463696238.996952, 1, -2.3870, 1.1819, 0.2417, 0.0039, -0.6712, -0.0197, -0.7410
1463696238.997777, 1, -2.3870, 1.1819, 0.2417, 0.0038, -0.6712, -0.0198, -0.7410
1463696238.998428, 1, -2.3870, 1.1819, 0.2417, 0.0037, -0.6712, -0.0198, -0.7410
1463696238.999618, 1, -2.3870, 1.1819, 0.2417, 0.0037, -0.6712, -0.0198, -0.7410
1463696239.000340, 1, -2.3870, 1.1819, 0.2417, 0.0037, -0.6712, -0.0198, -0.7410
1463696239.000485, 1, -2.3870, 1.1819, 0.2417, 0.0037, -0.6712, -0.0198, -0.7410
1463696239.001543, 1, -2.3870, 1.1819, 0.2417, 0.0037, -0.6712, -0.0199, -0.7410
1463696239.002059, 1, -2.3870, 1.1819, 0.2417, 0.0037, -0.6712, -0.0198, -0.7410
1463696239.005329, 1, -2.3870, 1.1819, 0.2417, 0.0037, -0.6712, -0.0198, -0.7410
1463696239.005595, 1, -2.3870, 1.1819, 0.2417, 0.0038, -0.6712, -0.0198, -0.7410
1463696239.005908, 1, -2.3870, 1.1819, 0.2417, 0.0037, -0.6712, -0.0197, -0.7410
1463696239.006008, 1, -2.3870, 1.1819, 0.2417, 0.0037, -0.6712, -0.0198, -0.7410
1463696239.006103, 1, -2.3870, 1.1819, 0.2417, 0.0037, -0.6712, -0.0198, -0.7410
1463696239.006198, 1, -2.3870, 1.1819, 0.2417, 0.0037, -0.6712, -0.0199, -0.7410
1463696239.006461, 1, -2.3870, 1.1819, 0.2417, 0.0038, -0.6712, -0.0199, -0.7410
1463696239.007154, 1, -2.3870, 1.1819, 0.2417, 0.0038, -0.6712, -0.0199, -0.7410
1463696239.299196, 1, -2.3870, 1.1819, 0.2417, 0.0037, -0.6712, -0.0197, -0.7410
1463696239.300228, 1, -2.3870, 1.1819, 0.2417, 0.0038, -0.6712, -0.0198, -0.7410
1463696239.301046, 1, -2.3870, 1.1819, 0.2417, 0.0037, -0.6711, -0.0198, -0.7411
1463696239.301780, 1, -2.3870, 1.1819, 0.2417, 0.0037, -0.6712, -0.0198, -0.7410
1463696239.301890, 1, -2.3870, 1.1819, 0.2417, 0.0037, -0.6712, -0.0198, -0.7410
1463696239.302377, 1, -2.3870, 1.1819, 0.2417, 0.0038, -0.6712, -0.0198, -0.7410
1463696239.303627, 1, -2.3870, 1.1819, 0.2417, 0.0038, -0.6711, -0.0198, -0.7411
1463696239.304731, 1, -2.3870, 1.1819, 0.2417, 0.0037, -0.6712, -0.0198, -0.7410
1463696239.304874, 1, -2.3870, 1.1819, 0.2417, 0.0037, -0.6711, -0.0198, -0.7411
1463696239.305832, 1, -2.3870, 1.1819, 0.2417, 0.0038, -0.6712, -0.0197, -0.7410
1463696239.306466, 1, -2.3870, 1.1819, 0.2417, 0.0037, -0.6712, -0.0198, -0.7410
1463696239.307080, 1, -2.3870, 1.1819, 0.2417, 0.0037, -0.6712, -0.0197, -0.7410
1463696239.308151, 1, -2.3870, 1.1819, 0.2417, 0.0037, -0.6712, -0.0198, -0.7410
1463696239.308870, 1, -2.3870, 1.1819, 0.2417, 0.0037, -0.6712, -0.0198, -0.7410
1463696239.309458, 1, -2.3870, 1.1819, 0.2417, 0.0037, -0.6712, -0.0198, -0.7410
1463696239.310222, 1, -2.3870, 1.1819, 0.2417, 0.0037, -0.6712, -0.0198, -0.7410
1463696239.310822, 1, -2.3870, 1.1819, 0.2417, 0.0037, -0.6712, -0.0198, -0.7410
1463696239.311684, 1, -2.3870, 1.1819, 0.2417, 0.0038, -0.6712, -0.0198, -0.7410
1463696239.312354, 1, -2.3870, 1.1819, 0.2417, 0.0038, -0.6712, -0.0198, -0.7410
1463696239.313740, 1, -2.3870, 1.1819, 0.2417, 0.0038, -0.6713, -0.0199, -0.7409
1463696239.606487, 1, -2.3870, 1.1819, 0.2417, 0.0038, -0.6713, -0.0198, -0.7409
1463696239.607654, 1, -2.3870, 1.1819, 0.2417, 0.0038, -0.6712, -0.0198, -0.7410
1463696239.607774, 1, -2.3870, 1.1819, 0.2417, 0.0038, -0.6712, -0.0198, -0.7410
1463696239.609002, 1, -2.3870, 1.1819, 0.2417, 0.0037, -0.6711, -0.0198, -0.7411
1463696239.609127, 1, -2.3870, 1.1819, 0.2417, 0.0037, -0.6712, -0.0198, -0.7410
1463696239.610611, 1, -2.3870, 1.1819, 0.2417, 0.0038, -0.6712, -0.0198, -0.7410
1463696239.611266, 1, -2.3870, 1.1819, 0.2417, 0.0037, -0.6712, -0.0197, -0.7410
1463696239.612198, 1, -2.3870, 1.1819, 0.2417, 0.0038, -0.6712, -0.0198, -0.7410
1463696239.613063, 1, -2.3870, 1.1819, 0.2417, 0.0038, -0.6712, -0.0198, -0.7410
1463696239.613712, 1, -2.3870, 1.1819, 0.2417, 0.0038, -0.6712, -0.0198, -0.7410
1463696239.614290, 1, -2.3870, 1.1819, 0.2417, 0.0037, -0.6712, -0.0197, -0.7410
1463696239.614407, 1, -2.3870, 1.1819, 0.2417, 0.0038, -0.6712, -0.0198, -0.7410
1463696239.615815, 1, -2.3870, 1.1819, 0.2417, 0.0038, -0.6712, -0.0198, -0.7410
1463696239.616465, 1, -2.3870, 1.1819, 0.2417, 0.0038, -0.6713, -0.0199, -0.7409
1463696239.617089, 1, -2.3870, 1.1819, 0.2417, 0.0037, -0.6712, -0.0198, -0.7410
1463696239.617692, 1, -2.3870, 1.1819, 0.2417, 0.0038, -0.6713, -0.0199, -0.7410
1463696239.618276, 1, -2.3870, 1.1819, 0.2417, 0.0037, -0.6712, -0.0198, -0.7410
1463696239.618924, 1, -2.3870, 1.1819, 0.2417, 0.0037, -0.6712, -0.0197, -0.7410
1463696239.619738, 1, -2.3870, 1.1819, 0.2417, 0.0037, -0.6712, -0.0197, -0.7410
1463696239.620376, 1, -2.3870, 1.1819, 0.2417, 0.0038, -0.6712, -0.0198, -0.7410
1463696239.913881, 1, -2.3870, 1.1819, 0.2417, 0.0037, -0.6712, -0.0197, -0.7410
1463696239.915080, 1, -2.3870, 1.1819, 0.2417, 0.0038, -0.6712, -0.0198, -0.7410
1463696239.915716, 1, -2.3870, 1.1819, 0.2417, 0.0037, -0.6712, -0.0197, -0.7410
1463696239.915851, 1, -2.3870, 1.1819, 0.2417, 0.0037, -0.6713, -0.0198, -0.7409
1463696239.916924, 1, -2.3870, 1.1819, 0.2417, 0.0037, -0.6713, -0.0197, -0.7409
1463696239.917059, 1, -2.3870, 1.1819, 0.2417, 0.0037, -0.6713, -0.0198, -0.7409
1463696239.918406, 1, -2.3870, 1.1819, 0.2417, 0.0038, -0.6712, -0.0197, -0.7410
1463696239.919022, 1, -2.3870, 1.1819, 0.2417, 0.0038, -0.6712, -0.0198, -0.7410
1463696239.919735, 1, -2.3870, 1.1819, 0.2417, 0.0038, -0.6712, -0.0198, -0.7410
1463696239.920419, 1, -2.3870, 1.1819, 0.2417, 0.0038, -0.6713, -0.0198, -0.7409
1463696239.921117, 1, -2.3870, 1.1819, 0.2417, 0.0038, -0.6712, -0.0198, -0.7410
1463696239.921848, 1, -2.3870, 1.1819, 0.2417, 0.0038, -0.6713, -0.0198, -0.7409
1463696239.922682, 1, -2.3870, 1.1819, 0.2417, 0.0038, -0.6713, -0.0198, -0.7410
1463696239.923420, 1, -2.3870, 1.1819, 0.2417, 0.0038, -0.6712, -0.0198, -0.7410
1463696239.924120, 1, -2.3870, 1.1819, 0.2417, 0.0038, -0.6712, -0.0199, -0.7410
1463696239.924708, 1, -2.3870, 1.1819, 0.2417, 0.0038, -0.6712, -0.0198, -0.7410
1463696239.925409, 1, -2.3870, 1.1819, 0.2417, 0.0037, -0.6712, -0.0198, -0.7410
1463696239.926054, 1, -2.3870, 1.1819, 0.2417, 0.0038, -0.6712, -0.0198, -0.7410
1463696239.926679, 1, -2.3870, 1.1819, 0.2417, 0.0038, -0.6712, -0.0198, -0.7410
1463696239.927315, 1, -2.3870, 1.1819, 0.2417, 0.0038, -0.6712, -0.0198, -0.7410
1463696240.221315, 1, -2.3870, 1.1819, 0.2417, 0.0038, -0.6711, -0.0198, -0.7411
1463696240.222378, 1, -2.3870, 1.1819, 0.2417, 0.0037, -0.6712, -0.0197, -0.7410
1463696240.222991, 1, -2.3870, 1.1819, 0.2417, 0.0038, -0.6712, -0.0197, -0.7410
1463696240.223594, 1, -2.3870, 1.1819, 0.2417, 0.0038, -0.6711, -0.0197, -0.7410
1463696240.224782, 1, -2.3870, 1.1819, 0.2417, 0.0037, -0.6711, -0.0198, -0.7411
1463696240.224827, 1, -2.3870, 1.1819, 0.2417, 0.0038, -0.6712, -0.0198, -0.7410
1463696240.225450, 1, -2.3870, 1.1819, 0.2417, 0.0038, -0.6712, -0.0198, -0.7410
1463696240.226036, 1, -2.3870, 1.1819, 0.2417, 0.0037, -0.6712, -0.0199, -0.7410
1463696240.226753, 1, -2.3870, 1.1819, 0.2417, 0.0038, -0.6712, -0.0198, -0.7410
1463696240.227693, 1, -2.3870, 1.1819, 0.2417, 0.0038, -0.6712, -0.0198, -0.7410
1463696240.228072, 1, -2.3870, 1.1819, 0.2417, 0.0037, -0.6711, -0.0197, -0.7411
1463696240.228739, 1, -2.3870, 1.1819, 0.2417, 0.0038, -0.6712, -0.0198, -0.7410
1463696240.229354, 1, -2.3870, 1.1819, 0.2417, 0.0038, -0.6711, -0.0198, -0.7411
1463696240.229978, 1, -2.3870, 1.1819, 0.2417, 0.0037, -0.6712, -0.0199, -0.7410
1463696240.230651, 1, -2.3870, 1.1819, 0.2417, 0.0038, -0.6711, -0.0197, -0.7411
1463696240.231388, 1, -2.3870, 1.1819, 0.2417, 0.0037, -0.6712, -0.0198, -0.7410
1463696240.231961, 1, -2.3870, 1.1819, 0.2417, 0.0037, -0.6712, -0.0198, -0.7410
1463696240.232759, 1, -2.3870, 1.1819, 0.2417, 0.0038, -0.6712, -0.0197, -0.7410
1463696240.233248, 1, -2.3870, 1.1819, 0.2417, 0.0038, -0.6712, -0.0198, -0.7410
1463696240.234467, 1, -2.3870, 1.1819, 0.2417, 0.0038, -0.6712, -0.0198, -0.7410
1463696240.531737, 1, -2.3870, 1.1819, 0.2417, 0.0038, -0.6712, -0.0199, -0.7410
1463696240.532018, 1, -2.3870, 1.1819, 0.2417, 0.0038, -0.6712, -0.0199, -0.7410
1463696240.532135, 1, -2.3870, 1.1819, 0.2417, 0.0037, -0.6712, -0.0198, -0.7410
1463696240.532244, 1, -2.3870, 1.1819, 0.2417, 0.0037, -0.6712, -0.0197, -0.7410
1463696240.532351, 1, -2.3870, 1.1819, 0.2417, 0.0038, -0.6712, -0.0199, -0.7410
1463696240.532586, 1, -2.3870, 1.1819, 0.2417, 0.0038, -0.6712, -0.0199, -0.7410
1463696240.533690, 1, -2.3870, 1.1819, 0.2417, 0.0037, -0.6712, -0.0198, -0.7410
1463696240.534697, 1, -2.3870, 1.1819, 0.2417, 0.0038, -0.6712, -0.0198, -0.7410
1463696240.535815, 1, -2.3870, 1.1819, 0.2417, 0.0037, -0.6712, -0.0198, -0.7410
1463696240.536590, 1, -2.3870, 1.1819, 0.2417, 0.0038, -0.6712, -0.0198, -0.7410
1463696240.537495, 1, -2.3870, 1.1819, 0.2417, 0.0037, -0.6713, -0.0198, -0.7409
1463696240.538326, 1, -2.3870, 1.1819, 0.2417, 0.0037, -0.6713, -0.0198, -0.7409
1463696240.538978, 1, -2.3870, 1.1819, 0.2417, 0.0038, -0.6712, -0.0198, -0.7410
1463696240.540096, 1, -2.3870, 1.1819, 0.2417, 0.0038, -0.6712, -0.0198, -0.7410
1463696240.540951, 1, -2.3870, 1.1819, 0.2417, 0.0038, -0.6712, -0.0198, -0.7410
1463696240.541583, 1, -2.3870, 1.1819, 0.2417, 0.0037, -0.6711, -0.0197, -0.7411
1463696240.541701, 1, -2.3870, 1.1819, 0.2417, 0.0037, -0.6712, -0.0198, -0.7410
1463696240.542814, 1, -2.3870, 1.1819, 0.2417, 0.0038, -0.6711, -0.0198, -0.7411
1463696240.542933, 1, -2.3870, 1.1819, 0.2417, 0.0038, -0.6712, -0.0198, -0.7410
1463696240.543888, 1, -2.3870, 1.1819, 0.2417, 0.0037, -0.6712, -0.0198, -0.7410
1463696240.836477, 1, -2.3870, 1.1819, 0.2417, 0.0038, -0.6712, -0.0198, -0.7410
1463696240.837265, 1, -2.3870, 1.1819, 0.2417, 0.0038, -0.6712, -0.0198, -0.7410
1463696240.837927, 1, -2.3870, 1.1819, 0.2417, 0.0038, -0.6712, -0.0198, -0.7410
1463696240.838048, 1, -2.3870, 1.1819, 0.2417, 0.0037, -0.6712, -0.0198, -0.7410
1463696240.839386, 1, -2.3870, 1.1819, 0.2417, 0.0038, -0.6711, -0.0198, -0.7411
1463696240.839525, 1, -2.3870, 1.1819, 0.2417, 0.0038, -0.6713, -0.0198, -0.7409
1463696240.840562, 1, -2.3870, 1.1819, 0.2417, 0.0038, -0.6712, -0.0198, -0.7410
1463696240.841415, 1, -2.3870, 1.1819, 0.2417, 0.0038, -0.6712, -0.0198, -0.7410
1463696240.842145, 1, -2.3870, 1.1819, 0.2417, 0.0038, -0.6711, -0.0198, -0.7411
1463696240.842746, 1, -2.3870, 1.1819, 0.2417, 0.0037, -0.6712, -0.0198, -0.7410
1463696240.843456, 1, -2.3870, 1.1819, 0.2417, 0.0037, -0.6712, -0.0198, -0.7410
1463696240.844160, 1, -2.3870, 1.1819, 0.2417, 0.0038, -0.6712, -0.0199, -0.7410
1463696240.845088, 1, -2.3870, 1.1819, 0.2417, 0.0037, -0.6712, -0.0198, -0.7410
1463696240.845725, 1, -2.3870, 1.1819, 0.2417, 0.0037, -0.6712, -0.0198, -0.7410
1463696240.846400, 1, -2.3870, 1.1819, 0.2417, 0.0037, -0.6712, -0.0198, -0.7410
1463696240.847102, 1, -2.3870, 1.1819, 0.2417, 0.0038, -0.6712, -0.0198, -0.7410
1463696240.847812, 1, -2.3870, 1.1819, 0.2417, 0.0038, -0.6712, -0.0198, -0.7410
1463696240.848510, 1, -2.3870, 1.1819, 0.2417, 0.0038, -0.6712, -0.0198, -0.7410
1463696240.849186, 1, -2.3870, 1.1819, 0.2417, 0.0037, -0.6712, -0.0198, -0.7410
1463696240.849768, 1, -2.3870, 1.1819, 0.2417, 0.0038, -0.6712, -0.0197, -0.7410
1463696241.143826, 1, -2.3870, 1.1819, 0.2417, 0.0037, -0.6712, -0.0198, -0.7410
1463696241.144618, 1, -2.3870, 1.1819, 0.2417, 0.0038, -0.6712, -0.0197, -0.7410
1463696241.145269, 1, -2.3870, 1.1819, 0.2417, 0.0038, -0.6712, -0.0197, -0.7410
1463696241.145883, 1, -2.3870, 1.1819, 0.2417, 0.0038, -0.6712, -0.0198, -0.7410
1463696241.146462, 1, -2.3870, 1.1819, 0.2417, 0.0037, -0.6711, -0.0198, -0.7411
1463696241.147097, 1, -2.3870, 1.1819, 0.2417, 0.0037, -0.6711, -0.0198, -0.7410
1463696241.147786, 1, -2.3870, 1.1819, 0.2417, 0.0038, -0.6711, -0.0197, -0.7411
1463696241.148452, 1, -2.3870, 1.1819, 0.2417, 0.0038, -0.6712, -0.0198, -0.7410
1463696241.149073, 1, -2.3870, 1.1819, 0.2417, 0.0037, -0.6712, -0.0198, -0.7410
1463696241.149618, 1, -2.3870, 1.1819, 0.2417, 0.0038, -0.6711, -0.0198, -0.7411
1463696241.150256, 1, -2.3870, 1.1819, 0.2417, 0.0038, -0.6712, -0.0198, -0.7410
1463696241.150972, 1, -2.3870, 1.1819, 0.2417, 0.0037, -0.6712, -0.0197, -0.7410
1463696241.151617, 1, -2.3870, 1.1819, 0.2417, 0.0037, -0.6712, -0.0197, -0.7410
1463696241.152219, 1, -2.3870, 1.1819, 0.2417, 0.0037, -0.6712, -0.0198, -0.7410
1463696241.152790, 1, -2.3870, 1.1819, 0.2417, 0.0038, -0.6712, -0.0198, -0.7410
1463696241.153421, 1, -2.3870, 1.1819, 0.2417, 0.0037, -0.6713, -0.0197, -0.7409
1463696241.153968, 1, -2.3870, 1.1819, 0.2417, 0.0038, -0.6712, -0.0197, -0.7410
1463696241.154656, 1, -2.3870, 1.1819, 0.2417, 0.0038, -0.6712, -0.0197, -0.7410
1463696241.155229, 1, -2.3870, 1.1819, 0.2417, 0.0037, -0.6712, -0.0198, -0.7410
1463696241.155952, 1, -2.3870, 1.1819, 0.2417, 0.0037, -0.6713, -0.0198, -0.7409
1463696241.450689, 1, -2.3870, 1.1819, 0.2417, 0.0038, -0.6712, -0.0198, -0.7410
1463696241.451879, 1, -2.3870, 1.1819, 0.2417, 0.0037, -0.6712, -0.0198, -0.7410
1463696241.452601, 1, -2.3870, 1.1819, 0.2417, 0.0037, -0.6712, -0.0198, -0.7410
1463696241.453233, 1, -2.3870, 1.1819, 0.2417, 0.0037, -0.6713, -0.0198, -0.7410
1463696241.453896, 1, -2.3870, 1.1819, 0.2417, 0.0038, -0.6712, -0.0198, -0.7410
1463696241.454644, 1, -2.3870, 1.1819, 0.2417, 0.0038, -0.6712, -0.0198, -0.7410
1463696241.454754, 1, -2.3870, 1.1819, 0.2417, 0.0039, -0.6712, -0.0198, -0.7410
1463696241.455985, 1, -2.3870, 1.1819, 0.2417, 0.0038, -0.6712, -0.0199, -0.7410
1463696241.456090, 1, -2.3870, 1.1819, 0.2417, 0.0038, -0.6712, -0.0198, -0.7410
1463696241.456605, 1, -2.3870, 1.1819, 0.2417, 0.0038, -0.6712, -0.0197, -0.7410
1463696241.457725, 1, -2.3870, 1.1819, 0.2417, 0.0038, -0.6712, -0.0198, -0.7410
1463696241.458383, 1, -2.3870, 1.1819, 0.2417, 0.0038, -0.6713, -0.0197, -0.7409
1463696241.459066, 1, -2.3870, 1.1819, 0.2417, 0.0037, -0.6712, -0.0199, -0.7410
1463696241.460018, 1, -2.3870, 1.1819, 0.2417, 0.0038, -0.6712, -0.0198, -0.7410
1463696241.460739, 1, -2.3870, 1.1819, 0.2417, 0.0037, -0.6712, -0.0198, -0.7410
1463696241.461396, 1, -2.3870, 1.1819, 0.2417, 0.0037, -0.6711, -0.0198, -0.7411
1463696241.461517, 1, -2.3870, 1.1819, 0.2417, 0.0037, -0.6712, -0.0198, -0.7410
1463696241.462823, 1, -2.3870, 1.1819, 0.2417, 0.0037, -0.6712, -0.0198, -0.7410
1463696241.463886, 1, -2.3870, 1.1819, 0.2417, 0.0038, -0.6711, -0.0198, -0.7411
1463696241.466572, 1, -2.3870, 1.1819, 0.2417, 0.0038, -0.6712, -0.0198, -0.7410
1463696241.758634, 1, -2.3870, 1.1819, 0.2417, 0.0038, -0.6712, -0.0197, -0.7410
1463696241.759259, 1, -2.3870, 1.1819, 0.2417, 0.0037, -0.6712, -0.0198, -0.7410
1463696241.760143, 1, -2.3870, 1.1819, 0.2417, 0.0037, -0.6712, -0.0198, -0.7410
1463696241.760264, 1, -2.3870, 1.1819, 0.2417, 0.0038, -0.6712, -0.0198, -0.7410
1463696241.762209, 1, -2.3870, 1.1819, 0.2417, 0.0038, -0.6712, -0.0197, -0.7410
1463696241.762858, 1, -2.3870, 1.1819, 0.2417, 0.0038, -0.6712, -0.0198, -0.7410
1463696241.763506, 1, -2.3870, 1.1819, 0.2417, 0.0037, -0.6712, -0.0198, -0.7410
1463696241.763649, 1, -2.3870, 1.1819, 0.2417, 0.0038, -0.6712, -0.0198, -0.7410
1463696241.764686, 1, -2.3870, 1.1819, 0.2417, 0.0038, -0.6712, -0.0198, -0.7410
1463696241.765283, 1, -2.3870, 1.1819, 0.2417, 0.0038, -0.6712, -0.0199, -0.7410
1463696241.765985, 1, -2.3870, 1.1819, 0.2417, 0.0037, -0.6712, -0.0198, -0.7410
1463696241.766546, 1, -2.3870, 1.1819, 0.2417, 0.0037, -0.6712, -0.0199, -0.7410
1463696241.767266, 1, -2.3870, 1.1819, 0.2417, 0.0037, -0.6712, -0.0198, -0.7410
1463696241.768011, 1, -2.3870, 1.1819, 0.2417, 0.0037, -0.6712, -0.0198, -0.7410
1463696241.768150, 1, -2.3870, 1.1819, 0.2417, 0.0037, -0.6712, -0.0197, -0.7410
1463696241.769221, 1, -2.3870, 1.1819, 0.2417, 0.0037, -0.6712, -0.0198, -0.7410
1463696241.769835, 1, -2.3870, 1.1819, 0.2417, 0.0037, -0.6712, -0.0198, -0.7410
1463696241.770406, 1, -2.3870, 1.1819, 0.2417, 0.0038, -0.6712, -0.0198, -0.7410
1463696241.771124, 1, -2.3870, 1.1819, 0.2417, 0.0038, -0.6713, -0.0199, -0.7410
1463696241.773735, 1, -2.3870, 1.1819, 0.2417, 0.0038, -0.6712, -0.0198, -0.7410
1463696242.066253, 1, -2.3870, 1.1819, 0.2417, 0.0037, -0.6712, -0.0198, -0.7410
1463696242.066828, 1, -2.3870, 1.1819, 0.2417, 0.0038, -0.6713, -0.0198, -0.7410
1463696242.067501, 1, -2.3870, 1.1819, 0.2417, 0.0037, -0.6712, -0.0197, -0.7410
1463696242.068147, 1, -2.3870, 1.1819, 0.2417, 0.0037, -0.6712, -0.0198, -0.7410
1463696242.068717, 1, -2.3870, 1.1819, 0.2417, 0.0037, -0.6712, -0.0198, -0.7410
1463696242.069367, 1, -2.3870, 1.1819, 0.2417, 0.0036, -0.6712, -0.0199, -0.7410
1463696242.070056, 1, -2.3870, 1.1819, 0.2417, 0.0038, -0.6712, -0.0198, -0.7410
1463696242.070732, 1, -2.3870, 1.1819, 0.2417, 0.0037, -0.6712, -0.0198, -0.7410
1463696242.071289, 1, -2.3870, 1.1819, 0.2417, 0.0038, -0.6712, -0.0198, -0.7410
1463696242.071890, 1, -2.3870, 1.1819, 0.2417, 0.0038, -0.6712, -0.0197, -0.7410
1463696242.072546, 1, -2.3870, 1.1819, 0.2417, 0.0038, -0.6712, -0.0198, -0.7410
1463696242.073164, 1, -2.3870, 1.1819, 0.2417, 0.0038, -0.6712, -0.0198, -0.7410
1463696242.073867, 1, -2.3870, 1.1819, 0.2417, 0.0038, -0.6712, -0.0198, -0.7410
1463696242.074544, 1, -2.3870, 1.1819, 0.2417, 0.0038, -0.6712, -0.0198, -0.7410
1463696242.074593, 1, -2.3870, 1.1819, 0.2417, 0.0038, -0.6712, -0.0198, -0.7410
1463696242.075719, 1, -2.3870, 1.1819, 0.2417, 0.0038, -0.6712, -0.0198, -0.7410
1463696242.076321, 1, -2.3870, 1.1819, 0.2417, 0.0038, -0.6712, -0.0198, -0.7410
1463696242.077126, 1, -2.3870, 1.1819, 0.2417, 0.0038, -0.6711, -0.0197, -0.7411
1463696242.077650, 1, -2.3870, 1.1819, 0.2417, 0.0038, -0.6712, -0.0198, -0.7410
1463696242.078242, 1, -2.3870, 1.1819, 0.2417, 0.0038, -0.6712, -0.0197, -0.7410
1463696242.372823, 1, -2.3870, 1.1819, 0.2417, 0.0037, -0.6712, -0.0197, -0.7410
1463696242.374102, 1, -2.3870, 1.1819, 0.2417, 0.0038, -0.6712, -0.0197, -0.7410
1463696242.374251, 1, -2.3870, 1.1819, 0.2417, 0.0039, -0.6711, -0.0197, -0.7411
1463696242.375167, 1, -2.3870, 1.1819, 0.2417, 0.0038, -0.6711, -0.0197, -0.7411
1463696242.375765, 1, -2.3870, 1.1819, 0.2417, 0.0038, -0.6712, -0.0198, -0.7410
1463696242.376378, 1, -2.3870, 1.1819, 0.2417, 0.0038, -0.6712, -0.0198, -0.7410
1463696242.377051, 1, -2.3870, 1.1819, 0.2417, 0.0038, -0.6711, -0.0198, -0.7411
1463696242.377753, 1, -2.3870, 1.1819, 0.2417, 0.0037, -0.6712, -0.0197, -0.7410
1463696242.377874, 1, -2.3870, 1.1819, 0.2417, 0.0037, -0.6712, -0.0198, -0.7410
1463696242.378903, 1, -2.3870, 1.1819, 0.2417, 0.0037, -0.6712, -0.0198, -0.7410
1463696242.379577, 1, -2.3870, 1.1819, 0.2417, 0.0037, -0.6712, -0.0199, -0.7410
1463696242.380432, 1, -2.3870, 1.1819, 0.2417, 0.0037, -0.6712, -0.0198, -0.7410
1463696242.381085, 1, -2.3870, 1.1819, 0.2417, 0.0038, -0.6712, -0.0198, -0.7410
1463696242.381592, 1, -2.3870, 1.1819, 0.2417, 0.0038, -0.6712, -0.0198, -0.7410
1463696242.382282, 1, -2.3870, 1.1819, 0.2417, 0.0038, -0.6712, -0.0197, -0.7410
1463696242.383074, 1, -2.3870, 1.1819, 0.2417, 0.0037, -0.6712, -0.0198, -0.7410
1463696242.383969, 1, -2.3870, 1.1819, 0.2417, 0.0037, -0.6712, -0.0197, -0.7410
1463696242.384897, 1, -2.3870, 1.1819, 0.2417, 0.0037, -0.6712, -0.0197, -0.7410
1463696242.386054, 1, -2.3870, 1.1819, 0.2417, 0.0038, -0.6711, -0.0198, -0.7411
1463696242.386174, 1, -2.3870, 1.1819, 0.2417, 0.0038, -0.6712, -0.0198, -0.7410
1463696242.680215, 1, -2.3870, 1.1819, 0.2417, 0.0038, -0.6712, -0.0198, -0.7410
1463696242.680610, 1, -2.3870, 1.1819, 0.2417, 0.0037, -0.6712, -0.0198, -0.7410
1463696242.681979, 1, -2.3870, 1.1819, 0.2417, 0.0037, -0.6712, -0.0197, -0.7410
1463696242.682083, 1, -2.3870, 1.1819, 0.2417, 0.0037, -0.6712, -0.0197, -0.7410
1463696242.683181, 1, -2.3870, 1.1819, 0.2417, 0.0038, -0.6712, -0.0198, -0.7410
1463696242.683825, 1, -2.3870, 1.1819, 0.2417, 0.0038, -0.6713, -0.0198, -0.7410
1463696242.684433, 1, -2.3870, 1.1819, 0.2417, 0.0037, -0.6712, -0.0198, -0.7410
1463696242.685023, 1, -2.3870, 1.1819, 0.2417, 0.0038, -0.6712, -0.0198, -0.7410
1463696242.685706, 1, -2.3870, 1.1819, 0.2417, 0.0038, -0.6712, -0.0197, -0.7410
1463696242.686396, 1, -2.3870, 1.1819, 0.2417, 0.0038, -0.6712, -0.0198, -0.7410
1463696242.686514, 1, -2.3870, 1.1819, 0.2417, 0.0037, -0.6712, -0.0197, -0.7410
1463696242.687607, 1, -2.3870, 1.1819, 0.2417, 0.0037, -0.6713, -0.0197, -0.7409
1463696242.688207, 1, -2.3870, 1.1819, 0.2417, 0.0038, -0.6713, -0.0198, -0.7409
1463696242.688883, 1, -2.3870, 1.1819, 0.2417, 0.0037, -0.6712, -0.0198, -0.7410
1463696242.689543, 1, -2.3870, 1.1819, 0.2417, 0.0037, -0.6712, -0.0197, -0.7410
1463696242.690167, 1, -2.3870, 1.1819, 0.2417, 0.0037, -0.6712, -0.0197, -0.7410
1463696242.690843, 1, -2.3870, 1.1819, 0.2417, 0.0037, -0.6712, -0.0197, -0.7410
1463696242.691317, 1, -2.3870, 1.1819, 0.2417, 0.0037, -0.6712, -0.0198, -0.7410
1463696242.692121, 1, -2.3870, 1.1819, 0.2417, 0.0038, -0.6712, -0.0197, -0.7410
1463696242.692798, 1, -2.3870, 1.1819, 0.2417, 0.0037, -0.6712, -0.0198, -0.7410
1463696242.987538, 1, -2.3870, 1.1819, 0.2417, 0.0037, -0.6712, -0.0197, -0.7410
1463696242.988020, 1, -2.3870, 1.1819, 0.2417, 0.0038, -0.6711, -0.0198, -0.7411
1463696242.989252, 1, -2.3870, 1.1819, 0.2417, 0.0038, -0.6711, -0.0197, -0.7410
1463696242.989915, 1, -2.3870, 1.1819, 0.2417, 0.0037, -0.6712, -0.0198, -0.7410
1463696242.990592, 1, -2.3870, 1.1819, 0.2417, 0.0038, -0.6711, -0.0197, -0.7411
1463696242.992241, 1, -2.3870, 1.1819, 0.2417, 0.0037, -0.6712, -0.0198, -0.7410
1463696242.992361, 1, -2.3870, 1.1819, 0.2417, 0.0038, -0.6712, -0.0198, -0.7410
1463696242.993534, 1, -2.3870, 1.1819, 0.2417, 0.0038, -0.6712, -0.0197, -0.7410
1463696242.993655, 1, -2.3870, 1.1819, 0.2417, 0.0038, -0.6712, -0.0198, -0.7410
1463696242.994797, 1, -2.3870, 1.1819, 0.2417, 0.0038, -0.6712, -0.0198, -0.7410
1463696242.995893, 1, -2.3870, 1.1819, 0.2417, 0.0037, -0.6712, -0.0198, -0.7410
1463696242.996212, 1, -2.3870, 1.1819, 0.2417, 0.0038, -0.6712, -0.0198, -0.7410
1463696242.996801, 1, -2.3870, 1.1819, 0.2417, 0.0039, -0.6712, -0.0199, -0.7410
1463696242.997413, 1, -2.3870, 1.1819, 0.2417, 0.0037, -0.6711, -0.0198, -0.7411
1463696242.998257, 1, -2.3870, 1.1819, 0.2417, 0.0038, -0.6712, -0.0198, -0.7410
1463696242.998954, 1, -2.3870, 1.1819, 0.2417, 0.0038, -0.6712, -0.0198, -0.7410
1463696242.999077, 1, -2.3870, 1.1819, 0.2417, 0.0038, -0.6711, -0.0198, -0.7411
1463696242.999597, 1, -2.3870, 1.1819, 0.2417, 0.0038, -0.6711, -0.0197, -0.7411
1463696243.000130, 1, -2.3870, 1.1819, 0.2417, 0.0037, -0.6711, -0.0198, -0.7411
1463696243.001297, 1, -2.3870, 1.1819, 0.2417, 0.0038, -0.6712, -0.0197, -0.7410
1463696243.294847, 1, -2.3870, 1.1819, 0.2417, 0.0037, -0.6711, -0.0198, -0.7411
1463696243.296059, 1, -2.3870, 1.1819, 0.2417, 0.0038, -0.6712, -0.0198, -0.7410
1463696243.296964, 1, -2.3870, 1.1819, 0.2417, 0.0038, -0.6712, -0.0198, -0.7410
1463696243.297809, 1, -2.3870, 1.1819, 0.2417, 0.0037, -0.6712, -0.0197, -0.7410
1463696243.298757, 1, -2.3870, 1.1819, 0.2417, 0.0038, -0.6712, -0.0198, -0.7410
1463696243.299497, 1, -2.3870, 1.1819, 0.2417, 0.0037, -0.6712, -0.0198, -0.7410
1463696243.300070, 1, -2.3870, 1.1819, 0.2417, 0.0038, -0.6712, -0.0198, -0.7410
1463696243.300663, 1, -2.3870, 1.1819, 0.2417, 0.0037, -0.6712, -0.0198, -0.7410
1463696243.301625, 1, -2.3870, 1.1819, 0.2417, 0.0038, -0.6712, -0.0198, -0.7410
1463696243.302544, 1, -2.3870, 1.1819, 0.2417, 0.0038, -0.6712, -0.0198, -0.7410
1463696243.302660, 1, -2.3870, 1.1819, 0.2417, 0.0038, -0.6713, -0.0199, -0.7409
1463696243.303810, 1, -2.3870, 1.1819, 0.2417, 0.0037, -0.6712, -0.0198, -0.7410
1463696243.304452, 1, -2.3870, 1.1819, 0.2417, 0.0038, -0.6712, -0.0197, -0.7410
1463696243.305049, 1, -2.3870, 1.1819, 0.2417, 0.0038, -0.6712, -0.0198, -0.7410
1463696243.305692, 1, -2.3870, 1.1819, 0.2417, 0.0038, -0.6712, -0.0198, -0.7410
1463696243.306778, 1, -2.3870, 1.1819, 0.2417, 0.0038, -0.6713, -0.0198, -0.7410
1463696243.307409, 1, -2.3870, 1.1819, 0.2417, 0.0038, -0.6712, -0.0197, -0.7410
1463696243.308123, 1, -2.3870, 1.1819, 0.2417, 0.0038, -0.6712, -0.0197, -0.7410
1463696243.308696, 1, -2.3870, 1.1819, 0.2417, 0.0037, -0.6712, -0.0197, -0.7410
1463696243.309320, 1, -2.3870, 1.1819, 0.2417, 0.0038, -0.6713, -0.0198, -0.7409
1463696243.602185, 1, -2.3870, 1.1819, 0.2417, 0.0037, -0.6712, -0.0198, -0.7410
1463696243.603303, 1, -2.3870, 1.1819, 0.2417, 0.0037, -0.6712, -0.0196, -0.7410
1463696243.604079, 1, -2.3870, 1.1819, 0.2417, 0.0038, -0.6712, -0.0198, -0.7410
1463696243.604685, 1, -2.3870, 1.1819, 0.2417, 0.0038, -0.6712, -0.0198, -0.7410
1463696243.605376, 1, -2.3870, 1.1819, 0.2417, 0.0037, -0.6712, -0.0197, -0.7410
1463696243.606005, 1, -2.3870, 1.1819, 0.2417, 0.0038, -0.6712, -0.0198, -0.7410
1463696243.606125, 1, -2.3870, 1.1819, 0.2417, 0.0038, -0.6711, -0.0198, -0.7411
1463696243.607305, 1, -2.3870, 1.1819, 0.2417, 0.0037, -0.6712, -0.0198, -0.7410
1463696243.607933, 1, -2.3870, 1.1819, 0.2417, 0.0037, -0.6712, -0.0198, -0.7410
1463696243.608056, 1, -2.3870, 1.1819, 0.2417, 0.0038, -0.6712, -0.0198, -0.7410
1463696243.609132, 1, -2.3870, 1.1819, 0.2417, 0.0037, -0.6712, -0.0198, -0.7410
1463696243.609823, 1, -2.3870, 1.1819, 0.2417, 0.0038, -0.6712, -0.0199, -0.7410
1463696243.610477, 1, -2.3870, 1.1819, 0.2417, 0.0038, -0.6711, -0.0198, -0.7411
1463696243.610626, 1, -2.3870, 1.1819, 0.2417, 0.0037, -0.6712, -0.0198, -0.7410
1463696243.611702, 1, -2.3870, 1.1819, 0.2417, 0.0038, -0.6712, -0.0198, -0.7410
1463696243.612322, 1, -2.3870, 1.1819, 0.2417, 0.0038, -0.6712, -0.0198, -0.7410
1463696243.613029, 1, -2.3870, 1.1819, 0.2417, 0.0038, -0.6712, -0.0198, -0.7410
1463696243.613208, 1, -2.3870, 1.1819, 0.2417, 0.0037, -0.6712, -0.0198, -0.7410
1463696243.614206, 1, -2.3870, 1.1819, 0.2417, 0.0038, -0.6712, -0.0197, -0.7410
1463696243.614870, 1, -2.3870, 1.1819, 0.2417, 0.0038, -0.6712, -0.0198, -0.7410
1463696243.910201, 1, -2.3870, 1.1819, 0.2417, 0.0037, -0.6712, -0.0198, -0.7410
1463696243.915464, 1, -2.3870, 1.1819, 0.2417, 0.0037, -0.6712, -0.0198, -0.7410
1463696243.915631, 1, -2.3870, 1.1819, 0.2417, 0.0037, -0.6712, -0.0198, -0.7410
1463696243.916632, 1, -2.3870, 1.1819, 0.2417, 0.0036, -0.6713, -0.0197, -0.7409
1463696243.917202, 1, -2.3870, 1.1819, 0.2417, 0.0038, -0.6712, -0.0198, -0.7410
1463696243.917831, 1, -2.3870, 1.1819, 0.2417, 0.0038, -0.6712, -0.0199, -0.7410
1463696243.918562, 1, -2.3870, 1.1819, 0.2417, 0.0038, -0.6712, -0.0198, -0.7410
1463696243.919292, 1, -2.3870, 1.1819, 0.2417, 0.0038, -0.6712, -0.0198, -0.7410
1463696243.919451, 1, -2.3870, 1.1819, 0.2417, 0.0038, -0.6712, -0.0198, -0.7410
1463696243.920724, 1, -2.3870, 1.1819, 0.2417, 0.0037, -0.6712, -0.0198, -0.7410
1463696243.921303, 1, -2.3870, 1.1819, 0.2417, 0.0038, -0.6712, -0.0198, -0.7410
1463696243.921909, 1, -2.3870, 1.1819, 0.2417, 0.0038, -0.6712, -0.0198, -0.7410
1463696243.922584, 1, -2.3870, 1.1819, 0.2417, 0.0037, -0.6712, -0.0198, -0.7410
1463696243.923280, 1, -2.3870, 1.1819, 0.2417, 0.0037, -0.6712, -0.0198, -0.7410
1463696243.923994, 1, -2.3870, 1.1819, 0.2417, 0.0038, -0.6712, -0.0198, -0.7410
1463696243.924113, 1, -2.3870, 1.1819, 0.2417, 0.0038, -0.6712, -0.0198, -0.7410
1463696243.924646, 1, -2.3870, 1.1819, 0.2417, 0.0037, -0.6712, -0.0197, -0.7410
1463696243.925164, 1, -2.3870, 1.1819, 0.2417, 0.0038, -0.6712, -0.0198, -0.7410
1463696243.928043, 1, -2.3870, 1.1819, 0.2417, 0.0037, -0.6712, -0.0197, -0.7410
1463696243.928886, 1, -2.3870, 1.1819, 0.2417, 0.0038, -0.6712, -0.0198, -0.7410
1463696244.217052, 1, -2.3870, 1.1819, 0.2417, 0.0038, -0.6712, -0.0197, -0.7410
1463696244.218027, 1, -2.3870, 1.1819, 0.2417, 0.0039, -0.6712, -0.0198, -0.7410
1463696244.218580, 1, -2.3870, 1.1819, 0.2417, 0.0038, -0.6712, -0.0198, -0.7410
1463696244.219172, 1, -2.3870, 1.1819, 0.2417, 0.0038, -0.6712, -0.0198, -0.7410
1463696244.219739, 1, -2.3870, 1.1819, 0.2417, 0.0038, -0.6712, -0.0198, -0.7410
1463696244.220968, 1, -2.3870, 1.1819, 0.2417, 0.0039, -0.6712, -0.0198, -0.7410
1463696244.221092, 1, -2.3870, 1.1819, 0.2417, 0.0038, -0.6712, -0.0198, -0.7410
1463696244.221771, 1, -2.3870, 1.1819, 0.2417, 0.0038, -0.6712, -0.0197, -0.7410
1463696244.222383, 1, -2.3870, 1.1819, 0.2417, 0.0037, -0.6712, -0.0198, -0.7410
1463696244.223052, 1, -2.3870, 1.1819, 0.2417, 0.0038, -0.6712, -0.0198, -0.7410
1463696244.223697, 1, -2.3870, 1.1819, 0.2417, 0.0038, -0.6712, -0.0198, -0.7410
1463696244.224409, 1, -2.3870, 1.1819, 0.2417, 0.0037, -0.6711, -0.0197, -0.7411
1463696244.224967, 1, -2.3870, 1.1819, 0.2417, 0.0038, -0.6712, -0.0198, -0.7410
1463696244.225575, 1, -2.3870, 1.1819, 0.2417, 0.0038, -0.6712, -0.0198, -0.7410
1463696244.226179, 1, -2.3870, 1.1819, 0.2417, 0.0038, -0.6711, -0.0198, -0.7411
1463696244.226864, 1, -2.3870, 1.1819, 0.2417, 0.0037, -0.6712, -0.0197, -0.7410
1463696244.227542, 1, -2.3870, 1.1819, 0.2417, 0.0038, -0.6712, -0.0197, -0.7410
1463696244.228233, 1, -2.3870, 1.1819, 0.2417, 0.0037, -0.6712, -0.0198, -0.7410
1463696244.228898, 1, -2.3870, 1.1819, 0.2417, 0.0038, -0.6712, -0.0197, -0.7410
1463696244.229584, 1, -2.3870, 1.1819, 0.2417, 0.0038, -0.6712, -0.0197, -0.7410
1463696244.524274, 1, -2.3870, 1.1819, 0.2417, 0.0038, -0.6712, -0.0197, -0.7410
1463696244.524843, 1, -2.3870, 1.1819, 0.2417, 0.0037, -0.6712, -0.0198, -0.7410
1463696244.526063, 1, -2.3870, 1.1819, 0.2417, 0.0038, -0.6712, -0.0198, -0.7410
1463696244.526176, 1, -2.3870, 1.1819, 0.2417, 0.0038, -0.6712, -0.0197, -0.7410
1463696244.526670, 1, -2.3870, 1.1819, 0.2417, 0.0038, -0.6712, -0.0199, -0.7410
1463696244.532375, 1, -2.3870, 1.1819, 0.2417, 0.0037, -0.6712, -0.0198, -0.7410
1463696244.532517, 1, -2.3870, 1.1819, 0.2417, 0.0038, -0.6712, -0.0198, -0.7410
1463696244.532629, 1, -2.3870, 1.1819, 0.2417, 0.0038, -0.6712, -0.0197, -0.7410
1463696244.532824, 1, -2.3870, 1.1819, 0.2417, 0.0038, -0.6713, -0.0199, -0.7410
1463696244.532933, 1, -2.3870, 1.1819, 0.2417, 0.0037, -0.6712, -0.0198, -0.7410
1463696244.533040, 1, -2.3870, 1.1819, 0.2417, 0.0038, -0.6712, -0.0198, -0.7410
1463696244.533148, 1, -2.3870, 1.1819, 0.2417, 0.0038, -0.6712, -0.0198, -0.7410
1463696244.533252, 1, -2.3870, 1.1819, 0.2417, 0.0037, -0.6712, -0.0198, -0.7410
1463696244.533436, 1, -2.3870, 1.1819, 0.2417, 0.0038, -0.6712, -0.0197, -0.7410
1463696244.534116, 1, -2.3870, 1.1819, 0.2417, 0.0038, -0.6712, -0.0199, -0.7410
1463696244.534834, 1, -2.3870, 1.1819, 0.2417, 0.0037, -0.6712, -0.0198, -0.7410
1463696244.535410, 1, -2.3870, 1.1819, 0.2417, 0.0037, -0.6712, -0.0198, -0.7410
1463696244.536066, 1, -2.3870, 1.1819, 0.2417, 0.0038, -0.6712, -0.0198, -0.7410
1463696244.831642, 1, -2.3870, 1.1819, 0.2417, 0.0037, -0.6711, -0.0197, -0.7411
1463696244.833085, 1, -2.3870, 1.1819, 0.2417, 0.0037, -0.6711, -0.0198, -0.7411
1463696244.833696, 1, -2.3870, 1.1819, 0.2417, 0.0037, -0.6712, -0.0198, -0.7410
1463696244.834234, 1, -2.3870, 1.1819, 0.2417, 0.0037, -0.6711, -0.0198, -0.7411
1463696244.835276, 1, -2.3870, 1.1819, 0.2417, 0.0038, -0.6711, -0.0197, -0.7411
1463696244.835396, 1, -2.3870, 1.1819, 0.2417, 0.0037, -0.6711, -0.0198, -0.7410
1463696244.836588, 1, -2.3870, 1.1819, 0.2417, 0.0037, -0.6712, -0.0199, -0.7410
1463696244.837459, 1, -2.3870, 1.1819, 0.2417, 0.0037, -0.6712, -0.0198, -0.7410
1463696244.838075, 1, -2.3870, 1.1819, 0.2417, 0.0038, -0.6711, -0.0198, -0.7411
1463696244.838191, 1, -2.3870, 1.1819, 0.2417, 0.0038, -0.6712, -0.0198, -0.7410
1463696244.840595, 1, -2.3870, 1.1819, 0.2417, 0.0037, -0.6711, -0.0198, -0.7411
1463696244.842655, 1, -2.3870, 1.1819, 0.2417, 0.0037, -0.6712, -0.0198, -0.7410
1463696244.844106, 1, -2.3870, 1.1819, 0.2417, 0.0038, -0.6712, -0.0199, -0.7410
1463696245.140126, 1, -2.3870, 1.1819, 0.2417, 0.0037, -0.6712, -0.0198, -0.7410
1463696245.140347, 1, -2.3870, 1.1819, 0.2417, 0.0038, -0.6712, -0.0198, -0.7410
1463696245.141341, 1, -2.3870, 1.1819, 0.2417, 0.0037, -0.6712, -0.0198, -0.7410
1463696245.141586, 1, -2.3870, 1.1819, 0.2417, 0.0037, -0.6712, -0.0198, -0.7410
1463696245.142410, 1, -2.3870, 1.1819, 0.2417, 0.0037, -0.6712, -0.0198, -0.7410
1463696245.142823, 1, -2.3870, 1.1819, 0.2417, 0.0037, -0.6711, -0.0198, -0.7411
1463696245.144178, 1, -2.3870, 1.1819, 0.2417, 0.0037, -0.6711, -0.0197, -0.7411
1463696245.145930, 1, -2.3870, 1.1819, 0.2417, 0.0037, -0.6711, -0.0198, -0.7411
1463696245.146619, 1, -2.3870, 1.1819, 0.2417, 0.0037, -0.6712, -0.0198, -0.7410
1463696245.147092, 1, -2.3870, 1.1819, 0.2417, 0.0037, -0.6712, -0.0198, -0.7410
1463696245.148158, 1, -2.3870, 1.1819, 0.2417, 0.0037, -0.6711, -0.0198, -0.7411
1463696245.148250, 1, -2.3870, 1.1819, 0.2417, 0.0037, -0.6712, -0.0198, -0.7410
1463696245.149274, 1, -2.3870, 1.1819, 0.2417, 0.0037, -0.6712, -0.0198, -0.7410
1463696245.150048, 1, -2.3870, 1.1819, 0.2417, 0.0037, -0.6712, -0.0198, -0.7410
1463696245.150755, 1, -2.3870, 1.1819, 0.2417, 0.0037, -0.6712, -0.0197, -0.7410
1463696245.151448, 1, -2.3870, 1.1819, 0.2417, 0.0038, -0.6712, -0.0198, -0.7410
1463696245.152149, 1, -2.3870, 1.1819, 0.2417, 0.0037, -0.6712, -0.0198, -0.7410
1463696245.152826, 1, -2.3870, 1.1819, 0.2417, 0.0037, -0.6712, -0.0198, -0.7410
1463696245.153235, 1, -2.3870, 1.1819, 0.2417, 0.0038, -0.6712, -0.0198, -0.7410
1463696245.446402, 1, -2.3870, 1.1819, 0.2417, 0.0037, -0.6712, -0.0197, -0.7410
1463696245.447559, 1, -2.3870, 1.1819, 0.2417, 0.0038, -0.6713, -0.0198, -0.7410
1463696245.447673, 1, -2.3870, 1.1819, 0.2417, 0.0037, -0.6712, -0.0197, -0.7410
1463696245.448825, 1, -2.3870, 1.1819, 0.2417, 0.0037, -0.6712, -0.0198, -0.7410
1463696245.449649, 1, -2.3870, 1.1819, 0.2417, 0.0038, -0.6712, -0.0197, -0.7410
1463696245.449760, 1, -2.3870, 1.1819, 0.2417, 0.0038, -0.6712, -0.0198, -0.7410
1463696245.450775, 1, -2.3870, 1.1819, 0.2417, 0.0037, -0.6712, -0.0198, -0.7410
1463696245.451408, 1, -2.3870, 1.1819, 0.2417, 0.0037, -0.6712, -0.0198, -0.7410
1463696245.453613, 1, -2.3870, 1.1819, 0.2417, 0.0037, -0.6712, -0.0197, -0.7410
1463696245.456498, 1, -2.3870, 1.1819, 0.2417, 0.0038, -0.6711, -0.0197, -0.7410
1463696245.456644, 1, -2.3870, 1.1819, 0.2417, 0.0037, -0.6712, -0.0198, -0.7410
1463696245.457984, 1, -2.3870, 1.1819, 0.2417, 0.0037, -0.6712, -0.0198, -0.7410
1463696245.458330, 1, -2.3870, 1.1819, 0.2417, 0.0036, -0.6711, -0.0198, -0.7411
1463696245.459208, 1, -2.3870, 1.1819, 0.2417, 0.0037, -0.6712, -0.0198, -0.7410
1463696245.459878, 1, -2.3870, 1.1819, 0.2417, 0.0037, -0.6712, -0.0197, -0.7410
1463696245.460571, 1, -2.3870, 1.1819, 0.2417, 0.0037, -0.6711, -0.0198, -0.7411
1463696245.461240, 1, -2.3870, 1.1819, 0.2417, 0.0038, -0.6712, -0.0198, -0.7410
1463696245.461979, 1, -2.3870, 1.1819, 0.2417, 0.0037, -0.6712, -0.0198, -0.7410
1463696245.462120, 1, -2.3870, 1.1819, 0.2417, 0.0037, -0.6712, -0.0198, -0.7410
1463696245.463111, 1, -2.3870, 1.1819, 0.2417, 0.0037, -0.6712, -0.0198, -0.7410
1463696245.463721, 1, -2.3870, 1.1819, 0.2417, 0.0038, -0.6712, -0.0198, -0.7410
1463696245.464419, 1, -2.3870, 1.1819, 0.2417, 0.0037, -0.6712, -0.0198, -0.7410
1463696245.465060, 1, -2.3870, 1.1819, 0.2417, 0.0038, -0.6713, -0.0198, -0.7410
1463696245.465643, 1, -2.3870, 1.1819, 0.2417, 0.0038, -0.6712, -0.0198, -0.7410
1463696245.466348, 1, -2.3870, 1.1819, 0.2417, 0.0037, -0.6711, -0.0198, -0.7411
1463696245.466994, 1, -2.3870, 1.1819, 0.2417, 0.0038, -0.6712, -0.0198, -0.7410
1463696245.467939, 1, -2.3870, 1.1819, 0.2417, 0.0038, -0.6712, -0.0198, -0.7410
1463696245.470949, 1, -2.3870, 1.1819, 0.2417, 0.0037, -0.6712, -0.0198, -0.7410
1463696245.753809, 1, -2.3870, 1.1819, 0.2417, 0.0037, -0.6712, -0.0198, -0.7410
1463696245.754926, 1, -2.3870, 1.1819, 0.2417, 0.0037, -0.6711, -0.0198, -0.7411
1463696245.755037, 1, -2.3870, 1.1819, 0.2417, 0.0038, -0.6712, -0.0198, -0.7410
1463696245.755515, 1, -2.3870, 1.1819, 0.2417, 0.0038, -0.6713, -0.0198, -0.7409
1463696245.756740, 1, -2.3870, 1.1819, 0.2417, 0.0038, -0.6712, -0.0197, -0.7410
1463696245.757345, 1, -2.3870, 1.1819, 0.2417, 0.0039, -0.6713, -0.0198, -0.7409
1463696246.061655, 1, -2.3870, 1.1819, 0.2417, 0.0037, -0.6711, -0.0198, -0.7411
1463696246.062261, 1, -2.3870, 1.1819, 0.2417, 0.0038, -0.6712, -0.0198, -0.7410
1463696246.062958, 1, -2.3870, 1.1819, 0.2417, 0.0038, -0.6712, -0.0198, -0.7410
1463696246.063576, 1, -2.3870, 1.1819, 0.2417, 0.0037, -0.6712, -0.0198, -0.7410
1463696246.064205, 1, -2.3870, 1.1819, 0.2417, 0.0037, -0.6712, -0.0198, -0.7410
1463696246.064815, 1, -2.3870, 1.1819, 0.2417, 0.0037, -0.6712, -0.0198, -0.7410
1463696246.065483, 1, -2.3870, 1.1819, 0.2417, 0.0038, -0.6712, -0.0197, -0.7410
1463696246.066190, 1, -2.3870, 1.1819, 0.2417, 0.0038, -0.6712, -0.0198, -0.7410
1463696246.066763, 1, -2.3870, 1.1819, 0.2417, 0.0037, -0.6712, -0.0198, -0.7410
1463696246.067427, 1, -2.3870, 1.1819, 0.2417, 0.0038, -0.6712, -0.0198, -0.7410
1463696246.068050, 1, -2.3870, 1.1819, 0.2417, 0.0037, -0.6712, -0.0198, -0.7410
1463696246.068883, 1, -2.3870, 1.1819, 0.2417, 0.0038, -0.6711, -0.0197, -0.7411
1463696246.069430, 1, -2.3870, 1.1819, 0.2417, 0.0038, -0.6712, -0.0198, -0.7410
1463696246.069477, 1, -2.3870, 1.1819, 0.2417, 0.0038, -0.6711, -0.0197, -0.7411
1463696246.070679, 1, -2.3870, 1.1819, 0.2417, 0.0038, -0.6712, -0.0198, -0.7410
1463696246.071392, 1, -2.3870, 1.1819, 0.2417, 0.0038, -0.6712, -0.0198, -0.7410
1463696246.071936, 1, -2.3870, 1.1819, 0.2417, 0.0037, -0.6711, -0.0197, -0.7411
1463696246.072581, 1, -2.3870, 1.1819, 0.2417, 0.0037, -0.6712, -0.0198, -0.7410
1463696246.073201, 1, -2.3870, 1.1819, 0.2417, 0.0037, -0.6712, -0.0197, -0.7410
1463696246.074260, 1, -2.3870, 1.1819, 0.2417, 0.0037, -0.6712, -0.0198, -0.7410
1463696246.368455, 1, -2.3870, 1.1819, 0.2417, 0.0038, -0.6712, -0.0197, -0.7410
1463696246.370127, 1, -2.3870, 1.1819, 0.2417, 0.0037, -0.6712, -0.0197, -0.7410
1463696246.370938, 1, -2.3870, 1.1819, 0.2417, 0.0037, -0.6712, -0.0198, -0.7410
1463696246.371062, 1, -2.3870, 1.1819, 0.2417, 0.0037, -0.6712, -0.0198, -0.7410
1463696246.372055, 1, -2.3870, 1.1819, 0.2417, 0.0038, -0.6713, -0.0198, -0.7410
1463696246.373177, 1, -2.3870, 1.1819, 0.2417, 0.0038, -0.6712, -0.0198, -0.7410
1463696246.374901, 1, -2.3870, 1.1819, 0.2417, 0.0038, -0.6712, -0.0198, -0.7410
1463696246.375563, 1, -2.3870, 1.1819, 0.2418, 0.0038, -0.6712, -0.0198, -0.7410
1463696246.376221, 1, -2.3870, 1.1819, 0.2417, 0.0037, -0.6712, -0.0198, -0.7410
1463696246.376858, 1, -2.3870, 1.1819, 0.2417, 0.0037, -0.6712, -0.0198, -0.7410
1463696246.377434, 1, -2.3870, 1.1819, 0.2417, 0.0038, -0.6712, -0.0198, -0.7410
1463696246.675855, 1, -2.3870, 1.1819, 0.2417, 0.0038, -0.6711, -0.0197, -0.7411
1463696246.677387, 1, -2.3870, 1.1819, 0.2417, 0.0038, -0.6712, -0.0198, -0.7410
1463696246.677537, 1, -2.3870, 1.1819, 0.2417, 0.0038, -0.6712, -0.0198, -0.7410
1463696246.678312, 1, -2.3870, 1.1819, 0.2417, 0.0037, -0.6712, -0.0197, -0.7410
1463696246.678964, 1, -2.3870, 1.1819, 0.2417, 0.0038, -0.6712, -0.0198, -0.7410
1463696246.679074, 1, -2.3870, 1.1819, 0.2417, 0.0038, -0.6712, -0.0198, -0.7410
1463696246.680223, 1, -2.3870, 1.1819, 0.2417, 0.0037, -0.6712, -0.0197, -0.7410
1463696246.680332, 1, -2.3870, 1.1819, 0.2417, 0.0037, -0.6711, -0.0198, -0.7411
1463696246.681348, 1, -2.3870, 1.1819, 0.2417, 0.0036, -0.6712, -0.0199, -0.7410
1463696246.681981, 1, -2.3870, 1.1819, 0.2417, 0.0037, -0.6712, -0.0197, -0.7410
1463696246.682676, 1, -2.3870, 1.1819, 0.2417, 0.0037, -0.6712, -0.0198, -0.7410
1463696246.683376, 1, -2.3870, 1.1819, 0.2417, 0.0037, -0.6712, -0.0198, -0.7410
1463696246.684103, 1, -2.3870, 1.1819, 0.2417, 0.0037, -0.6712, -0.0198, -0.7410
1463696246.684226, 1, -2.3870, 1.1819, 0.2417, 0.0037, -0.6712, -0.0198, -0.7410
1463696246.685353, 1, -2.3870, 1.1819, 0.2417, 0.0037, -0.6712, -0.0198, -0.7410
1463696246.685888, 1, -2.3870, 1.1819, 0.2417, 0.0037, -0.6712, -0.0198, -0.7410
1463696246.686617, 1, -2.3870, 1.1819, 0.2417, 0.0037, -0.6712, -0.0198, -0.7410
1463696246.686757, 1, -2.3870, 1.1819, 0.2417, 0.0037, -0.6712, -0.0198, -0.7410
1463696246.687743, 1, -2.3870, 1.1819, 0.2417, 0.0038, -0.6712, -0.0198, -0.7410
1463696246.688360, 1, -2.3870, 1.1819, 0.2417, 0.0038, -0.6713, -0.0198, -0.7409
1463696246.983297, 1, -2.3870, 1.1819, 0.2417, 0.0038, -0.6711, -0.0197, -0.7411
1463696246.984733, 1, -2.3870, 1.1819, 0.2417, 0.0038, -0.6712, -0.0198, -0.7410
1463696246.985320, 1, -2.3870, 1.1819, 0.2417, 0.0037, -0.6712, -0.0198, -0.7410
1463696246.985960, 1, -2.3870, 1.1819, 0.2417, 0.0037, -0.6712, -0.0198, -0.7410
1463696246.986786, 1, -2.3870, 1.1819, 0.2417, 0.0037, -0.6712, -0.0198, -0.7410
1463696246.987970, 1, -2.3870, 1.1819, 0.2417, 0.0037, -0.6712, -0.0198, -0.7410
1463696246.988203, 1, -2.3870, 1.1819, 0.2417, 0.0037, -0.6712, -0.0198, -0.7410
1463696246.988306, 1, -2.3870, 1.1819, 0.2417, 0.0038, -0.6712, -0.0198, -0.7410
1463696246.989213, 1, -2.3870, 1.1819, 0.2417, 0.0038, -0.6712, -0.0198, -0.7410
1463696246.989913, 1, -2.3870, 1.1819, 0.2417, 0.0037, -0.6712, -0.0198, -0.7410
1463696246.990542, 1, -2.3870, 1.1819, 0.2417, 0.0036, -0.6712, -0.0198, -0.7410
1463696246.991152, 1, -2.3870, 1.1819, 0.2417, 0.0036, -0.6712, -0.0198, -0.7410
1463696246.991843, 1, -2.3870, 1.1819, 0.2417, 0.0037, -0.6711, -0.0198, -0.7411
1463696246.992519, 1, -2.3870, 1.1819, 0.2417, 0.0037, -0.6712, -0.0198, -0.7410
1463696246.993314, 1, -2.3870, 1.1819, 0.2417, 0.0037, -0.6712, -0.0199, -0.7410
1463696246.993883, 1, -2.3870, 1.1819, 0.2417, 0.0036, -0.6712, -0.0198, -0.7410
1463696246.994561, 1, -2.3870, 1.1819, 0.2417, 0.0038, -0.6712, -0.0198, -0.7410
1463696246.994683, 1, -2.3870, 1.1819, 0.2417, 0.0037, -0.6711, -0.0198, -0.7411
1463696246.995211, 1, -2.3870, 1.1819, 0.2417, 0.0038, -0.6713, -0.0198, -0.7409
1463696246.996505, 1, -2.3870, 1.1819, 0.2417, 0.0037, -0.6712, -0.0198, -0.7410
1463696247.300155, 1, -2.3870, 1.1819, 0.2417, 0.0038, -0.6712, -0.0198, -0.7410
1463696247.300787, 1, -2.3870, 1.1819, 0.2417, 0.0037, -0.6712, -0.0198, -0.7410
1463696247.301397, 1, -2.3870, 1.1819, 0.2417, 0.0037, -0.6712, -0.0199, -0.7410
1463696247.301966, 1, -2.3870, 1.1819, 0.2417, 0.0038, -0.6711, -0.0198, -0.7411
1463696247.302104, 1, -2.3870, 1.1819, 0.2417, 0.0037, -0.6712, -0.0198, -0.7410
1463696247.302605, 1, -2.3870, 1.1819, 0.2417, 0.0037, -0.6712, -0.0198, -0.7410
1463696247.304379, 1, -2.3870, 1.1819, 0.2417, 0.0037, -0.6712, -0.0199, -0.7410
1463696247.304500, 1, -2.3870, 1.1819, 0.2417, 0.0038, -0.6712, -0.0198, -0.7410
1463696247.597929, 1, -2.3870, 1.1819, 0.2417, 0.0038, -0.6712, -0.0197, -0.7410
1463696247.598518, 1, -2.3870, 1.1819, 0.2417, 0.0038, -0.6712, -0.0197, -0.7410
1463696247.599664, 1, -2.3870, 1.1819, 0.2417, 0.0037, -0.6712, -0.0198, -0.7410
1463696247.600350, 1, -2.3870, 1.1819, 0.2417, 0.0037, -0.6712, -0.0197, -0.7410
1463696247.600470, 1, -2.3870, 1.1819, 0.2417, 0.0037, -0.6712, -0.0198, -0.7410
1463696247.603614, 1, -2.3870, 1.1819, 0.2417, 0.0038, -0.6712, -0.0196, -0.7410
1463696247.604625, 1, -2.3870, 1.1819, 0.2417, 0.0038, -0.6712, -0.0198, -0.7410
1463696247.604741, 1, -2.3870, 1.1819, 0.2417, 0.0037, -0.6712, -0.0198, -0.7410
1463696247.605696, 1, -2.3870, 1.1819, 0.2417, 0.0038, -0.6712, -0.0198, -0.7410
1463696247.606440, 1, -2.3870, 1.1819, 0.2417, 0.0038, -0.6712, -0.0198, -0.7410
1463696247.607164, 1, -2.3870, 1.1819, 0.2417, 0.0038, -0.6712, -0.0198, -0.7410
1463696247.607748, 1, -2.3870, 1.1819, 0.2417, 0.0038, -0.6712, -0.0198, -0.7410
1463696247.608371, 1, -2.3870, 1.1819, 0.2417, 0.0037, -0.6713, -0.0198, -0.7410
1463696247.608894, 1, -2.3870, 1.1819, 0.2417, 0.0037, -0.6712, -0.0198, -0.7410
1463696247.609504, 1, -2.3870, 1.1819, 0.2417, 0.0038, -0.6712, -0.0198, -0.7410
1463696247.610218, 1, -2.3870, 1.1819, 0.2417, 0.0039, -0.6712, -0.0198, -0.7410
1463696247.610916, 1, -2.3870, 1.1819, 0.2417, 0.0037, -0.6712, -0.0198, -0.7410
1463696247.611483, 1, -2.3870, 1.1819, 0.2417, 0.0038, -0.6712, -0.0198, -0.7410
1463696247.612075, 1, -2.3870, 1.1819, 0.2417, 0.0037, -0.6712, -0.0198, -0.7410
1463696247.613457, 1, -2.3870, 1.1819, 0.2417, 0.0037, -0.6712, -0.0198, -0.7410
1463696248.212861, 1, -2.3870, 1.1819, 0.2417, 0.0038, -0.6712, -0.0198, -0.7410
1463696248.213807, 1, -2.3870, 1.1819, 0.2417, 0.0038, -0.6712, -0.0198, -0.7410
1463696248.214446, 1, -2.3870, 1.1819, 0.2417, 0.0038, -0.6712, -0.0199, -0.7410
1463696248.215022, 1, -2.3870, 1.1819, 0.2417, 0.0037, -0.6712, -0.0198, -0.7410
1463696248.215733, 1, -2.3870, 1.1819, 0.2417, 0.0037, -0.6712, -0.0198, -0.7410
1463696248.216468, 1, -2.3870, 1.1819, 0.2417, 0.0038, -0.6712, -0.0198, -0.7410
1463696248.217108, 1, -2.3870, 1.1819, 0.2417, 0.0038, -0.6712, -0.0198, -0.7410
1463696248.217786, 1, -2.3870, 1.1819, 0.2417, 0.0037, -0.6712, -0.0197, -0.7410
1463696248.218371, 1, -2.3870, 1.1819, 0.2417, 0.0038, -0.6712, -0.0198, -0.7410
1463696248.218960, 1, -2.3870, 1.1819, 0.2417, 0.0037, -0.6712, -0.0198, -0.7410
1463696248.219589, 1, -2.3870, 1.1819, 0.2417, 0.0038, -0.6712, -0.0198, -0.7410
1463696248.219636, 1, -2.3870, 1.1819, 0.2417, 0.0039, -0.6712, -0.0198, -0.7410
1463696248.220847, 1, -2.3870, 1.1819, 0.2417, 0.0038, -0.6712, -0.0198, -0.7410
1463696248.220898, 1, -2.3870, 1.1819, 0.2417, 0.0038, -0.6712, -0.0198, -0.7410
1463696248.222132, 1, -2.3870, 1.1819, 0.2417, 0.0038, -0.6712, -0.0198, -0.7410
1463696248.222813, 1, -2.3870, 1.1819, 0.2417, 0.0038, -0.6712, -0.0198, -0.7410
1463696248.223408, 1, -2.3870, 1.1819, 0.2417, 0.0038, -0.6712, -0.0198, -0.7410
1463696248.223991, 1, -2.3870, 1.1819, 0.2417, 0.0038, -0.6712, -0.0197, -0.7410
1463696248.224634, 1, -2.3870, 1.1819, 0.2417, 0.0037, -0.6712, -0.0198, -0.7410
1463696248.225248, 1, -2.3870, 1.1819, 0.2417, 0.0037, -0.6712, -0.0198, -0.7410
1463696248.520518, 1, -2.3870, 1.1819, 0.2417, 0.0038, -0.6712, -0.0198, -0.7410
1463696248.828040, 1, -2.3870, 1.1819, 0.2417, 0.0037, -0.6712, -0.0198, -0.7410
1463696248.828208, 1, -2.3870, 1.1819, 0.2417, 0.0038, -0.6712, -0.0198, -0.7410
1463696248.829045, 1, -2.3870, 1.1819, 0.2417, 0.0037, -0.6712, -0.0197, -0.7410
1463696248.832869, 1, -2.3870, 1.1819, 0.2417, 0.0037, -0.6712, -0.0198, -0.7410
1463696248.833520, 1, -2.3870, 1.1819, 0.2417, 0.0037, -0.6712, -0.0198, -0.7410
1463696248.834335, 1, -2.3870, 1.1819, 0.2417, 0.0037, -0.6711, -0.0198, -0.7410
1463696248.834911, 1, -2.3870, 1.1819, 0.2417, 0.0037, -0.6712, -0.0198, -0.7410
1463696248.835597, 1, -2.3870, 1.1819, 0.2417, 0.0037, -0.6712, -0.0198, -0.7410
1463696248.836327, 1, -2.3870, 1.1819, 0.2417, 0.0038, -0.6712, -0.0197, -0.7410
1463696248.836451, 1, -2.3870, 1.1819, 0.2417, 0.0037, -0.6711, -0.0198, -0.7411
1463696248.838494, 1, -2.3870, 1.1819, 0.2417, 0.0038, -0.6712, -0.0198, -0.7410
1463696248.838857, 1, -2.3870, 1.1819, 0.2417, 0.0038, -0.6712, -0.0198, -0.7410
1463696248.839636, 1, -2.3870, 1.1819, 0.2417, 0.0038, -0.6712, -0.0198, -0.7410
1463696248.840270, 1, -2.3870, 1.1819, 0.2417, 0.0037, -0.6712, -0.0198, -0.7410
1463696248.840391, 1, -2.3870, 1.1819, 0.2417, 0.0038, -0.6712, -0.0198, -0.7410
1463696248.840892, 1, -2.3870, 1.1819, 0.2417, 0.0037, -0.6711, -0.0198, -0.7411
1463696248.842057, 1, -2.3870, 1.1819, 0.2417, 0.0037, -0.6712, -0.0198, -0.7410
1463696248.842670, 1, -2.3870, 1.1819, 0.2417, 0.0038, -0.6712, -0.0198, -0.7410
1463696248.843324, 1, -2.3870, 1.1819, 0.2417, 0.0037, -0.6712, -0.0198, -0.7410
1463696248.844315, 1, -2.3870, 1.1819, 0.2417, 0.0037, -0.6712, -0.0197, -0.7410
1463696249.135567, 1, -2.3870, 1.1819, 0.2417, 0.0038, -0.6712, -0.0197, -0.7410
1463696249.136244, 1, -2.3870, 1.1819, 0.2417, 0.0037, -0.6712, -0.0198, -0.7410
1463696249.137962, 1, -2.3870, 1.1819, 0.2417, 0.0037, -0.6712, -0.0198, -0.7410
1463696249.138015, 1, -2.3870, 1.1819, 0.2417, 0.0037, -0.6712, -0.0197, -0.7410
1463696249.138049, 1, -2.3870, 1.1819, 0.2417, 0.0038, -0.6712, -0.0198, -0.7410
1463696249.140499, 1, -2.3870, 1.1819, 0.2417, 0.0037, -0.6712, -0.0198, -0.7410
1463696249.140554, 1, -2.3870, 1.1819, 0.2417, 0.0038, -0.6712, -0.0198, -0.7410
1463696249.140978, 1, -2.3870, 1.1819, 0.2417, 0.0037, -0.6712, -0.0198, -0.7410
1463696249.142003, 1, -2.3870, 1.1819, 0.2417, 0.0037, -0.6712, -0.0198, -0.7410
1463696249.142226, 1, -2.3870, 1.1819, 0.2417, 0.0037, -0.6712, -0.0197, -0.7410
1463696249.143417, 1, -2.3870, 1.1819, 0.2417, 0.0037, -0.6712, -0.0197, -0.7410
1463696249.143564, 1, -2.3870, 1.1819, 0.2417, 0.0038, -0.6712, -0.0198, -0.7410
1463696249.144360, 1, -2.3870, 1.1819, 0.2417, 0.0038, -0.6712, -0.0197, -0.7410
1463696249.144911, 1, -2.3870, 1.1819, 0.2417, 0.0037, -0.6712, -0.0198, -0.7410
