1462833416.182454, 1, -0.3979, 1.2661, -0.0353, -0.0663, 0.1728, 0.2964, -0.9369
1462833416.182966, 1, -0.3978, 1.2660, -0.0355, -0.0666, 0.1731, 0.2963, -0.9369
1462833416.183684, 1, -0.3977, 1.2657, -0.0357, -0.0668, 0.1734, 0.2962, -0.9369
1462833416.184340, 1, -0.3976, 1.2655, -0.0360, -0.0672, 0.1735, 0.2953, -0.9371
1462833416.184994, 1, -0.3976, 1.2650, -0.0363, -0.0684, 0.1733, 0.2974, -0.9364
1462833416.185728, 1, -0.3975, 1.2648, -0.0364, -0.0685, 0.1736, 0.2972, -0.9364
1462833416.186341, 1, -0.3979, 1.2651, -0.0360, -0.0678, 0.1725, 0.2941, -0.9376
1462833416.187037, 1, -0.3979, 1.2649, -0.0362, -0.0679, 0.1728, 0.2941, -0.9376
1462833416.187715, 1, -0.3977, 1.2648, -0.0363, -0.0679, 0.1733, 0.2938, -0.9376
1462833416.188385, 1, -0.3976, 1.2648, -0.0364, -0.0676, 0.1737, 0.2937, -0.9376
1462833416.189101, 1, -0.3975, 1.2648, -0.0365, -0.0674, 0.1741, 0.2934, -0.9376
1462833416.189863, 1, -0.3975, 1.2647, -0.0366, -0.0673, 0.1740, 0.2933, -0.9376
1462833416.190560, 1, -0.3975, 1.2646, -0.0367, -0.0674, 0.1743, 0.2930, -0.9377
1462833416.191177, 1, -0.3976, 1.2644, -0.0368, -0.0677, 0.1748, 0.2928, -0.9376
1462833416.191849, 1, -0.3978, 1.2642, -0.0370, -0.0679, 0.1754, 0.2930, -0.9374
1462833416.192503, 1, -0.3980, 1.2641, -0.0371, -0.0679, 0.1763, 0.2929, -0.9373
1462833416.193161, 1, -0.3981, 1.2640, -0.0372, -0.0679, 0.1768, 0.2928, -0.9372
1462833416.193822, 1, -0.3982, 1.2641, -0.0373, -0.0678, 0.1770, 0.2925, -0.9373
1462833416.194509, 1, -0.3983, 1.2642, -0.0374, -0.0676, 0.1771, 0.2924, -0.9373
1462833416.195316, 1, -0.3983, 1.2642, -0.0375, -0.0675, 0.1771, 0.2924, -0.9373
1462833416.796772, 1, -0.4008, 1.2633, -0.0391, -0.0655, 0.1785, 0.2915, -0.9375
1462833416.797420, 1, -0.4009, 1.2633, -0.0391, -0.0653, 0.1786, 0.2917, -0.9374
1462833416.798106, 1, -0.4010, 1.2633, -0.0391, -0.0651, 0.1787, 0.2918, -0.9374
1462833416.798796, 1, -0.4012, 1.2632, -0.0391, -0.0652, 0.1786, 0.2919, -0.9374
1462833416.799728, 1, -0.4013, 1.2631, -0.0392, -0.0654, 0.1786, 0.2919, -0.9373
1462833416.800312, 1, -0.4015, 1.2630, -0.0392, -0.0656, 0.1788, 0.2918, -0.9373
1462833416.800815, 1, -0.4016, 1.2630, -0.0394, -0.0656, 0.1788, 0.2918, -0.9373
1462833416.801476, 1, -0.4014, 1.2629, -0.0392, -0.0665, 0.1809, 0.2913, -0.9370
1462833416.802191, 1, -0.4016, 1.2629, -0.0396, -0.0657, 0.1787, 0.2916, -0.9374
1462833416.803067, 1, -0.4014, 1.2628, -0.0394, -0.0666, 0.1807, 0.2911, -0.9371
1462833416.803726, 1, -0.4015, 1.2627, -0.0395, -0.0669, 0.1806, 0.2907, -0.9372
1462833416.804594, 1, -0.4015, 1.2625, -0.0397, -0.0674, 0.1806, 0.2905, -0.9373
1462833416.805326, 1, -0.4016, 1.2624, -0.0398, -0.0677, 0.1807, 0.2903, -0.9373
1462833416.806014, 1, -0.4016, 1.2624, -0.0399, -0.0678, 0.1808, 0.2899, -0.9374
1462833416.807003, 1, -0.4017, 1.2623, -0.0401, -0.0678, 0.1807, 0.2899, -0.9374
1462833416.807723, 1, -0.4017, 1.2622, -0.0402, -0.0680, 0.1807, 0.2898, -0.9374
1462833416.808429, 1, -0.4018, 1.2621, -0.0403, -0.0681, 0.1808, 0.2899, -0.9374
1462833416.809041, 1, -0.4019, 1.2620, -0.0403, -0.0682, 0.1810, 0.2901, -0.9372
1462833416.809630, 1, -0.4020, 1.2619, -0.0404, -0.0684, 0.1811, 0.2902, -0.9372
1462833416.811193, 1, -0.4021, 1.2618, -0.0404, -0.0686, 0.1815, 0.2901, -0.9371
1462833417.104007, 1, -0.4022, 1.2617, -0.0405, -0.0688, 0.1818, 0.2902, -0.9370
1462833417.105066, 1, -0.4022, 1.2617, -0.0406, -0.0690, 0.1820, 0.2907, -0.9368
1462833417.105819, 1, -0.4022, 1.2617, -0.0406, -0.0687, 0.1821, 0.2914, -0.9366
1462833417.106123, 1, -0.4021, 1.2618, -0.0406, -0.0684, 0.1818, 0.2915, -0.9366
1462833417.106920, 1, -0.4020, 1.2618, -0.0406, -0.0680, 0.1813, 0.2915, -0.9368
1462833417.107933, 1, -0.4020, 1.2619, -0.0406, -0.0682, 0.1810, 0.2912, -0.9369
1462833417.108283, 1, -0.4020, 1.2618, -0.0406, -0.0685, 0.1810, 0.2912, -0.9369
1462833417.108996, 1, -0.4021, 1.2618, -0.0407, -0.0688, 0.1813, 0.2907, -0.9370
1462833417.109638, 1, -0.4021, 1.2619, -0.0407, -0.0688, 0.1817, 0.2905, -0.9370
1462833417.110313, 1, -0.4021, 1.2619, -0.0408, -0.0683, 0.1814, 0.2906, -0.9370
1462833417.111691, 1, -0.4020, 1.2620, -0.0408, -0.0683, 0.1811, 0.2905, -0.9371
1462833417.112261, 1, -0.4020, 1.2619, -0.0408, -0.0685, 0.1812, 0.2907, -0.9370
1462833417.112916, 1, -0.4020, 1.2619, -0.0408, -0.0688, 0.1814, 0.2911, -0.9368
1462833417.113561, 1, -0.4020, 1.2618, -0.0408, -0.0689, 0.1814, 0.2914, -0.9367
1462833417.114460, 1, -0.4019, 1.2618, -0.0409, -0.0688, 0.1813, 0.2913, -0.9368
1462833417.114920, 1, -0.4018, 1.2619, -0.0409, -0.0687, 0.1811, 0.2914, -0.9368
1462833417.115652, 1, -0.4017, 1.2619, -0.0410, -0.0687, 0.1810, 0.2915, -0.9368
1462833417.116298, 1, -0.4016, 1.2620, -0.0410, -0.0686, 0.1810, 0.2916, -0.9367
1462833417.116966, 1, -0.4015, 1.2620, -0.0410, -0.0684, 0.1810, 0.2914, -0.9368
1462833417.118104, 1, -0.4013, 1.2619, -0.0410, -0.0683, 0.1809, 0.2913, -0.9369
1462833418.332858, 1, -0.3992, 1.2634, -0.0364, -0.0646, 0.1742, 0.2941, -0.9375
1462833418.333453, 1, -0.3993, 1.2634, -0.0364, -0.0646, 0.1745, 0.2941, -0.9375
1462833418.334231, 1, -0.3993, 1.2635, -0.0364, -0.0646, 0.1745, 0.2942, -0.9375
1462833418.335046, 1, -0.3994, 1.2635, -0.0365, -0.0647, 0.1747, 0.2941, -0.9374
1462833418.335490, 1, -0.3994, 1.2637, -0.0365, -0.0648, 0.1749, 0.2942, -0.9374
1462833418.336127, 1, -0.3985, 1.2637, -0.0366, -0.0656, 0.1792, 0.2943, -0.9364
1462833418.336882, 1, -0.3992, 1.2641, -0.0363, -0.0655, 0.1774, 0.2941, -0.9369
1462833418.337606, 1, -0.3992, 1.2643, -0.0363, -0.0652, 0.1773, 0.2943, -0.9368
1462833418.338154, 1, -0.3992, 1.2645, -0.0363, -0.0650, 0.1773, 0.2945, -0.9368
1462833418.338919, 1, -0.3993, 1.2646, -0.0364, -0.0651, 0.1773, 0.2948, -0.9367
1462833418.339682, 1, -0.3994, 1.2646, -0.0364, -0.0654, 0.1774, 0.2948, -0.9367
1462833418.340490, 1, -0.3995, 1.2646, -0.0366, -0.0657, 0.1776, 0.2948, -0.9366
1462833418.341049, 1, -0.3996, 1.2646, -0.0367, -0.0658, 0.1779, 0.2945, -0.9366
1462833418.341714, 1, -0.3997, 1.2646, -0.0368, -0.0657, 0.1779, 0.2943, -0.9367
1462833418.342341, 1, -0.3998, 1.2646, -0.0372, -0.0650, 0.1760, 0.2946, -0.9370
1462833418.343966, 1, -0.4001, 1.2644, -0.0375, -0.0659, 0.1752, 0.2975, -0.9362
1462833418.344348, 1, -0.3998, 1.2646, -0.0374, -0.0651, 0.1757, 0.2949, -0.9370
1462833418.344474, 1, -0.3998, 1.2645, -0.0375, -0.0652, 0.1754, 0.2948, -0.9371
1462833418.345090, 1, -0.3999, 1.2644, -0.0376, -0.0653, 0.1754, 0.2945, -0.9372
1462833418.346077, 1, -0.3999, 1.2644, -0.0377, -0.0654, 0.1757, 0.2945, -0.9371
1462833418.347484, 1, -0.3997, 1.2643, -0.0375, -0.0662, 0.1778, 0.2939, -0.9368
1462833418.350657, 1, -0.3997, 1.2642, -0.0376, -0.0663, 0.1780, 0.2939, -0.9368
1462833418.366148, 1, -0.3998, 1.2641, -0.0376, -0.0665, 0.1779, 0.2939, -0.9368
1462833418.383200, 1, -0.3998, 1.2640, -0.0377, -0.0665, 0.1778, 0.2940, -0.9367
1462833418.397459, 1, -0.3998, 1.2640, -0.0378, -0.0666, 0.1779, 0.2940, -0.9367
1462833418.412246, 1, -0.3992, 1.2638, -0.0382, -0.0665, 0.1799, 0.2943, -0.9363
1462833418.427690, 1, -0.3992, 1.2638, -0.0383, -0.0663, 0.1800, 0.2944, -0.9362
1462833418.639535, 1, -0.3992, 1.2637, -0.0384, -0.0662, 0.1802, 0.2944, -0.9362
1462833418.641164, 1, -0.4001, 1.2637, -0.0383, -0.0657, 0.1764, 0.2943, -0.9370
1462833418.642010, 1, -0.4002, 1.2636, -0.0383, -0.0657, 0.1764, 0.2943, -0.9370
1462833418.642134, 1, -0.4002, 1.2635, -0.0383, -0.0660, 0.1765, 0.2940, -0.9371
1462833418.643325, 1, -0.4003, 1.2634, -0.0383, -0.0659, 0.1765, 0.2938, -0.9371
1462833418.643939, 1, -0.4003, 1.2634, -0.0383, -0.0660, 0.1764, 0.2938, -0.9371
1462833418.644626, 1, -0.4003, 1.2634, -0.0382, -0.0659, 0.1762, 0.2940, -0.9371
1462833418.645244, 1, -0.4002, 1.2635, -0.0382, -0.0657, 0.1760, 0.2944, -0.9370
1462833418.646017, 1, -0.4002, 1.2635, -0.0381, -0.0654, 0.1758, 0.2947, -0.9370
1462833418.646641, 1, -0.4002, 1.2636, -0.0381, -0.0653, 0.1757, 0.2948, -0.9370
1462833418.647351, 1, -0.4002, 1.2636, -0.0381, -0.0653, 0.1759, 0.2947, -0.9370
1462833418.648457, 1, -0.4003, 1.2636, -0.0382, -0.0654, 0.1760, 0.2948, -0.9369
1462833418.649163, 1, -0.4004, 1.2636, -0.0382, -0.0657, 0.1764, 0.2947, -0.9369
1462833418.652219, 1, -0.4005, 1.2636, -0.0383, -0.0656, 0.1766, 0.2948, -0.9368
1462833418.658878, 1, -0.4005, 1.2636, -0.0384, -0.0656, 0.1766, 0.2945, -0.9369
1462833418.673696, 1, -0.4006, 1.2635, -0.0384, -0.0657, 0.1769, 0.2944, -0.9369
1462833418.947211, 1, -0.4006, 1.2635, -0.0385, -0.0656, 0.1770, 0.2945, -0.9368
1462833418.948468, 1, -0.4007, 1.2634, -0.0385, -0.0656, 0.1771, 0.2942, -0.9369
1462833418.949312, 1, -0.4007, 1.2634, -0.0385, -0.0656, 0.1770, 0.2943, -0.9369
1462833418.950041, 1, -0.4008, 1.2633, -0.0384, -0.0656, 0.1770, 0.2942, -0.9369
1462833418.950754, 1, -0.4008, 1.2633, -0.0383, -0.0655, 0.1770, 0.2942, -0.9369
1462833418.951351, 1, -0.4009, 1.2632, -0.0382, -0.0655, 0.1768, 0.2942, -0.9369
1462833418.952066, 1, -0.4009, 1.2632, -0.0381, -0.0656, 0.1768, 0.2944, -0.9369
1462833418.952827, 1, -0.4009, 1.2632, -0.0380, -0.0654, 0.1768, 0.2946, -0.9368
1462833418.953474, 1, -0.4010, 1.2633, -0.0379, -0.0653, 0.1767, 0.2950, -0.9368
1462833418.954207, 1, -0.4011, 1.2633, -0.0377, -0.0651, 0.1769, 0.2951, -0.9367
1462833418.954869, 1, -0.4011, 1.2633, -0.0376, -0.0652, 0.1769, 0.2956, -0.9365
1462833418.955546, 1, -0.4012, 1.2634, -0.0376, -0.0653, 0.1769, 0.2957, -0.9365
1462833418.956257, 1, -0.4012, 1.2635, -0.0374, -0.0650, 0.1767, 0.2960, -0.9364
1462833418.956798, 1, -0.4013, 1.2636, -0.0373, -0.0646, 0.1766, 0.2960, -0.9365
1462833418.958084, 1, -0.4013, 1.2638, -0.0372, -0.0643, 0.1764, 0.2961, -0.9365
1462833418.958843, 1, -0.4006, 1.2638, -0.0372, -0.0651, 0.1797, 0.2963, -0.9358
1462833418.959507, 1, -0.4006, 1.2640, -0.0370, -0.0650, 0.1796, 0.2960, -0.9359
1462833420.794208, 1, -0.4287, 1.4780, 0.0348, -0.0511, 0.1637, 0.7658, -0.6198
1462833420.794873, 1, -0.4296, 1.4947, 0.0365, -0.0450, 0.1688, 0.7791, -0.6021
1462833420.795606, 1, -0.4340, 1.5132, 0.0403, -0.0418, 0.1748, 0.7965, -0.5773
1462833420.796261, 1, -0.4390, 1.5327, 0.0449, -0.0343, 0.1762, 0.8171, -0.5478
1462833420.797015, 1, -0.4444, 1.5532, 0.0498, -0.0412, 0.1918, 0.8277, -0.5257
1462833420.797690, 1, -0.4511, 1.5751, 0.0555, -0.0464, 0.2024, 0.8423, -0.4974
1462833420.798297, 1, -0.4574, 1.5990, 0.0617, -0.0537, 0.2114, 0.8524, -0.4752
1462833420.798936, 1, -0.4641, 1.6236, 0.0684, -0.0658, 0.2258, 0.8619, -0.4493
1462833420.799610, 1, -0.4771, 1.6505, 0.0779, -0.0666, 0.2263, 0.8756, -0.4215
1462833420.800376, 1, -0.4868, 1.6780, 0.0860, -0.0761, 0.2366, 0.8801, -0.4045
1462833420.801009, 1, -0.4969, 1.7068, 0.0943, -0.0841, 0.2471, 0.8827, -0.3908
1462833420.801707, 1, -0.5067, 1.7360, 0.1021, -0.0971, 0.2605, 0.8835, -0.3770
1462833420.802373, 1, -0.5177, 1.7665, 0.1103, -0.1031, 0.2719, 0.8829, -0.3687
1462833420.803055, 1, -0.5289, 1.7956, 0.1178, -0.1101, 0.2844, 0.8812, -0.3612
1462833420.803818, 1, -0.5406, 1.8233, 0.1251, -0.1197, 0.2947, 0.8794, -0.3543
1462833421.090067, 1, -0.5257, 1.8244, 0.1135, -0.1094, 0.3456, 0.8772, -0.3150
1462833421.112283, 1, -0.5143, 1.8018, 0.1066, -0.0949, 0.3440, 0.8810, -0.3105
1462833421.120936, 1, -0.5024, 1.7778, 0.0983, -0.0806, 0.3407, 0.8831, -0.3124
1462833421.135863, 1, -0.4912, 1.7531, 0.0910, -0.0688, 0.3361, 0.8842, -0.3171
1462833421.405364, 1, -0.4791, 1.7274, 0.0823, -0.0525, 0.3292, 0.8858, -0.3228
1462833421.405887, 1, -0.4685, 1.7023, 0.0757, -0.0474, 0.3207, 0.8864, -0.3304
1462833421.406789, 1, -0.4577, 1.6777, 0.0684, -0.0385, 0.3159, 0.8875, -0.3333
1462833421.407552, 1, -0.4460, 1.6530, 0.0603, -0.0303, 0.3118, 0.8870, -0.3392
1462833421.408241, 1, -0.4353, 1.6298, 0.0532, -0.0176, 0.3077, 0.8833, -0.3533
1462833421.409009, 1, -0.4261, 1.6077, 0.0483, -0.0096, 0.2998, 0.8791, -0.3705
1462833421.409615, 1, -0.4184, 1.5868, 0.0446, -0.0038, 0.2955, 0.8760, -0.3813
1462833421.410443, 1, -0.4104, 1.5671, 0.0403, -0.0042, 0.2926, 0.8731, -0.3899
1462833421.410547, 1, -0.4029, 1.5490, 0.0368, -0.0015, 0.2963, 0.8685, -0.3973
1462833421.411028, 1, -0.3961, 1.5328, 0.0339, 0.0028, 0.2977, 0.8611, -0.4123
1462833421.412646, 1, -0.3885, 1.5181, 0.0305, 0.0054, 0.2945, 0.8537, -0.4295
1462833421.413531, 1, -0.3830, 1.5054, 0.0291, 0.0083, 0.2933, 0.8475, -0.4423
1462833421.414685, 1, -0.3775, 1.4942, 0.0279, 0.0137, 0.2901, 0.8405, -0.4574
1462833421.416332, 1, -0.3732, 1.4845, 0.0271, 0.0188, 0.2835, 0.8338, -0.4734
1462833421.417070, 1, -0.3699, 1.4764, 0.0270, 0.0186, 0.2800, 0.8301, -0.4818
1462833421.417799, 1, -0.3669, 1.4700, 0.0265, 0.0125, 0.2805, 0.8279, -0.4855
1462833421.712090, 1, -0.3655, 1.4653, 0.0262, 0.0097, 0.2828, 0.8261, -0.4873
1462833421.712725, 1, -0.3641, 1.4619, 0.0250, 0.0070, 0.2849, 0.8175, -0.5005
1462833421.713387, 1, -0.3640, 1.4597, 0.0243, 0.0071, 0.2859, 0.8067, -0.5172
1462833421.714088, 1, -0.3635, 1.4578, 0.0236, 0.0126, 0.2793, 0.7944, -0.5393
1462833421.714713, 1, -0.3644, 1.4572, 0.0239, 0.0134, 0.2792, 0.7866, -0.5506
1462833421.715339, 1, -0.3641, 1.4566, 0.0233, 0.0148, 0.2740, 0.7822, -0.5593
1462833421.716088, 1, -0.3643, 1.4567, 0.0231, 0.0143, 0.2734, 0.7846, -0.5563
1462833421.716822, 1, -0.3648, 1.4571, 0.0231, 0.0105, 0.2756, 0.7875, -0.5512
1462833421.717465, 1, -0.3660, 1.4584, 0.0238, 0.0068, 0.2804, 0.7914, -0.5431
1462833421.718170, 1, -0.3677, 1.4598, 0.0244, 0.0060, 0.2769, 0.7957, -0.5386
1462833421.718878, 1, -0.3703, 1.4621, 0.0253, 0.0052, 0.2813, 0.8066, -0.5199
1462833421.719687, 1, -0.3710, 1.4644, 0.0251, -0.0014, 0.2866, 0.8076, -0.5154
1462833421.720193, 1, -0.3745, 1.4678, 0.0272, 0.0002, 0.2887, 0.8151, -0.5022
1462833421.720892, 1, -0.3758, 1.4711, 0.0267, -0.0016, 0.2918, 0.8187, -0.4946
1462833421.721639, 1, -0.3793, 1.4754, 0.0287, 0.0007, 0.2891, 0.8268, -0.4825
1462833421.722280, 1, -0.3811, 1.4803, 0.0296, -0.0048, 0.2919, 0.8331, -0.4698
1462833421.722992, 1, -0.3850, 1.4866, 0.0314, -0.0047, 0.2896, 0.8427, -0.4538
1462833421.725274, 1, -0.3879, 1.4940, 0.0327, -0.0063, 0.2941, 0.8502, -0.4365
1462833421.726187, 1, -0.3914, 1.5030, 0.0345, -0.0040, 0.2978, 0.8568, -0.4208
1462833421.726922, 1, -0.3951, 1.5135, 0.0359, 0.0010, 0.3020, 0.8613, -0.4087
1462833422.018800, 1, -0.3995, 1.5251, 0.0386, 0.0099, 0.3047, 0.8656, -0.3973
1462833422.020011, 1, -0.4043, 1.5381, 0.0419, 0.0176, 0.3073, 0.8692, -0.3870
1462833422.020640, 1, -0.4097, 1.5526, 0.0464, 0.0245, 0.3088, 0.8733, -0.3762
1462833422.021363, 1, -0.4150, 1.5681, 0.0512, 0.0297, 0.3076, 0.8788, -0.3637
1462833422.021996, 1, -0.4210, 1.5856, 0.0568, 0.0350, 0.3113, 0.8852, -0.3440
1462833422.022616, 1, -0.4288, 1.6052, 0.0640, 0.0348, 0.3190, 0.8919, -0.3187
1462833422.023275, 1, -0.4366, 1.6265, 0.0718, 0.0271, 0.3269, 0.8977, -0.2941
1462833422.023931, 1, -0.4442, 1.6492, 0.0783, 0.0275, 0.3353, 0.9002, -0.2766
1462833422.024702, 1, -0.4525, 1.6741, 0.0873, 0.0219, 0.3379, 0.9019, -0.2682
1462833422.025293, 1, -0.4613, 1.7002, 0.0968, 0.0218, 0.3335, 0.9018, -0.2739
1462833422.025926, 1, -0.4692, 1.7268, 0.1050, 0.0268, 0.3274, 0.8996, -0.2877
1462833422.026597, 1, -0.4775, 1.7542, 0.1135, 0.0235, 0.3238, 0.8969, -0.3002
1462833422.027250, 1, -0.4874, 1.7824, 0.1239, 0.0186, 0.3254, 0.8955, -0.3032
1462833422.027891, 1, -0.4966, 1.8101, 0.1330, 0.0084, 0.3328, 0.8955, -0.2955
1462833422.028615, 1, -0.5067, 1.8372, 0.1425, -0.0023, 0.3438, 0.8978, -0.2753
1462833422.029253, 1, -0.5172, 1.8631, 0.1515, -0.0214, 0.3554, 0.8977, -0.2595
1462833422.030100, 1, -0.5274, 1.8870, 0.1595, -0.0381, 0.3594, 0.8995, -0.2455
1462833422.030771, 1, -0.5387, 1.9084, 0.1670, -0.0543, 0.3579, 0.8998, -0.2435
1462833422.031406, 1, -0.5500, 1.9272, 0.1733, -0.0691, 0.3518, 0.9005, -0.2460
1462833422.032114, 1, -0.5608, 1.9428, 0.1777, -0.0816, 0.3478, 0.8970, -0.2603
1462833422.320373, 1, -0.4668, 1.7525, 0.0879, 0.0463, 0.2847, 0.8943, -0.3420
1462833422.344347, 1, -0.4592, 1.7269, 0.0785, 0.0537, 0.2776, 0.8939, -0.3479
1462833422.351129, 1, -0.4511, 1.7009, 0.0695, 0.0566, 0.2758, 0.8919, -0.3538
1462833422.367634, 1, -0.4441, 1.6754, 0.0626, 0.0529, 0.2742, 0.8897, -0.3612
1462833422.385273, 1, -0.4381, 1.6509, 0.0562, 0.0479, 0.2755, 0.8852, -0.3718
1462833422.397673, 1, -0.4326, 1.6276, 0.0498, 0.0466, 0.2719, 0.8805, -0.3854
1462833422.413089, 1, -0.4269, 1.6053, 0.0449, 0.0452, 0.2706, 0.8746, -0.3997
1462833422.428969, 1, -0.4212, 1.5839, 0.0409, 0.0456, 0.2690, 0.8668, -0.4174
1462833422.443808, 1, -0.4164, 1.5637, 0.0384, 0.0448, 0.2642, 0.8585, -0.4373
1462833422.459389, 1, -0.4097, 1.5452, 0.0349, 0.0399, 0.2585, 0.8495, -0.4581
1462833422.474619, 1, -0.4053, 1.5290, 0.0338, 0.0340, 0.2549, 0.8429, -0.4726
1462833422.489542, 1, -0.4010, 1.5148, 0.0325, 0.0290, 0.2568, 0.8333, -0.4887
1462833422.505363, 1, -0.3976, 1.5026, 0.0319, 0.0291, 0.2594, 0.8200, -0.5094
1462833422.522162, 1, -0.3953, 1.4924, 0.0321, 0.0312, 0.2535, 0.8047, -0.5359
1462833422.536107, 1, -0.3924, 1.4834, 0.0323, 0.0247, 0.2534, 0.7925, -0.5542
1462833422.552013, 1, -0.3910, 1.4763, 0.0327, 0.0241, 0.2493, 0.7820, -0.5708
1462833422.567408, 1, -0.3887, 1.4706, 0.0328, 0.0192, 0.2536, 0.7710, -0.5838
1462833422.640943, 1, -0.3888, 1.4664, 0.0335, 0.0256, 0.2481, 0.7526, -0.6094
1462833422.641183, 1, -0.3885, 1.4626, 0.0339, 0.0306, 0.2431, 0.7337, -0.6337
1462833422.641281, 1, -0.3883, 1.4595, 0.0346, 0.0339, 0.2377, 0.7168, -0.6546
1462833422.941019, 1, -0.3878, 1.4567, 0.0356, 0.0383, 0.2308, 0.7029, -0.6717
1462833422.941656, 1, -0.3876, 1.4547, 0.0369, 0.0398, 0.2275, 0.6929, -0.6830
1462833422.942290, 1, -0.3870, 1.4527, 0.0378, 0.0396, 0.2187, 0.6885, -0.6904
1462833422.942970, 1, -0.3867, 1.4516, 0.0389, 0.0367, 0.2140, 0.6902, -0.6903
1462833422.943759, 1, -0.3866, 1.4513, 0.0397, 0.0354, 0.2108, 0.6957, -0.6858
1462833422.944461, 1, -0.3868, 1.4517, 0.0403, 0.0351, 0.2102, 0.7018, -0.6798
1462833422.945059, 1, -0.3875, 1.4527, 0.0409, 0.0362, 0.2106, 0.7063, -0.6749
1462833422.945771, 1, -0.3883, 1.4543, 0.0413, 0.0369, 0.2102, 0.7090, -0.6721
1462833422.946521, 1, -0.3885, 1.4569, 0.0410, 0.0383, 0.2105, 0.7136, -0.6670
1462833422.947505, 1, -0.3897, 1.4600, 0.0413, 0.0425, 0.2080, 0.7185, -0.6624
1462833422.947847, 1, -0.3907, 1.4640, 0.0411, 0.0447, 0.2108, 0.7247, -0.6545
1462833422.949365, 1, -0.3906, 1.4686, 0.0410, 0.0531, 0.2114, 0.7272, -0.6509
1462833422.950069, 1, -0.3915, 1.4737, 0.0411, 0.0566, 0.2146, 0.7347, -0.6411
1462833422.950748, 1, -0.3926, 1.4796, 0.0421, 0.0601, 0.2204, 0.7418, -0.6305
1462833422.951498, 1, -0.3923, 1.4855, 0.0420, 0.0664, 0.2177, 0.7510, -0.6199
1462833422.952177, 1, -0.3930, 1.4925, 0.0427, 0.0711, 0.2211, 0.7600, -0.6070
1462833422.953151, 1, -0.3936, 1.5000, 0.0434, 0.0782, 0.2235, 0.7676, -0.5956
1462833422.954108, 1, -0.3941, 1.5083, 0.0444, 0.0857, 0.2265, 0.7755, -0.5830
1462833422.954769, 1, -0.3957, 1.5175, 0.0465, 0.0956, 0.2234, 0.7829, -0.5727
1462833422.955838, 1, -0.3980, 1.5276, 0.0486, 0.1055, 0.2220, 0.7893, -0.5626
1462833423.243805, 1, -0.6176, 1.9245, 0.1746, -0.0211, 0.3214, 0.8006, -0.5052
1462833423.261559, 1, -0.6256, 1.9278, 0.1739, -0.0428, 0.3286, 0.7875, -0.5197
1462833423.275058, 1, -0.6309, 1.9293, 0.1726, -0.0621, 0.3341, 0.7765, -0.5306
1462833423.289357, 1, -0.6336, 1.9298, 0.1710, -0.0776, 0.3389, 0.7688, -0.5367
1462833423.556262, 1, -0.6336, 1.9296, 0.1692, -0.0882, 0.3421, 0.7659, -0.5372
1462833423.556763, 1, -0.6318, 1.9286, 0.1676, -0.0890, 0.3456, 0.7685, -0.5311
1462833423.558126, 1, -0.6281, 1.9270, 0.1660, -0.0845, 0.3459, 0.7739, -0.5238
1462833423.558811, 1, -0.6228, 1.9238, 0.1643, -0.0724, 0.3453, 0.7804, -0.5163
1462833423.559462, 1, -0.6160, 1.9189, 0.1625, -0.0562, 0.3412, 0.7868, -0.5113
1462833423.560053, 1, -0.6073, 1.9118, 0.1598, -0.0398, 0.3361, 0.7909, -0.5098
1462833423.560684, 1, -0.5987, 1.9026, 0.1576, -0.0227, 0.3281, 0.7957, -0.5086
1462833423.561332, 1, -0.5887, 1.8911, 0.1538, -0.0100, 0.3189, 0.8025, -0.5042
1462833423.562320, 1, -0.5785, 1.8777, 0.1491, 0.0020, 0.3098, 0.8121, -0.4945
1462833423.564601, 1, -0.5680, 1.8627, 0.1430, 0.0116, 0.3038, 0.8217, -0.4821
1462833423.565337, 1, -0.5570, 1.8465, 0.1354, 0.0218, 0.3010, 0.8292, -0.4705
1462833423.565964, 1, -0.5459, 1.8288, 0.1267, 0.0359, 0.2984, 0.8355, -0.4600
1462833423.566580, 1, -0.5352, 1.8100, 0.1181, 0.0480, 0.2967, 0.8397, -0.4524
1462833423.567406, 1, -0.5242, 1.7899, 0.1083, 0.0603, 0.2946, 0.8439, -0.4444
1462833423.568268, 1, -0.5150, 1.7693, 0.0998, 0.0717, 0.2918, 0.8488, -0.4350
1462833423.568656, 1, -0.5042, 1.7478, 0.0897, 0.0809, 0.2891, 0.8525, -0.4280
1462833423.570565, 1, -0.4938, 1.7260, 0.0798, 0.0905, 0.2874, 0.8545, -0.4232
1462833423.571330, 1, -0.4837, 1.7042, 0.0704, -0.0500, 0.4743, -0.5056, -0.7190
1462833423.584660, 1, -0.4743, 1.6819, 0.0606, -0.1130, -0.2871, -0.8545, 0.4180
1462833423.601308, 1, -0.4650, 1.6597, 0.0510, -0.0459, 0.4614, -0.5089, -0.7252
1462833423.615716, 1, -0.4548, 1.6390, 0.0417, 0.1265, 0.2882, 0.8425, -0.4372
1462833423.862051, 1, -0.4496, 1.6184, 0.0359, 0.1320, 0.2921, 0.8352, -0.4468
1462833423.863681, 1, -0.4410, 1.5987, 0.0298, 0.1336, 0.2825, 0.8263, -0.4685
1462833423.864315, 1, -0.4351, 1.5798, 0.0265, 0.1275, 0.2831, 0.8256, -0.4712
1462833423.865131, 1, -0.4292, 1.5618, 0.0236, 0.1211, 0.2794, 0.8294, -0.4685
1462833423.867067, 1, -0.4239, 1.5451, 0.0216, 0.1090, 0.2856, 0.8292, -0.4680
1462833423.867854, 1, -0.4181, 1.5305, 0.0192, 0.0974, 0.2877, 0.8261, -0.4746
1462833423.868574, 1, -0.4151, 1.5182, 0.0190, 0.0973, 0.2866, 0.8205, -0.4850
1462833423.869352, 1, -0.4112, 1.5071, 0.0182, 0.0989, 0.2807, 0.8131, -0.5003
1462833423.870066, 1, -0.4073, 1.4971, 0.0181, 0.1024, 0.2725, 0.8004, -0.5241
1462833423.870182, 1, -0.4046, 1.4884, 0.0189, 0.1027, 0.2668, 0.7858, -0.5484
1462833423.871334, 1, -0.4015, 1.4808, 0.0194, 0.1086, 0.2542, 0.7721, -0.5722
1462833423.871889, 1, -0.3988, 1.4740, 0.0197, 0.1079, 0.2508, 0.7606, -0.5891
1462833423.873573, 1, -0.3974, 1.4685, 0.0213, 0.1092, 0.2452, 0.7518, -0.6023
1462833423.874120, 1, -0.3962, 1.4640, 0.0225, 0.1058, 0.2442, 0.7476, -0.6085
1462833423.876509, 1, -0.3959, 1.4607, 0.0239, 0.1007, 0.2456, 0.7475, -0.6089
1462833424.170857, 1, -0.3984, 1.5152, 0.0278, 0.0855, 0.2589, 0.8265, -0.4925
1462833424.201572, 1, -0.3966, 1.5308, 0.0312, 0.0970, 0.2631, 0.8456, -0.4543
1462833424.215241, 1, -0.3968, 1.5398, 0.0347, 0.0953, 0.2673, 0.8553, -0.4336
1462833424.230199, 1, -0.3967, 1.5496, 0.0375, 0.0986, 0.2737, 0.8638, -0.4114
1462833424.245913, 1, -0.3953, 1.5605, 0.0399, 0.1031, 0.2776, 0.8740, -0.3853
1462833424.261428, 1, -0.3975, 1.5724, 0.0434, 0.1015, 0.2873, 0.8775, -0.3705
1462833424.276028, 1, -0.3993, 1.5866, 0.0487, 0.1003, 0.2985, 0.8818, -0.3511
1462833424.476955, 1, -0.4023, 1.6022, 0.0539, 0.1051, 0.3040, 0.8858, -0.3345
1462833424.477539, 1, -0.4071, 1.6196, 0.0605, 0.1084, 0.3109, 0.8896, -0.3166
1462833424.478568, 1, -0.4125, 1.6388, 0.0667, 0.1071, 0.3149, 0.8930, -0.3033
1462833424.479499, 1, -0.4207, 1.6606, 0.0754, 0.1012, 0.3208, 0.8951, -0.2925
1462833424.481000, 1, -0.4303, 1.6843, 0.0843, 0.0947, 0.3245, 0.8956, -0.2893
1462833424.481663, 1, -0.4423, 1.7100, 0.0948, 0.0807, 0.3288, 0.8963, -0.2862
1462833424.482289, 1, -0.4544, 1.7370, 0.1054, 0.0512, 0.3415, 0.8952, -0.2816
1462833424.482955, 1, -0.4686, 1.7648, 0.1163, 0.0217, 0.3523, 0.8955, -0.2710
1462833424.483826, 1, -0.4844, 1.7927, 0.1286, -0.0142, 0.3599, 0.8968, -0.2571
1462833424.484378, 1, -0.5008, 1.8198, 0.1399, -0.0415, 0.3616, 0.8982, -0.2464
1462833424.485109, 1, -0.5169, 1.8456, 0.1496, -0.0633, 0.3611, 0.8967, -0.2479
1462833424.486711, 1, -0.5333, 1.8693, 0.1580, -0.0811, 0.3628, 0.8923, -0.2562
1462833424.784157, 1, -0.5494, 1.8904, 0.1650, -0.0935, 0.3636, 0.8860, -0.2722
1462833424.784832, 1, -0.5647, 1.9076, 0.1707, -0.1086, 0.3637, 0.8805, -0.2839
1462833424.785450, 1, -0.5791, 1.9206, 0.1752, -0.1279, 0.3652, 0.8754, -0.2898
1462833424.786216, 1, -0.5918, 1.9295, 0.1783, -0.1488, 0.3598, 0.8736, -0.2920
1462833424.786952, 1, -0.6026, 1.9342, 0.1804, -0.1721, 0.3516, 0.8722, -0.2933
1462833424.787558, 1, -0.6103, 1.9361, 0.1811, -0.1902, 0.3456, 0.8689, -0.2990
1462833424.788342, 1, -0.6159, 1.9361, 0.1821, -0.2124, 0.3374, 0.8664, -0.3007
1462833424.788462, 1, -0.6177, 1.9348, 0.1810, -0.2276, 0.3369, 0.8629, -0.3002
1462833424.789605, 1, -0.6155, 1.9327, 0.1788, -0.2295, 0.3377, 0.8638, -0.2952
1462833424.790265, 1, -0.6120, 1.9303, 0.1778, -0.2232, 0.3412, 0.8676, -0.2846
1462833424.790806, 1, -0.6052, 1.9264, 0.1757, -0.2035, 0.3483, 0.8719, -0.2777
1462833424.791523, 1, -0.5965, 1.9203, 0.1723, -0.1831, 0.3559, 0.8762, -0.2686
1462833424.792252, 1, -0.5863, 1.9114, 0.1681, -0.1618, 0.3628, 0.8799, -0.2607
1462833424.792856, 1, -0.5756, 1.8996, 0.1636, -0.1419, 0.3650, 0.8848, -0.2526
1462833424.793659, 1, -0.5642, 1.8849, 0.1582, -0.1234, 0.3663, 0.8884, -0.2477
1462833424.794389, 1, -0.5527, 1.8672, 0.1524, -0.1069, 0.3656, 0.8921, -0.2433
1462833424.795273, 1, -0.5406, 1.8476, 0.1458, -0.0926, 0.3638, 0.8949, -0.2413
1462833424.796074, 1, -0.5284, 1.8264, 0.1385, -0.0794, 0.3634, 0.8973, -0.2376
1462833424.796628, 1, -0.5164, 1.8040, 0.1309, -0.0608, 0.3607, 0.8999, -0.2373
1462833424.797224, 1, -0.5047, 1.7810, 0.1221, -0.0400, 0.3565, 0.9037, -0.2337
1462833424.797996, 1, -0.4942, 1.7573, 0.1138, -0.0252, 0.3554, 0.9047, -0.2335
1462833424.799122, 1, -0.4839, 1.7335, 0.1048, -0.0082, 0.3538, 0.9040, -0.2398
1462833424.813430, 1, -0.4747, 1.7096, 0.0966, 0.0045, 0.3497, 0.9033, -0.2483
1462833424.828980, 1, -0.4660, 1.6856, 0.0883, 0.0146, 0.3448, 0.9020, -0.2596
1462833424.844531, 1, -0.4566, 1.6610, 0.0792, 0.0214, 0.3380, 0.8996, -0.2758
1462833424.859893, 1, -0.4489, 1.6375, 0.0722, 0.0268, 0.3311, 0.8973, -0.2906
1462833424.875715, 1, -0.4424, 1.6151, 0.0669, 0.0325, 0.3213, 0.8956, -0.3060
1462833424.890418, 1, -0.4369, 1.5938, 0.0620, 0.0387, 0.3096, 0.8939, -0.3220
1462833424.905986, 1, -0.4323, 1.5732, 0.0580, 0.0417, 0.2985, 0.8921, -0.3367
1462833424.921204, 1, -0.4285, 1.5531, 0.0538, 0.0396, 0.2921, 0.8863, -0.3571
1462833424.936254, 1, -0.4261, 1.5340, 0.0511, 0.0383, 0.2868, 0.8772, -0.3832
1462833424.951419, 1, -0.4256, 1.5159, 0.0495, 0.0384, 0.2775, 0.8675, -0.4111
1462833424.967571, 1, -0.4254, 1.4985, 0.0474, 0.0269, 0.2752, 0.8579, -0.4331
1462833425.091306, 1, -0.4266, 1.4819, 0.0465, 0.0100, 0.2730, 0.8448, -0.4601
1462833425.092033, 1, -0.4286, 1.4661, 0.0454, -0.0026, 0.2691, 0.8312, -0.4865
1462833425.092731, 1, -0.4275, 1.4500, 0.0429, -0.0149, 0.2636, 0.8107, -0.5226
1462833425.093353, 1, -0.4281, 1.4341, 0.0412, -0.0248, 0.2578, 0.7888, -0.5575
1462833425.094236, 1, -0.4309, 1.4192, 0.0404, -0.0313, 0.2454, 0.7739, -0.5830
1462833425.094359, 1, -0.4326, 1.4045, 0.0385, -0.0511, 0.2423, 0.7571, -0.6045
1462833425.095386, 1, -0.4352, 1.3904, 0.0365, -0.0689, 0.2387, 0.7426, -0.6219
1462833425.100256, 1, -0.4386, 1.3770, 0.0343, -0.0839, 0.2350, 0.7282, -0.6383
1462833425.107104, 1, -0.4409, 1.3650, 0.0314, -0.1014, 0.2375, 0.7079, -0.6574
1462833425.121080, 1, -0.4425, 1.3539, 0.0276, -0.1053, 0.2348, 0.6914, -0.6751
1462833425.136348, 1, -0.4441, 1.3443, 0.0236, -0.1111, 0.2318, 0.6739, -0.6927
1462833425.153238, 1, -0.4446, 1.3360, 0.0191, 0.2755, -0.5196, 0.6873, 0.4263
1462833425.166793, 1, -0.4459, 1.3285, 0.0153, 0.1265, -0.2260, -0.6522, 0.7124
1462833425.183215, 1, -0.4476, 1.3227, 0.0112, 0.1424, -0.2245, -0.6462, 0.7154
1462833425.198030, 1, -0.4493, 1.3180, 0.0067, 0.1593, -0.2249, -0.6453, 0.7125
1462833425.398550, 1, -0.4511, 1.3145, 0.0023, 0.1726, -0.2256, -0.6452, 0.7093
1462833425.399307, 1, -0.4531, 1.3117, -0.0021, 0.1790, -0.2284, -0.6450, 0.7070
1462833425.399932, 1, -0.4556, 1.3100, -0.0059, 0.1872, -0.2300, -0.6444, 0.7048
1462833425.400607, 1, -0.4579, 1.3092, -0.0097, 0.1921, -0.2320, -0.6431, 0.7041
1462833425.401255, 1, -0.4616, 1.3095, -0.0121, 0.1971, -0.2310, -0.6456, 0.7007
1462833425.402042, 1, -0.4628, 1.3100, -0.0154, 0.2025, -0.2340, -0.6431, 0.7005
1462833425.402708, 1, -0.4649, 1.3117, -0.0171, 0.2060, -0.2347, -0.6473, 0.6954
1462833425.403442, 1, -0.4656, 1.3137, -0.0194, 0.2058, -0.2400, -0.6492, 0.6918
1462833425.404524, 1, -0.4689, 1.3168, -0.0184, 0.2061, -0.2400, -0.6562, 0.6851
1462833425.405208, 1, -0.4684, 1.3198, -0.0192, 0.2021, -0.2409, -0.6536, 0.6884
1462833425.406961, 1, -0.4697, 1.3232, -0.0184, 0.1968, -0.2404, -0.6567, 0.6872
1462833425.407559, 1, -0.4702, 1.3265, -0.0171, 0.1907, -0.2407, -0.6594, 0.6862
1462833425.408203, 1, -0.4707, 1.3300, -0.0152, 0.1856, -0.2425, -0.6648, 0.6818
1462833425.413381, 1, -0.4711, 1.3343, -0.0127, 0.1801, -0.2464, -0.6727, 0.6740
1462833425.428442, 1, -0.4702, 1.3380, -0.0106, 0.1784, -0.2456, -0.6775, 0.6699
1462833425.705782, 1, -0.4693, 1.3424, -0.0081, 0.1760, -0.2450, -0.6849, 0.6633
1462833425.706331, 1, -0.4691, 1.3477, -0.0048, 0.1684, -0.2468, -0.6938, 0.6553
1462833425.707046, 1, -0.4691, 1.3539, -0.0013, 0.1612, -0.2501, -0.7028, 0.6462
1462833425.707810, 1, -0.4675, 1.3608, 0.0013, 0.1534, -0.2501, -0.7094, 0.6408
1462833425.707928, 1, -0.4662, 1.3688, 0.0040, 0.1447, -0.2498, -0.7175, 0.6339
1462833425.709093, 1, -0.4648, 1.3781, 0.0071, 0.1317, -0.2502, -0.7285, 0.6240
1462833425.709737, 1, -0.4637, 1.3889, 0.0102, 0.2047, -0.5729, 0.6222, 0.4927
1462833425.710366, 1, -0.4603, 1.4002, 0.0121, -0.1022, 0.2505, 0.7542, -0.5983
1462833425.711000, 1, -0.4556, 1.4128, 0.0141, -0.1673, 0.5708, -0.6117, -0.5216
1462833425.711819, 1, -0.4548, 1.4270, 0.0171, 0.0743, -0.2580, -0.7771, 0.5693
1462833425.712597, 1, -0.4515, 1.4412, 0.0188, 0.0567, -0.2621, -0.7931, 0.5469
1462833425.713255, 1, -0.4490, 1.4564, 0.0217, 0.0383, -0.2718, -0.8123, 0.5146
1462833425.713928, 1, -0.4434, 1.4720, 0.0220, 0.0218, -0.2743, -0.8255, 0.4928
1462833425.714587, 1, -0.4405, 1.4882, 0.0243, 0.0009, -0.2740, -0.8401, 0.4682
1462833425.715276, 1, -0.4363, 1.5045, 0.0261, -0.0152, -0.2779, -0.8537, 0.4402
1462833425.716069, 1, -0.4315, 1.5210, 0.0271, -0.0275, -0.2849, -0.8651, 0.4119
1462833425.716722, 1, -0.4285, 1.5384, 0.0287, -0.0387, -0.2878, -0.8749, 0.3875
1462833425.717477, 1, -0.4274, 1.5569, 0.0319, -0.0540, -0.2923, -0.8845, 0.3596
1462833425.722025, 1, -0.4287, 1.5772, 0.0379, -0.0723, -0.2998, -0.8931, 0.3276
1462833425.736630, 1, -0.4284, 1.5975, 0.0419, -0.0829, -0.3030, -0.9002, 0.3017
1462833425.755170, 1, -0.4282, 1.6197, 0.0468, -0.0891, -0.3080, -0.9068, 0.2738
1462833425.767471, 1, -0.4307, 1.6433, 0.0533, -0.0956, -0.3126, -0.9126, 0.2454
1462833425.784324, 1, -0.4346, 1.6690, 0.0611, -0.0995, -0.3207, -0.9165, 0.2176
1462833425.799006, 1, -0.4405, 1.6968, 0.0692, -0.1029, -0.3313, -0.9173, 0.1953
1462833425.813961, 1, -0.4488, 1.7262, 0.0773, -0.0897, -0.3478, -0.9154, 0.1816
1462833425.829003, 1, -0.4599, 1.7575, 0.0889, 0.1594, 0.5156, -0.3661, -0.7581
1462833425.843995, 1, -0.4734, 1.7893, 0.1002, 0.0877, 0.3602, 0.9091, -0.1900
1462833425.867393, 1, -0.4889, 1.8205, 0.1120, 0.0688, 0.3655, 0.9053, -0.2050
1462833425.889460, 1, -0.5288, 1.8769, 0.1371, 0.0092, 0.3670, 0.9022, -0.2263
1462833425.905454, 1, -0.5490, 1.8985, 0.1471, -0.0308, 0.3662, 0.9016, -0.2282
1462833425.921968, 1, -0.5686, 1.9150, 0.1559, -0.0663, 0.3649, 0.9002, -0.2283
1462833425.935977, 1, -0.5853, 1.9271, 0.1614, -0.0949, 0.3660, 0.8963, -0.2316
1462833425.951588, 1, -0.5992, 1.9351, 0.1646, -0.1168, 0.3640, 0.8902, -0.2476
1462833425.969318, 1, -0.6109, 1.9393, 0.1657, -0.1396, 0.3621, 0.8818, -0.2680
1462833425.981807, 1, -0.6203, 1.9408, 0.1660, -0.1711, 0.3623, 0.8695, -0.2890
1462833425.997701, 1, -0.6263, 1.9404, 0.1654, -0.1936, 0.3644, 0.8595, -0.3017
1462833426.012477, 1, -0.6282, 1.9395, 0.1644, -0.2064, 0.3661, 0.8535, -0.3079
1462833426.027870, 1, -0.6260, 1.9385, 0.1627, -0.2045, 0.3709, 0.8508, -0.3110
1462833426.043907, 1, -0.6200, 1.9371, 0.1609, -0.1834, 0.3778, 0.8515, -0.3138
1462833426.058990, 1, -0.6111, 1.9345, 0.1590, -0.1519, 0.3861, 0.8519, -0.3196
1462833426.074269, 1, -0.5999, 1.9293, 0.1564, -0.1163, 0.3903, 0.8551, -0.3210
1462833426.090195, 1, -0.5871, 1.9209, 0.1532, -0.0840, 0.3918, 0.8603, -0.3153
1462833426.105782, 1, -0.5731, 1.9088, 0.1487, -0.0582, 0.3908, 0.8655, -0.3078
1462833426.121526, 1, -0.5584, 1.8930, 0.1430, -0.0344, 0.3871, 0.8734, -0.2937
1462833426.137529, 1, -0.5444, 1.8740, 0.1378, -0.0205, 0.3783, 0.8830, -0.2772
1462833426.153214, 1, -0.5304, 1.8521, 0.1313, -0.0055, 0.3706, 0.8909, -0.2626
1462833426.168542, 1, -0.5166, 1.8278, 0.1239, 0.0065, 0.3638, 0.8973, -0.2498
1462833426.183638, 1, -0.5032, 1.8021, 0.1153, 0.0219, 0.3583, 0.9021, -0.2396
1462833426.199061, 1, -0.4910, 1.7755, 0.1068, 0.0367, 0.3515, 0.9064, -0.2312
1462833426.213259, 1, -0.4802, 1.7485, 0.0981, 0.0515, 0.3448, 0.9088, -0.2295
1462833426.228916, 1, -0.4717, 1.7218, 0.0908, 0.0588, 0.3417, 0.9085, -0.2331
1462833426.320215, 1, -0.4614, 1.6952, 0.0816, 0.0611, 0.3419, 0.9055, -0.2437
1462833426.320803, 1, -0.4540, 1.6700, 0.0743, 0.0652, 0.3374, 0.9011, -0.2645
1462833426.321443, 1, -0.4481, 1.6458, 0.0690, 0.0697, 0.3297, 0.8967, -0.2869
1462833426.322196, 1, -0.4425, 1.6226, 0.0640, 0.0682, 0.3206, 0.8928, -0.3090
1462833426.322824, 1, -0.4383, 1.6009, 0.0603, 0.0659, 0.3110, 0.8905, -0.3256
1462833426.323506, 1, -0.4346, 1.5805, 0.0569, 0.0631, 0.3077, 0.8859, -0.3413
1462833426.628003, 1, -0.4314, 1.5616, 0.0537, 0.0617, 0.3085, 0.8775, -0.3619
1462833426.628616, 1, -0.4284, 1.5443, 0.0502, 0.0596, 0.3092, 0.8668, -0.3866
1462833426.629389, 1, -0.4265, 1.5286, 0.0484, 0.0570, 0.3103, 0.8555, -0.4106
1462833426.630151, 1, -0.4261, 1.5137, 0.0471, 0.0552, 0.3080, 0.8462, -0.4312
1462833426.630858, 1, -0.4248, 1.4997, 0.0461, 0.0432, 0.3069, 0.8364, -0.4521
1462833426.631544, 1, -0.4220, 1.4867, 0.0426, 0.0243, 0.3112, 0.8255, -0.4702
1462833426.632925, 1, -0.4220, 1.4758, 0.0417, 0.0148, 0.3137, 0.8158, -0.4856
1462833426.633539, 1, -0.4224, 1.4664, 0.0410, 0.0065, 0.3128, 0.8037, -0.5061
1462833426.634348, 1, -0.4206, 1.4577, 0.0382, 0.0006, 0.3126, 0.7899, -0.5277
1462833426.635011, 1, -0.4221, 1.4508, 0.0386, 0.0017, 0.3075, 0.7790, -0.5465
1462833426.635777, 1, -0.4206, 1.4446, 0.0367, -0.0064, 0.3047, 0.7662, -0.5657
1462833426.636394, 1, -0.4196, 1.4390, 0.0354, -0.0101, 0.2982, 0.7576, -0.5806
1462833426.637247, 1, -0.4183, 1.4346, 0.0334, -0.0154, 0.2999, 0.7537, -0.5846
1462833426.637826, 1, -0.4205, 1.4318, 0.0339, -0.0231, 0.3010, 0.7548, -0.5824
1462833426.638584, 1, -0.4195, 1.4292, 0.0320, -0.0254, 0.2964, 0.7522, -0.5880
1462833426.639205, 1, -0.4216, 1.4281, 0.0320, -0.0302, 0.2997, 0.7534, -0.5845
1462833426.639894, 1, -0.4223, 1.4277, 0.0309, -0.0306, 0.2988, 0.7526, -0.5860
1462833426.640563, 1, -0.4228, 1.4281, 0.0297, -0.0292, 0.2982, 0.7515, -0.5878
1462833426.641293, 1, -0.4221, 1.4292, 0.0280, -0.0253, 0.2941, 0.7480, -0.5944
1462833426.934663, 1, -0.4228, 1.4310, 0.0272, -0.0233, 0.2949, 0.7491, -0.5928
1462833426.935187, 1, -0.4236, 1.4336, 0.0265, -0.0203, 0.2968, 0.7522, -0.5879
1462833426.936058, 1, -0.4245, 1.4363, 0.0256, -0.0229, 0.3012, 0.7558, -0.5809
1462833426.936685, 1, -0.4253, 1.4393, 0.0256, -0.0219, 0.3051, 0.7600, -0.5734
1462833426.937312, 1, -0.4257, 1.4427, 0.0252, -0.0208, 0.3079, 0.7633, -0.5676
1462833426.938103, 1, -0.4258, 1.4463, 0.0249, -0.0204, 0.3113, 0.7655, -0.5627
1462833426.938840, 1, -0.4261, 1.4506, 0.0248, -0.0165, 0.3130, 0.7687, -0.5576
1462833426.939469, 1, -0.4264, 1.4551, 0.0249, -0.0124, 0.3156, 0.7719, -0.5518
1462833426.940099, 1, -0.4270, 1.4598, 0.0255, -0.0074, 0.3164, 0.7773, -0.5438
1462833426.940821, 1, -0.4275, 1.4655, 0.0264, -0.0059, 0.3178, 0.7834, -0.5341
1462833426.941598, 1, -0.4284, 1.4722, 0.0281, -0.0030, 0.3200, 0.7916, -0.5205
1462833426.942727, 1, -0.4285, 1.4797, 0.0291, -0.0057, 0.3212, 0.7996, -0.5074
1462833426.943736, 1, -0.4307, 1.4890, 0.0319, -0.0052, 0.3262, 0.8102, -0.4869
1462833426.944675, 1, -0.4322, 1.4995, 0.0333, -0.0054, 0.3287, 0.8179, -0.4722
1462833426.945363, 1, -0.4353, 1.5120, 0.0370, -0.0061, 0.3328, 0.8254, -0.4561
1462833426.945938, 1, -0.4387, 1.5263, 0.0410, -0.0023, 0.3340, 0.8327, -0.4417
1462833426.946588, 1, -0.4430, 1.5423, 0.0465, 0.0058, 0.3345, 0.8404, -0.4263
1462833426.947448, 1, -0.4477, 1.5600, 0.0522, 0.0143, 0.3350, 0.8462, -0.4142
1462833426.947999, 1, -0.4531, 1.5790, 0.0584, 0.0189, 0.3347, 0.8525, -0.4010
1462833426.948576, 1, -0.4596, 1.5999, 0.0659, 0.0168, 0.3374, 0.8601, -0.3823
1462833427.242200, 1, -0.4672, 1.6225, 0.0739, 0.0105, 0.3419, 0.8666, -0.3632
1462833427.242657, 1, -0.4752, 1.6469, 0.0824, 0.0030, 0.3470, 0.8722, -0.3446
1462833427.243363, 1, -0.4843, 1.6731, 0.0919, 0.0007, 0.3523, 0.8758, -0.3298
1462833427.244163, 1, -0.4942, 1.7007, 0.1028, -0.0041, 0.3558, 0.8786, -0.3186
1462833427.244865, 1, -0.5040, 1.7290, 0.1129, -0.0065, 0.3594, 0.8797, -0.3113
1462833427.245666, 1, -0.5136, 1.7572, 0.1218, -0.0136, 0.3653, 0.8790, -0.3063
1462833427.246359, 1, -0.5257, 1.7862, 0.1328, -0.0262, 0.3709, 0.8788, -0.2991
1462833427.247006, 1, -0.5379, 1.8142, 0.1428, -0.0412, 0.3764, 0.8776, -0.2940
1462833427.247689, 1, -0.5507, 1.8408, 0.1524, -0.0578, 0.3786, 0.8770, -0.2901
1462833427.248293, 1, -0.5646, 1.8650, 0.1621, -0.0791, 0.3768, 0.8760, -0.2906
1462833427.254032, 1, -0.5782, 1.8860, 0.1711, -0.1020, 0.3680, 0.8767, -0.2926
1462833427.254717, 1, -0.5911, 1.9031, 0.1785, -0.1219, 0.3584, 0.8756, -0.3001
1462833427.255475, 1, -0.6031, 1.9166, 0.1844, -0.1420, 0.3509, 0.8711, -0.3129
1462833427.256090, 1, -0.6129, 1.9263, 0.1880, -0.1657, 0.3450, 0.8651, -0.3241
1462833427.256943, 1, -0.6211, 1.9332, 0.1901, -0.1934, 0.3432, 0.8566, -0.3332
1462833427.257769, 1, -0.6275, 1.9371, 0.1906, -0.2229, 0.3407, 0.8504, -0.3334
1462833427.258271, 1, -0.6318, 1.9395, 0.1903, -0.2488, 0.3389, 0.8449, -0.3307
1462833427.258976, 1, -0.6338, 1.9408, 0.1894, -0.2648, 0.3422, 0.8406, -0.3258
1462833427.259626, 1, -0.6334, 1.9410, 0.1882, -0.2715, 0.3469, 0.8377, -0.3228
1462833427.260289, 1, -0.6313, 1.9401, 0.1870, -0.2674, 0.3525, 0.8358, -0.3250
1462833427.549074, 1, -0.6264, 1.9376, 0.1843, -0.2560, 0.3602, 0.8335, -0.3317
1462833427.549680, 1, -0.6231, 1.9337, 0.1844, -0.2365, 0.3656, 0.8342, -0.3383
1462833427.550364, 1, -0.6174, 1.9276, 0.1828, -0.2159, 0.3684, 0.8365, -0.3434
1462833427.551665, 1, -0.6109, 1.9191, 0.1806, -0.1889, 0.3702, 0.8420, -0.3440
1462833427.551804, 1, -0.6050, 1.9087, 0.1789, -0.1733, 0.3672, 0.8482, -0.3402
1462833427.552388, 1, -0.5977, 1.8959, 0.1754, -0.1588, 0.3614, 0.8570, -0.3313
1462833427.557085, 1, -0.5892, 1.8811, 0.1704, -0.1441, 0.3577, 0.8654, -0.3200
1462833427.557320, 1, -0.5793, 1.8644, 0.1640, -0.1273, 0.3567, 0.8716, -0.3111
1462833427.557487, 1, -0.5690, 1.8465, 0.1565, -0.1050, 0.3581, 0.8751, -0.3082
1462833427.557665, 1, -0.5580, 1.8269, 0.1478, -0.0816, 0.3563, 0.8761, -0.3145
1462833427.557761, 1, -0.5469, 1.8062, 0.1382, -0.0611, 0.3498, 0.8766, -0.3249
1462833427.557855, 1, -0.5360, 1.7844, 0.1281, -0.0422, 0.3440, 0.8766, -0.3338
1462833427.557948, 1, -0.5254, 1.7618, 0.1182, -0.0267, 0.3390, 0.8781, -0.3366
1462833427.559172, 1, -0.5147, 1.7382, 0.1078, -0.0149, 0.3351, 0.8793, -0.3380
1462833427.559383, 1, -0.5040, 1.7145, 0.0971, -0.0038, 0.3339, 0.8796, -0.3389
1462833427.559677, 1, -0.4940, 1.6908, 0.0868, 0.0036, 0.3337, 0.8765, -0.3469
1462833427.560399, 1, -0.4856, 1.6681, 0.0783, 0.0104, 0.3291, 0.8740, -0.3575
1462833427.561162, 1, -0.4751, 1.6448, 0.0676, 0.0137, 0.3298, 0.8675, -0.3722
1462833427.561816, 1, -0.4665, 1.6225, 0.0591, 0.0149, 0.3256, 0.8629, -0.3862
1462833427.562493, 1, -0.4602, 1.6014, 0.0528, 0.0138, 0.3244, 0.8589, -0.3960
1462833427.563765, 1, -0.4533, 1.5814, 0.0458, 0.0063, 0.3237, 0.8574, -0.4000
1462833427.583469, 1, -0.4402, 1.5460, 0.0305, -0.0087, 0.3373, 0.8440, -0.4169
1462833427.598045, 1, -0.4361, 1.5307, 0.0256, -0.0067, 0.3437, 0.8293, -0.4406
1462833427.612984, 1, -0.4329, 1.5168, 0.0217, -0.0038, 0.3445, 0.8118, -0.4715
1462833427.628677, 1, -0.4298, 1.5041, 0.0180, -0.0023, 0.3422, 0.7959, -0.4995
1462833427.644035, 1, -0.4279, 1.4928, 0.0151, -0.0077, 0.3379, 0.7812, -0.5248
1462833427.659923, 1, -0.4273, 1.4830, 0.0138, -0.0159, 0.3384, 0.7698, -0.5410
1462833427.674884, 1, -0.4269, 1.4749, 0.0127, -0.0230, 0.3410, 0.7595, -0.5535
1462833427.690227, 1, -0.4251, 1.4681, 0.0102, -0.0304, 0.3408, 0.7505, -0.5654
1462833427.855757, 1, -0.4248, 1.4630, 0.0094, -0.0334, 0.3417, 0.7430, -0.5746
1462833427.857030, 1, -0.4235, 1.4586, 0.0078, -0.0297, 0.3399, 0.7348, -0.5863
1462833427.857588, 1, -0.4231, 1.4554, 0.0072, -0.0300, 0.3389, 0.7277, -0.5956
1462833427.858180, 1, -0.4246, 1.4534, 0.0088, -0.0321, 0.3354, 0.7277, -0.5975
1462833427.859460, 1, -0.4246, 1.4519, 0.0091, -0.0339, 0.3313, 0.7293, -0.5977
1462833427.860203, 1, -0.4247, 1.4507, 0.0089, -0.0396, 0.3315, 0.7334, -0.5922
1462833427.860832, 1, -0.4256, 1.4505, 0.0089, -0.0436, 0.3344, 0.7378, -0.5848
1462833427.861537, 1, -0.4267, 1.4509, 0.0086, -0.0457, 0.3372, 0.7390, -0.5814
1462833427.862211, 1, -0.4278, 1.4517, 0.0082, -0.0455, 0.3393, 0.7384, -0.5810
1462833427.863701, 1, -0.4287, 1.4531, 0.0077, -0.0444, 0.3391, 0.7374, -0.5825
1462833427.863827, 1, -0.4290, 1.4553, 0.0072, -0.0391, 0.3399, 0.7387, -0.5807
1462833427.874619, 1, -0.4293, 1.4579, 0.0068, -0.0367, 0.3374, 0.7400, -0.5807
1462833427.890408, 1, -0.4312, 1.4614, 0.0085, -0.0319, 0.3369, 0.7431, -0.5773
1462833427.905952, 1, -0.4322, 1.4654, 0.0096, -0.0271, 0.3370, 0.7483, -0.5708
1462833428.163629, 1, -0.4330, 1.4702, 0.0107, -0.0240, 0.3380, 0.7546, -0.5619
1462833428.164040, 1, -0.4338, 1.4758, 0.0122, -0.0204, 0.3394, 0.7620, -0.5511
1462833428.164762, 1, -0.4347, 1.4822, 0.0141, -0.0164, 0.3393, 0.7702, -0.5399
1462833428.165388, 1, -0.4356, 1.4900, 0.0163, -0.0102, 0.3374, 0.7796, -0.5275
1462833428.166100, 1, -0.4362, 1.4984, 0.0188, -0.0064, 0.3353, 0.7893, -0.5144
1462833428.166692, 1, -0.4369, 1.5084, 0.0217, -0.0009, 0.3338, 0.8006, -0.4976
1462833428.167378, 1, -0.4378, 1.5198, 0.0249, 0.0029, 0.3342, 0.8122, -0.4781
1462833428.168294, 1, -0.4386, 1.5327, 0.0280, 0.0076, 0.3387, 0.8229, -0.4561
1462833428.168902, 1, -0.4388, 1.5468, 0.0303, 0.0174, 0.3412, 0.8319, -0.4373
1462833428.169668, 1, -0.4401, 1.5620, 0.0342, 0.0283, 0.3406, 0.8385, -0.4244
1462833428.170197, 1, -0.4430, 1.5793, 0.0400, 0.0450, 0.3392, 0.8449, -0.4111
1462833428.171062, 1, -0.4458, 1.5972, 0.0451, 0.0529, 0.3340, 0.8507, -0.4024
1462833428.171834, 1, -0.4505, 1.6176, 0.0529, 0.0554, 0.3363, 0.8591, -0.3818
1462833428.172367, 1, -0.4565, 1.6404, 0.0612, 0.0507, 0.3367, 0.8690, -0.3590
1462833428.173054, 1, -0.4621, 1.6652, 0.0696, 0.0489, 0.3443, 0.8759, -0.3346
1462833428.173604, 1, -0.4655, 1.6920, 0.0772, 0.0441, 0.3490, 0.8790, -0.3219
1462833428.174973, 1, -0.4703, 1.7210, 0.0864, 0.0470, 0.3492, 0.8798, -0.3191
1462833428.182597, 1, -0.4756, 1.7512, 0.0965, 0.0490, 0.3479, 0.8816, -0.3151
1462833428.197922, 1, -0.4817, 1.7827, 0.1075, 0.0462, 0.3498, 0.8832, -0.3089
1462833428.212972, 1, -0.4903, 1.8152, 0.1208, 0.0423, 0.3563, 0.8844, -0.2985
1462833428.228964, 1, -0.4975, 1.8472, 0.1314, 0.0294, 0.3618, 0.8859, -0.2887
1462833428.243858, 1, -0.5076, 1.8787, 0.1435, 0.0159, 0.3684, 0.8866, -0.2792
1462833428.275117, 1, -0.5291, 1.9359, 0.1646, -0.0248, 0.3751, 0.8872, -0.2674
1462833428.290481, 1, -0.5396, 1.9595, 0.1735, -0.0442, 0.3715, 0.8880, -0.2673
1462833428.305785, 1, -0.5490, 1.9790, 0.1810, -0.0587, 0.3647, 0.8890, -0.2707
1462833428.319257, 1, -0.5570, 1.9944, 0.1863, -0.0681, 0.3607, 0.8862, -0.2827
1462833428.471290, 1, -0.5637, 2.0061, 0.1900, -0.0786, 0.3575, 0.8821, -0.2964
1462833428.472568, 1, -0.5680, 2.0144, 0.1916, -0.0986, 0.3588, 0.8766, -0.3052
1462833428.473380, 1, -0.5693, 2.0202, 0.1907, -0.1139, 0.3653, 0.8681, -0.3163
1462833428.474626, 1, -0.5671, 2.0276, 0.1894, -0.1159, 0.3875, 0.8495, -0.3387
1462833428.475601, 1, -0.5633, 2.0288, 0.1879, -0.1021, 0.3957, 0.8404, -0.3559
1462833428.478167, 1, -0.5545, 2.0248, 0.1852, -0.0709, 0.4002, 0.8312, -0.3794
1462833428.478279, 1, -0.5485, 2.0191, 0.1828, -0.0646, 0.3971, 0.8333, -0.3792
1462833428.777888, 1, -0.5453, 2.0108, 0.1824, -0.0497, 0.3975, 0.8379, -0.3708
1462833428.778536, 1, -0.5407, 2.0002, 0.1805, -0.0371, 0.3938, 0.8439, -0.3625
1462833428.779257, 1, -0.5373, 1.9873, 0.1793, -0.0250, 0.3872, 0.8506, -0.3548
1462833428.779943, 1, -0.5325, 1.9713, 0.1766, -0.0152, 0.3765, 0.8596, -0.3450
1462833428.780657, 1, -0.5269, 1.9528, 0.1724, -0.0042, 0.3666, 0.8663, -0.3392
1462833428.781423, 1, -0.5203, 1.9319, 0.1665, 0.0063, 0.3604, 0.8713, -0.3331
1462833428.782110, 1, -0.5141, 1.9092, 0.1594, 0.0159, 0.3559, 0.8754, -0.3269
1462833428.782739, 1, -0.5080, 1.8852, 0.1512, 0.0243, 0.3523, 0.8801, -0.3175
1462833428.783427, 1, -0.5026, 1.8601, 0.1427, 0.0324, 0.3479, 0.8853, -0.3068
1462833428.784087, 1, -0.4968, 1.8341, 0.1328, 0.0413, 0.3435, 0.8886, -0.3010
1462833428.784820, 1, -0.4910, 1.8073, 0.1226, 0.0484, 0.3397, 0.8892, -0.3026
1462833428.785422, 1, -0.4856, 1.7802, 0.1117, 0.0587, 0.3347, 0.8893, -0.3062
1462833428.786139, 1, -0.4814, 1.7533, 0.1019, 0.0617, 0.3305, 0.8882, -0.3130
1462833428.786815, 1, -0.4768, 1.7267, 0.0919, 0.0634, 0.3310, 0.8852, -0.3207
1462833428.787451, 1, -0.4714, 1.7002, 0.0823, 0.0625, 0.3341, 0.8802, -0.3312
1462833428.788233, 1, -0.4689, 1.6745, 0.0750, 0.0685, 0.3305, 0.8757, -0.3452
1462833428.788888, 1, -0.4652, 1.6493, 0.0674, 0.0677, 0.3306, 0.8707, -0.3577
1462833428.789512, 1, -0.4620, 1.6250, 0.0611, 0.0596, 0.3286, 0.8694, -0.3642
1462833428.790195, 1, -0.4592, 1.6022, 0.0548, 0.0466, 0.3328, 0.8683, -0.3650
1462833428.790825, 1, -0.4570, 1.5811, 0.0490, 0.0331, 0.3400, 0.8668, -0.3632
1462833429.085063, 1, -0.4534, 1.5610, 0.0420, 0.0215, 0.3530, 0.8582, -0.3721
1462833429.085653, 1, -0.4514, 1.5426, 0.0369, 0.0135, 0.3614, 0.8461, -0.3917
1462833429.086381, 1, -0.4493, 1.5258, 0.0320, 0.0107, 0.3652, 0.8300, -0.4214
1462833429.086984, 1, -0.4471, 1.5101, 0.0274, 0.0068, 0.3662, 0.8099, -0.4581
1462833429.087710, 1, -0.4455, 1.4962, 0.0236, 0.0077, 0.3667, 0.7894, -0.4922
1462833429.088341, 1, -0.4449, 1.4835, 0.0208, 0.0046, 0.3673, 0.7691, -0.5230
1462833429.088905, 1, -0.4429, 1.4722, 0.0170, -0.0050, 0.3677, 0.7508, -0.5487
1462833429.089639, 1, -0.4431, 1.4630, 0.0157, -0.0120, 0.3733, 0.7370, -0.5634
1462833429.090222, 1, -0.4417, 1.4548, 0.0129, -0.0193, 0.3769, 0.7244, -0.5769
1462833429.090977, 1, -0.4411, 1.4480, 0.0114, -0.0220, 0.3794, 0.7128, -0.5894
1462833429.091662, 1, -0.4391, 1.4423, 0.0081, -0.0230, 0.3783, 0.7021, -0.6028
1462833429.092337, 1, -0.4398, 1.4384, 0.0086, -0.0236, 0.3746, 0.6959, -0.6123
1462833429.092983, 1, -0.4398, 1.4353, 0.0080, -0.0287, 0.3664, 0.6910, -0.6224
1462833429.093567, 1, -0.4402, 1.4334, 0.0082, -0.0335, 0.3642, 0.6937, -0.6205
1462833429.094338, 1, -0.4408, 1.4326, 0.0084, -0.0415, 0.3634, 0.6989, -0.6146
1462833429.094968, 1, -0.4405, 1.4328, 0.0076, -0.0468, 0.3636, 0.7043, -0.6080
1462833429.095594, 1, -0.4411, 1.4344, 0.0082, -0.0475, 0.3679, 0.7087, -0.6001
1462833429.096266, 1, -0.4413, 1.4365, 0.0075, -0.0438, 0.3702, 0.7110, -0.5963
1462833429.096910, 1, -0.4409, 1.4391, 0.0066, -0.0354, 0.3723, 0.7108, -0.5957
1462833429.097839, 1, -0.4413, 1.4422, 0.0065, -0.0303, 0.3698, 0.7098, -0.5988
1462833429.392406, 1, -0.4421, 1.4453, 0.0068, -0.0269, 0.3671, 0.7128, -0.5970
1462833429.393007, 1, -0.4435, 1.4489, 0.0082, -0.0250, 0.3672, 0.7177, -0.5912
1462833429.393588, 1, -0.4440, 1.4526, 0.0090, -0.0236, 0.3676, 0.7214, -0.5865
1462833429.394283, 1, -0.4441, 1.4568, 0.0099, -0.0220, 0.3696, 0.7280, -0.5770
1462833429.394986, 1, -0.4448, 1.4617, 0.0117, -0.0197, 0.3688, 0.7357, -0.5677
1462833429.395742, 1, -0.4455, 1.4672, 0.0136, -0.0168, 0.3676, 0.7446, -0.5569
1462833429.396784, 1, -0.4463, 1.4736, 0.0157, -0.0138, 0.3661, 0.7547, -0.5443
1462833429.397206, 1, -0.4486, 1.4811, 0.0192, -0.0098, 0.3659, 0.7662, -0.5282
1462833429.397931, 1, -0.4495, 1.4894, 0.0214, -0.0065, 0.3655, 0.7798, -0.5081
1462833429.398552, 1, -0.4507, 1.4989, 0.0236, -0.0088, 0.3657, 0.7930, -0.4872
1462833429.399250, 1, -0.4521, 1.5094, 0.0258, -0.0108, 0.3723, 0.8060, -0.4600
1462833429.399880, 1, -0.4529, 1.5212, 0.0276, -0.0089, 0.3777, 0.8171, -0.4354
1462833429.400590, 1, -0.4536, 1.5342, 0.0303, -0.0009, 0.3822, 0.8273, -0.4117
1462833429.401305, 1, -0.4534, 1.5480, 0.0325, 0.0109, 0.3839, 0.8367, -0.3904
1462833429.401978, 1, -0.4534, 1.5624, 0.0348, 0.0171, 0.3827, 0.8458, -0.3713
1462833429.402589, 1, -0.4553, 1.5789, 0.0393, 0.0273, 0.3875, 0.8546, -0.3446
1462833429.404076, 1, -0.4576, 1.5963, 0.0432, 0.0283, 0.3916, 0.8632, -0.3173
1462833429.404855, 1, -0.4613, 1.6156, 0.0480, 0.0264, 0.3998, 0.8705, -0.2857
1462833429.405452, 1, -0.4663, 1.6371, 0.0538, 0.0263, 0.4105, 0.8758, -0.2525
1462833429.699494, 1, -0.4719, 1.6603, 0.0601, 0.0251, 0.4193, 0.8789, -0.2262
1462833429.700141, 1, -0.4783, 1.6852, 0.0667, 0.0249, 0.4264, 0.8803, -0.2064
1462833429.700743, 1, -0.4855, 1.7117, 0.0745, 0.0188, 0.4312, 0.8817, -0.1908
1462833429.701520, 1, -0.4927, 1.7394, 0.0823, 0.0163, 0.4355, 0.8814, -0.1824
1462833429.702143, 1, -0.5001, 1.7681, 0.0907, 0.0088, 0.4401, 0.8811, -0.1731
1462833429.702965, 1, -0.5080, 1.7975, 0.0990, 0.0011, 0.4461, 0.8793, -0.1666
1462833429.703583, 1, -0.5172, 1.8273, 0.1095, -0.0136, 0.4473, 0.8802, -0.1579
1462833429.704268, 1, -0.5268, 1.8569, 0.1193, -0.0306, 0.4503, 0.8797, -0.1497
1462833429.704960, 1, -0.5380, 1.8852, 0.1306, -0.0517, 0.4471, 0.8820, -0.1397
1462833429.705618, 1, -0.5488, 1.9121, 0.1396, -0.0745, 0.4432, 0.8831, -0.1349
1462833429.706403, 1, -0.5604, 1.9367, 0.1490, -0.1018, 0.4400, 0.8833, -0.1256
1462833429.707129, 1, -0.5713, 1.9586, 0.1566, -0.1258, 0.4327, 0.8844, -0.1212
1462833429.707783, 1, -0.5815, 1.9779, 0.1622, -0.1482, 0.4264, 0.8839, -0.1223
1462833429.708456, 1, -0.5917, 1.9942, 0.1665, -0.1709, 0.4235, 0.8806, -0.1265
1462833429.709157, 1, -0.6008, 2.0075, 0.1685, -0.1964, 0.4293, 0.8716, -0.1319
1462833429.710034, 1, -0.6090, 2.0175, 0.1698, -0.2280, 0.4319, 0.8625, -0.1326
1462833429.710599, 1, -0.6161, 2.0249, 0.1704, -0.2618, 0.4304, 0.8543, -0.1278
1462833429.711349, 1, -0.6201, 2.0299, 0.1697, -0.2838, 0.4304, 0.8478, -0.1243
1462833429.712116, 1, -0.6229, 2.0335, 0.1697, -0.3027, 0.4309, 0.8417, -0.1195
1462833429.712868, 1, -0.6225, 2.0359, 0.1682, -0.3060, 0.4400, 0.8357, -0.1196
1462833430.006712, 1, -0.6214, 2.0375, 0.1678, -0.3006, 0.4475, 0.8331, -0.1240
1462833430.007378, 1, -0.6196, 2.0379, 0.1678, -0.2920, 0.4545, 0.8312, -0.1314
1462833430.008065, 1, -0.6168, 2.0368, 0.1674, -0.2772, 0.4615, 0.8305, -0.1433
1462833430.008699, 1, -0.6138, 2.0342, 0.1669, -0.2565, 0.4676, 0.8309, -0.1586
1462833430.009333, 1, -0.6118, 2.0300, 0.1678, -0.2458, 0.4637, 0.8358, -0.1609
1462833430.010069, 1, -0.6093, 2.0242, 0.1681, -0.2366, 0.4621, 0.8397, -0.1594
1462833430.010677, 1, -0.6061, 2.0166, 0.1683, -0.2294, 0.4585, 0.8452, -0.1511
1462833430.011364, 1, -0.6015, 2.0069, 0.1679, -0.2192, 0.4543, 0.8518, -0.1413
1462833430.012024, 1, -0.5962, 1.9955, 0.1675, -0.2107, 0.4482, 0.8595, -0.1263
1462833430.012718, 1, -0.5896, 1.9819, 0.1657, -0.1962, 0.4428, 0.8675, -0.1131
1462833430.013384, 1, -0.5824, 1.9664, 0.1626, -0.1789, 0.4379, 0.8748, -0.1046
1462833430.014094, 1, -0.5748, 1.9491, 0.1583, -0.1611, 0.4338, 0.8807, -0.1006
1462833430.014837, 1, -0.5672, 1.9300, 0.1530, -0.1452, 0.4304, 0.8853, -0.0991
1462833430.015430, 1, -0.5597, 1.9094, 0.1472, -0.1310, 0.4240, 0.8910, -0.0965
1462833430.016078, 1, -0.5521, 1.8873, 0.1407, -0.1179, 0.4174, 0.8960, -0.0945
1462833430.016802, 1, -0.5448, 1.8645, 0.1337, -0.1078, 0.4110, 0.9008, -0.0897
1462833430.017447, 1, -0.5374, 1.8410, 0.1256, -0.1005, 0.4080, 0.9029, -0.0906
1462833430.018190, 1, -0.5297, 1.8171, 0.1170, -0.0901, 0.4056, 0.9047, -0.0940
1462833430.018883, 1, -0.5216, 1.7931, 0.1074, -0.0745, 0.4064, 0.9045, -0.1061
1462833430.019628, 1, -0.5129, 1.7689, 0.0976, -0.0573, 0.4007, 0.9073, -0.1142
1462833430.314141, 1, -0.5058, 1.7453, 0.0903, -0.0514, 0.3975, 0.9088, -0.1161
1462833430.314750, 1, -0.4976, 1.7221, 0.0818, -0.0466, 0.3933, 0.9113, -0.1127
1462833430.315443, 1, -0.4903, 1.7000, 0.0739, -0.0402, 0.3944, 0.9112, -0.1124
1462833430.316052, 1, -0.4820, 1.6787, 0.0653, -0.0343, 0.3969, 0.9095, -0.1183
1462833430.316788, 1, -0.4746, 1.6585, 0.0576, -0.0227, 0.3993, 0.9061, -0.1379
1462833430.317488, 1, -0.4683, 1.6394, 0.0521, -0.0110, 0.3974, 0.9031, -0.1626
1462833430.318240, 1, -0.4610, 1.6209, 0.0457, 0.0005, 0.3947, 0.8997, -0.1863
1462833430.318900, 1, -0.4550, 1.6040, 0.0408, 0.0061, 0.3907, 0.8982, -0.2017
1462833430.319631, 1, -0.4494, 1.5887, 0.0375, 0.0003, 0.3883, 0.8974, -0.2095
1462833430.320364, 1, -0.4443, 1.5744, 0.0340, 0.0046, 0.3901, 0.8947, -0.2173
1462833430.321004, 1, -0.4398, 1.5610, 0.0310, 0.0092, 0.3912, 0.8909, -0.2304
1462833430.321663, 1, -0.4351, 1.5486, 0.0276, 0.0155, 0.3935, 0.8836, -0.2533
1462833430.322324, 1, -0.4315, 1.5373, 0.0257, 0.0182, 0.3947, 0.8768, -0.2740
1462833430.323020, 1, -0.4275, 1.5269, 0.0234, 0.0212, 0.3965, 0.8682, -0.2975
1462833430.323707, 1, -0.4253, 1.5176, 0.0226, 0.0272, 0.3959, 0.8608, -0.3187
1462833430.324641, 1, -0.4208, 1.5086, 0.0196, 0.0270, 0.3989, 0.8510, -0.3405
1462833430.325073, 1, -0.4186, 1.5010, 0.0185, 0.0219, 0.4008, 0.8443, -0.3551
1462833430.325778, 1, -0.4177, 1.4952, 0.0183, 0.0163, 0.4078, 0.8385, -0.3611
1462833430.326546, 1, -0.4166, 1.4903, 0.0173, 0.0114, 0.4129, 0.8319, -0.3706
1462833430.327140, 1, -0.4175, 1.4868, 0.0177, 0.0131, 0.4157, 0.8248, -0.3830
1462833430.613446, 1, -0.4039, 1.5734, 0.0299, 0.0967, 0.3977, 0.8747, -0.2598
1462833430.928282, 1, -0.4050, 1.5843, 0.0329, 0.1045, 0.3991, 0.8762, -0.2493
1462833430.928901, 1, -0.4052, 1.5957, 0.0346, 0.1132, 0.4013, 0.8764, -0.2412
1462833430.929622, 1, -0.4083, 1.6085, 0.0404, 0.1209, 0.4068, 0.8753, -0.2318
1462833430.930523, 1, -0.4085, 1.6222, 0.0422, 0.1257, 0.4069, 0.8784, -0.2171
1462833430.931064, 1, -0.4114, 1.6380, 0.0482, 0.1194, 0.4110, 0.8821, -0.1968
1462833430.931736, 1, -0.4144, 1.6552, 0.0530, 0.1120, 0.4201, 0.8840, -0.1720
1462833430.932598, 1, -0.4188, 1.6747, 0.0607, 0.0999, 0.4251, 0.8871, -0.1493
1462833430.933173, 1, -0.4217, 1.6952, 0.0655, 0.0922, 0.4321, 0.8865, -0.1373
1462833430.933857, 1, -0.4262, 1.7179, 0.0718, 0.0923, 0.4342, 0.8857, -0.1361
1462833430.933975, 1, -0.4317, 1.7423, 0.0786, 0.1019, 0.4310, 0.8845, -0.1471
1462833430.935039, 1, -0.4366, 1.7681, 0.0863, 0.0953, 0.4293, 0.8846, -0.1553
1462833430.935788, 1, -0.4438, 1.7955, 0.0950, 0.0925, 0.4305, 0.8823, -0.1662
1462833430.936551, 1, -0.4488, 1.8235, 0.1022, 0.0784, 0.4359, 0.8805, -0.1687
1462833430.937184, 1, -0.4564, 1.8526, 0.1123, 0.0575, 0.4455, 0.8782, -0.1645
1462833430.937819, 1, -0.4642, 1.8817, 0.1219, 0.0358, 0.4536, 0.8771, -0.1539
1462833430.939189, 1, -0.4730, 1.9103, 0.1314, 0.0105, 0.4620, 0.8754, -0.1420
1462833430.939829, 1, -0.4819, 1.9376, 0.1401, -0.0133, 0.4671, 0.8742, -0.1317
1462833430.940420, 1, -0.4925, 1.9631, 0.1495, -0.0394, 0.4648, 0.8755, -0.1263
1462833430.941065, 1, -0.5020, 1.9853, 0.1566, -0.0607, 0.4613, 0.8753, -0.1316
1462833431.235528, 1, -0.5114, 2.0042, 0.1627, -0.0804, 0.4554, 0.8752, -0.1423
1462833431.236252, 1, -0.5218, 2.0198, 0.1692, -0.0994, 0.4491, 0.8741, -0.1562
1462833431.236995, 1, -0.5300, 2.0315, 0.1732, -0.1224, 0.4434, 0.8727, -0.1638
1462833431.237669, 1, -0.5365, 2.0398, 0.1762, -0.1454, 0.4411, 0.8700, -0.1656
1462833431.238338, 1, -0.5423, 2.0454, 0.1794, -0.1749, 0.4351, 0.8688, -0.1590
1462833431.239066, 1, -0.5453, 2.0484, 0.1804, -0.2028, 0.4334, 0.8649, -0.1518
1462833431.239764, 1, -0.5468, 2.0496, 0.1809, -0.2204, 0.4325, 0.8621, -0.1451
1462833431.240568, 1, -0.5468, 2.0494, 0.1821, -0.2280, 0.4318, 0.8610, -0.1422
1462833431.241086, 1, -0.5442, 2.0479, 0.1817, -0.2313, 0.4396, 0.8556, -0.1453
1462833431.241704, 1, -0.5400, 2.0453, 0.1815, -0.2199, 0.4446, 0.8543, -0.1554
1462833431.242387, 1, -0.5345, 2.0413, 0.1805, -0.1966, 0.4486, 0.8541, -0.1748
1462833431.247318, 1, -0.5282, 2.0350, 0.1795, -0.1657, 0.4464, 0.8584, -0.1910
1462833431.247981, 1, -0.5215, 2.0261, 0.1776, -0.1348, 0.4428, 0.8625, -0.2044
1462833431.248685, 1, -0.5148, 2.0143, 0.1762, -0.1087, 0.4312, 0.8709, -0.2091
1462833431.249367, 1, -0.5077, 2.0001, 0.1730, -0.0960, 0.4242, 0.8776, -0.2016
1462833431.250040, 1, -0.5000, 1.9828, 0.1682, -0.0862, 0.4210, 0.8835, -0.1866
1462833431.250799, 1, -0.4944, 1.9639, 0.1643, -0.0795, 0.4172, 0.8893, -0.1695
1462833431.251407, 1, -0.4878, 1.9430, 0.1575, -0.0610, 0.4173, 0.8925, -0.1598
1462833431.252084, 1, -0.4816, 1.9206, 0.1495, -0.0436, 0.4110, 0.8973, -0.1553
1462833431.253033, 1, -0.4761, 1.8969, 0.1410, -0.0239, 0.4046, 0.9007, -0.1564
1462833431.542680, 1, -0.4715, 1.8722, 0.1322, -0.0099, 0.3970, 0.9043, -0.1566
1462833431.543424, 1, -0.4663, 1.8462, 0.1217, 0.0073, 0.3898, 0.9074, -0.1569
1462833431.544010, 1, -0.4634, 1.8206, 0.1128, 0.0152, 0.3818, 0.9106, -0.1571
1462833431.544719, 1, -0.4597, 1.7945, 0.1017, 0.0241, 0.3803, 0.9115, -0.1548
1462833431.545309, 1, -0.4566, 1.7691, 0.0906, 0.0279, 0.3817, 0.9104, -0.1570
1462833431.546033, 1, -0.4538, 1.7445, 0.0799, 0.0330, 0.3824, 0.9084, -0.1656
1462833431.546793, 1, -0.4506, 1.7202, 0.0680, 0.0447, 0.3824, 0.9057, -0.1774
1462833431.548056, 1, -0.4473, 1.6975, 0.0574, 0.0550, 0.3788, 0.9027, -0.1963
1462833431.548645, 1, -0.4436, 1.6759, 0.0472, 0.0623, 0.3751, 0.8973, -0.2243
1462833431.549241, 1, -0.4417, 1.6556, 0.0390, 0.0781, 0.3692, 0.8902, -0.2551
1462833431.549947, 1, -0.4379, 1.6355, 0.0300, 0.0915, 0.3657, 0.8794, -0.2909
1462833431.550635, 1, -0.4340, 1.6166, 0.0213, 0.0966, 0.3602, 0.8694, -0.3241
1462833431.552340, 1, -0.4326, 1.5995, 0.0159, 0.0946, 0.3591, 0.8634, -0.3415
1462833431.553021, 1, -0.4290, 1.5838, 0.0081, 0.0825, 0.3636, 0.8565, -0.3570
1462833431.553815, 1, -0.4284, 1.5698, 0.0033, 0.0781, 0.3726, 0.8479, -0.3689
1462833431.554401, 1, -0.4248, 1.5562, -0.0041, 0.0715, 0.3782, 0.8337, -0.3961
1462833431.555156, 1, -0.4227, 1.5435, -0.0095, 0.0748, 0.3776, 0.8177, -0.4280
1462833431.555938, 1, -0.4223, 1.5321, -0.0127, 0.0758, 0.3723, 0.8019, -0.4611
1462833431.556056, 1, -0.4208, 1.5214, -0.0169, 0.0725, 0.3679, 0.7855, -0.4923
1462833431.558830, 1, -0.4192, 1.5114, -0.0213, 0.0685, 0.3647, 0.7699, -0.5192
1462833431.854959, 1, -0.4155, 1.4432, -0.0389, 0.1171, 0.3104, 0.6490, -0.6846
1462833431.856195, 1, -0.4167, 1.4348, -0.0387, 0.1185, 0.3070, 0.6397, -0.6946
1462833431.856872, 1, -0.4161, 1.4263, -0.0399, 0.1201, 0.2966, 0.6272, -0.7101
1462833431.857637, 1, -0.4159, 1.4185, -0.0409, 0.1247, 0.2901, 0.6165, -0.7213
1462833431.858293, 1, -0.4160, 1.4121, -0.0419, 0.1275, 0.2862, 0.6055, -0.7315
1462833431.859012, 1, -0.4149, 1.4057, -0.0434, 0.1316, 0.2804, 0.5898, -0.7457
1462833431.859744, 1, -0.4129, 1.3999, -0.0452, 0.1351, 0.2718, 0.5745, -0.7601
1462833431.860487, 1, -0.4124, 1.3950, -0.0461, 0.1366, 0.2699, 0.5655, -0.7673
1462833431.861237, 1, -0.4103, 1.3900, -0.0476, 0.1383, 0.2584, 0.5556, -0.7781
1462833431.861793, 1, -0.4091, 1.3859, -0.0482, 0.1355, 0.2550, 0.5499, -0.7837
1462833431.862541, 1, -0.4089, 1.3825, -0.0482, 0.1310, 0.2576, 0.5492, -0.7841
1462833431.863131, 1, -0.4073, 1.3792, -0.0491, 0.1266, 0.2504, 0.5455, -0.7898
1462833431.865474, 1, -0.4064, 1.3765, -0.0498, 0.1211, 0.2487, 0.5441, -0.7921
1462833432.157305, 1, -0.4056, 1.3740, -0.0510, 0.1166, 0.2452, 0.5406, -0.7962
1462833432.158067, 1, -0.4058, 1.3721, -0.0516, 0.1136, 0.2468, 0.5378, -0.7981
1462833432.159179, 1, -0.4058, 1.3692, -0.0538, 0.1104, 0.2465, 0.5302, -0.8037
1462833432.159438, 1, -0.4066, 1.3681, -0.0544, 0.1098, 0.2507, 0.5281, -0.8039
1462833432.164546, 1, -0.4052, 1.3667, -0.0570, 0.1074, 0.2450, 0.5218, -0.8100
1462833432.164653, 1, -0.4053, 1.3655, -0.0581, 0.1040, 0.2458, 0.5198, -0.8115
1462833432.164683, 1, -0.4055, 1.3644, -0.0592, 0.0995, 0.2472, 0.5197, -0.8117
1462833432.164708, 1, -0.4057, 1.3632, -0.0603, 0.0952, 0.2489, 0.5196, -0.8118
1462833432.164732, 1, -0.4062, 1.3622, -0.0613, 0.0921, 0.2501, 0.5202, -0.8114
1462833432.164755, 1, -0.4065, 1.3612, -0.0625, 0.0884, 0.2515, 0.5190, -0.8121
1462833432.165175, 1, -0.4071, 1.3602, -0.0638, 0.0868, 0.2524, 0.5176, -0.8130
1462833432.165659, 1, -0.4079, 1.3595, -0.0644, 0.0836, 0.2536, 0.5131, -0.8157
1462833432.166394, 1, -0.4082, 1.3587, -0.0658, 0.0810, 0.2551, 0.5100, -0.8175
1462833432.167063, 1, -0.4085, 1.3580, -0.0669, 0.0798, 0.2560, 0.5085, -0.8182
1462833432.167835, 1, -0.4087, 1.3572, -0.0681, 0.0772, 0.2570, 0.5072, -0.8190
1462833432.168504, 1, -0.4089, 1.3566, -0.0692, 0.0743, 0.2582, 0.5055, -0.8199
1462833432.169182, 1, -0.4096, 1.3557, -0.0702, 0.0750, 0.2568, 0.5077, -0.8189
1462833432.169839, 1, -0.4094, 1.3552, -0.0707, 0.0718, 0.2588, 0.5023, -0.8219
1462833432.170394, 1, -0.4096, 1.3547, -0.0714, 0.0712, 0.2590, 0.5005, -0.8230
1462833432.477407, 1, -0.4066, 1.3494, -0.0766, 0.0564, 0.2608, 0.4923, -0.8285
1462833432.477930, 1, -0.4062, 1.3495, -0.0770, 0.0570, 0.2608, 0.4907, -0.8294
1462833432.480338, 1, -0.4059, 1.3496, -0.0774, 0.0579, 0.2607, 0.4888, -0.8305
