1463527243.923934, 8, 0, 0, 90010408448, 46074487995700, 46074519995392, 90042410532, 90074410496, 46074551997363, -7.070000
1463527243.924188, 8, 1, 0, 90010408448, 47981623640738, 47981783640576, 90170410098, 90202409984, 47981815641157, -2.960000
1463527243.924384, 8, 2, 0, 90010408448, 52600745500734, 52601033500672, 90298412768, 90330412544, 52601065502508, -7.020000
1463527243.924574, 8, 3, 0, 90010408448, 50407374370240, 50407790369792, 90426413519, 90458413056, 50407822372160, -5.350000
1463527243.924776, 8, 4, 0, 90010408448, 52554117811401, 52554661811200, 90554412856, 90586412544, 52554693811945, -4.260000
1463527243.924971, 8, 5, 0, 90010408448, 53449485602206, 53450157601792, 90682414381, 90714414080, 53450189603007, -3.630000
1463527243.925266, 8, 6, 0, 90010408448, 32237115857975, 32237915857920, 90810413555, 90842413056, 32237947859368, -2.330000
1463527243.926007, 8, 0, 1, 96385349632, 46080862900277, 46080894900224, 96417351936, 96449351680, 46080926901975, -6.310000
1463527243.928216, 8, 2, 1, 96385349632, 52607120394793, 52607408394752, 96673353975, 96705353728, 52607440396536, -7.140000
1463527243.928033, 8, 1, 1, 96385349632, 47987998544018, 47988158543872, 96545351306, 96577351168, 47988190544431, -2.560000
1463527243.928890, 8, 5, 1, 96385349632, 53455860499375, 53456532498944, 97057355540, 97089355264, 53456564500178, -3.490000
1463527243.928581, 8, 3, 1, 96385349632, 50413749272382, 50414165272064, 96801354842, 96833354752, 50414197274784, -6.580000
1463527243.928734, 8, 4, 1, 96385349632, 52560492712733, 52561036712448, 96929353955, 96961353728, 52561068713263, -4.040000
1463527243.985827, 8, 0, 2, 102759861760, 46087237375757, 46087269375488, 102791863872, 102823863808, 46087301377440, -5.590000
1463527243.991105, 8, 2, 2, 102759861760, 52613494859700, 52613782859264, 103047865682, 103079865344, 52613814860961, -7.560000
1463527243.990879, 8, 1, 2, 102759861760, 47994373018175, 47994533018112, 102919863506, 102951863296, 47994565018588, -3.030000
1463527243.991562, 8, 3, 2, 102759861760, 50420123745406, 50420539745280, 103175867178, 103207866880, 50420571747809, -5.960000
1463527243.993828, 8, 4, 2, 102759861760, 52566867184943, 52567411184640, 103303866069, 103335865856, 52567443185474, -3.820000
1463527243.995844, 8, 5, 2, 102759861760, 53462234967418, 53462906967040, 103431867723, 103463867392, 53462938968225, -3.990000
1463527243.997819, 8, 6, 2, 102759861760, 32249865260151, 32250665260032, 103559866817, 103591866368, 32250697261511, -2.930000
1463527244.085688, 8, 0, 3, 109135310336, 46093612787623, 46093644787200, 109167312317, 109199311872, 46093676788782, -6.220000
1463527244.087730, 8, 1, 3, 109135310336, 48000748428718, 48000908428288, 109295311695, 109327311360, 48000940428616, -5.170000
1463527244.089591, 8, 2, 3, 109135310336, 52619870261034, 52620158260736, 109423314421, 109455313920, 52620190262259, -5.460000
1463527244.092009, 8, 3, 3, 109135310336, 50426499154802, 50426915154432, 109551315527, 109583315456, 50426947157218, -5.360000
1463527244.093650, 8, 4, 3, 109135310336, 52573242593542, 52573786593280, 109679314684, 109711314432, 52573818594067, -3.960000
1463527244.095689, 8, 5, 3, 109135310336, 53468610371854, 53469282371584, 109807316402, 109839315968, 53469314372669, -3.290000
1463527244.097630, 8, 6, 3, 109135310336, 32256240683061, 32257040683008, 109935315462, 109967315456, 32257072684928, -3.240000
1463527244.185444, 8, 0, 4, 115509900288, 46099987340774, 46100019340288, 115541902202, 115573901824, 46100051341932, -6.590000
1463527244.187352, 8, 1, 4, 115509900288, 48007122980569, 48007282980352, 115669901864, 115701901824, 48007314980969, -6.300000
1463527244.189356, 8, 2, 4, 115509900288, 52626244803623, 52626532803584, 115797904605, 115829904384, 52626564805386, -5.030000
1463527244.191361, 8, 3, 4, 115509900288, 50432873705506, 50433289705472, 115925905791, 115957905408, 50433321707902, -4.960000
1463527244.193885, 8, 4, 4, 115509900288, 52579617143454, 52580161143296, 116053904753, 116085904384, 52580193143977, -4.500000
1463527244.196799, 8, 5, 4, 115509900288, 53474984917617, 53475656917504, 116181906515, 116213906432, 53475688918951, -3.250000
1463527244.197211, 8, 6, 4, 115509900288, 32262615247303, 32263415246848, 116309905033, 116341904896, 32263447248649, -3.490000
1463527244.285346, 8, 0, 5, 121885609472, 46106363013087, 46106395012608, 121917611387, 121949611008, 46106427014250, -7.140000
1463527244.287322, 8, 1, 5, 121885609472, 48013498651564, 48013658651136, 122045610825, 122077610496, 48013690651448, -7.460000
1463527244.291193, 8, 3, 5, 121885609472, 50439249375363, 50439665375232, 122301614861, 122333614592, 50439697377782, -4.440000
1463527244.293126, 8, 4, 5, 121885609472, 52585992812529, 52586536812032, 122429613598, 122461613568, 52586568813043, -4.590000
1463527244.298003, 8, 6, 5, 121885609472, 32268990930694, 32269790930432, 122685614416, 122717614080, 32269822932032, -4.120000
1463527244.297802, 8, 5, 5, 121885609472, 53481360582523, 53482032582144, 122557615426, 122589615104, 53482064583325, -4.300000
1463527244.299235, 8, 7, 5, 121885609472, 42808697267588, 42809625267200, 122813616093, 122845615616, 42809657269323, -8.180000
1463527244.385033, 8, 0, 6, 128259705344, 46112737072033, 46112769071616, 128291707327, 128323706880, 46112801073188, -6.440000
1463527244.387175, 8, 1, 6, 128259705344, 48019872709196, 48020032709120, 128419707093, 128451706880, 48020064709606, -3.560000
1463527244.389081, 8, 2, 6, 128259705344, 52638994513814, 52639282513408, 128547709319, 128579708928, 52639314515046, -6.060000
1463527244.391112, 8, 3, 6, 128259705344, 50445623431866, 50446039431680, 128675710704, 128707710464, 50446071434278, -4.280000
1463527244.393002, 8, 4, 6, 128259705344, 52592366868225, 52592910867968, 128803709719, 128835709440, 52592942868723, -5.060000
1463527244.394970, 8, 5, 6, 128259705344, 53487734634092, 53488406633984, 128931711617, 128963711488, 53488438635347, -4.320000
1463527244.396968, 8, 6, 6, 128259705344, 32275365000696, 32276165000192, 129059710052, 129091709952, 32276197002040, -4.730000
1463527244.399187, 8, 7, 6, 128259705344, 42815071333759, 42815999333376, 129187711810, 129219711488, 42816031335479, -9.050000
1463527244.484918, 8, 0, 7, 134634675712, 46119112005355, 46119144005120, 134666677878, 134698677760, 46119176007028, -7.060000
1463527244.486745, 8, 1, 7, 134634675712, 48026247641218, 48026407641088, 134794677432, 134826677248, 48026439641618, -2.870000
1463527244.488724, 8, 2, 7, 134634675712, 52645369436615, 52645657436160, 134922679632, 134954679296, 52645689437834, -6.380000
1463527244.490717, 8, 3, 7, 134634675712, 50451998362756, 50452414362624, 135050681121, 135082680832, 50452446365162, -3.970000
1463527244.492841, 8, 4, 7, 134634675712, 52598741798322, 52599285797888, 135178679911, 135210679808, 52599317798825, -5.390000
1463527244.494703, 8, 5, 7, 134634675712, 53494109560024, 53494781559808, 135306681870, 135338681856, 53494813561303, -4.200000
1463527244.496716, 8, 6, 7, 134634675712, 32281739945130, 32282539944960, 135434680769, 135466680320, 32282571946444, -4.930000
1463527244.498722, 8, 7, 7, 134634675712, 42821446274372, 42822374274048, 135562682248, 135594681856, 42822406276108, -8.410000
1463527244.585260, 8, 0, 8, 141009657344, 46125486949873, 46125518949376, 141041659247, 141073658880, 46125550951036, -5.080000
1463527244.586694, 8, 1, 8, 141009657344, 48032622584394, 48032782584320, 141169659109, 141201658880, 48032814584785, -2.620000
1463527244.588465, 8, 2, 8, 141009657344, 52651744370581, 52652032370176, 141297661307, 141329660928, 52652064371800, -6.500000
1463527244.590571, 8, 3, 8, 141009657344, 50458373304820, 50458789304320, 141425662399, 141457661952, 50458821306700, -4.280000
1463527244.592493, 8, 4, 8, 141009657344, 52605116739607, 52605660739584, 141553661961, 141585661952, 52605692740598, -5.050000
1463527244.594501, 8, 5, 8, 141009657344, 53500484497133, 53501156496896, 141681663486, 141713662976, 53501188497909, -2.760000
1463527244.596461, 8, 6, 8, 141009657344, 32288114900731, 32288914900480, 141809662332, 141841661952, 32288946902024, -5.960000
1463527244.598455, 8, 7, 8, 141009657344, 42827821226353, 42828749225984, 141937664068, 141969664000, 42828781228451, -6.870000
1463527244.684340, 8, 0, 9, 147384630784, 46131861886130, 46131893885952, 147416633028, 147448632832, 46131925887807, -4.140000
1463527244.686258, 8, 1, 9, 147384630784, 48038997519309, 48039157518848, 147544632184, 147576631808, 48039189519187, -2.230000
1463527244.688220, 8, 2, 9, 147384630784, 52658119296273, 52658407296000, 147672634880, 147704634880, 52658439298016, -7.970000
1463527244.690205, 8, 3, 9, 147384630784, 50464748238630, 50465164238336, 147800636059, 147832635904, 50465196241008, -4.310000
1463527244.692218, 8, 4, 9, 147384630784, 52611491672619, 52612035672576, 147928635392, 147960635392, 52612067673606, -5.650000
1463527244.694243, 8, 5, 9, 147384630784, 53506859425990, 53507531425792, 148056636973, 148088636928, 53507563427262, -2.690000
1463527244.696220, 8, 6, 9, 147384630784, 32294489848066, 32295289847808, 148184635784, 148216635392, 32295321849360, -5.600000
1463527244.698388, 8, 7, 9, 147384630784, 42834196169754, 42835124169728, 148312637758, 148344637440, 42835156171738, -15.470000
1463527244.784022, 8, 0, 10, 153759604224, 46138236822277, 46138268822016, 153791606392, 153823606272, 46138300823942, -3.020000
1463527244.786499, 8, 1, 10, 153759604224, 48045372454115, 48045532453888, 153919605839, 153951605760, 48045564454508, -2.210000
1463527244.788009, 8, 2, 10, 153759604224, 52664494221878, 52664782221824, 154047608563, 154079608320, 52664814223600, -6.170000
1463527244.790033, 8, 3, 10, 153759604224, 50471123172334, 50471539171840, 154175609278, 154207608832, 50471571174179, -4.160000
1463527244.792030, 8, 4, 10, 153759604224, 52617866605534, 52618410605056, 154303608408, 154335608320, 52618442606003, -5.060000
1463527244.794143, 8, 5, 10, 153759604224, 53513234354742, 53513906354688, 154431610597, 154463610368, 53513938355972, -3.070000
1463527244.796098, 8, 6, 10, 153759604224, 32300864795310, 32301664795136, 154559609324, 154591608832, 32301696796594, -6.010000
1463527244.797969, 8, 7, 10, 153759604224, 42840571112916, 42841499112448, 154687610507, 154719610368, 42841531114653, -12.590000
1463527244.883881, 8, 0, 11, 160134566400, 46144611747078, 46144643746816, 160166568569, 160198568448, 46144675748762, -2.880000
1463527244.885784, 8, 1, 11, 160134566400, 48051747377589, 48051907377152, 160294567810, 160326567424, 48051939377464, -1.910000
1463527244.888277, 8, 2, 11, 160134566400, 52670869136134, 52671157135872, 160422570536, 160454570496, 52671189137849, -6.940000
1463527244.889881, 8, 3, 11, 160134566400, 50477498094706, 50477914094592, 160550571850, 160582571520, 50477946097055, -4.440000
1463527244.891815, 8, 4, 11, 160134566400, 52624241527110, 52624785526784, 160678570738, 160710570496, 52624817527575, -4.720000
1463527244.893806, 8, 5, 11, 160134566400, 53519609272143, 53520281271808, 160806572472, 160838572032, 53520313272874, -2.470000
1463527244.895947, 8, 6, 11, 160134566400, 32307239731203, 32308039731200, 160934571685, 160966571520, 32308071732982, -5.970000
1463527244.897912, 8, 7, 11, 160134566400, 42846946045250, 42847874044928, 161062573188, 161094573056, 42847906047338, -7.680000
1463527244.983782, 8, 0, 12, 166509539328, 46150986682546, 46151018682368, 166541541585, 166573541376, 46151050684208, -2.850000
1463527244.985562, 8, 1, 12, 166509539328, 48058122311721, 48058282311680, 166669541129, 166701540864, 48058314312102, -2.070000
1463527244.987962, 8, 2, 12, 166509539328, 52677244061024, 52677532060672, 166797543361, 166829542912, 52677564062234, -7.090000
1463527244.989601, 8, 3, 12, 166509539328, 50483873027714, 50484289027584, 166925544764, 166957544448, 50484321030065, -4.390000
1463527244.991718, 8, 4, 12, 166509539328, 52630616459346, 52631160459264, 167053543932, 167085543424, 52631192459803, -5.190000
1463527244.993613, 8, 5, 12, 166509539328, 53525984200219, 53526656200192, 167181545738, 167213545472, 53526688201421, -3.660000
1463527244.995534, 8, 6, 12, 166509539328, 32313614677756, 32314414677504, 167309544376, 167341543936, 32314446679026, -5.570000
1463527245.083486, 8, 0, 13, 172884520448, 46157361626108, 46157393625600, 172916522376, 172948521984, 46157425627261, -3.120000
1463527245.085314, 8, 1, 13, 172884520448, 48064497253962, 48064657253888, 173044522224, 173076521984, 48064689254338, -1.670000
1463527245.087255, 8, 2, 13, 172884520448, 52683618994053, 52683906993664, 173172524462, 173204524032, 52683938995248, -7.530000
1463527245.089309, 8, 3, 13, 172884520448, 50490247968835, 50490663968768, 173300525945, 173332525568, 50490695971182, -5.160000
1463527245.092385, 8, 4, 13, 172884520448, 52636991399690, 52637535399424, 173428524875, 173460524544, 52637567400133, -4.450000
1463527245.093509, 8, 5, 13, 172884520448, 53532359136398, 53533031136256, 173556526775, 173588526592, 53533063137630, -2.680000
1463527245.095339, 8, 6, 13, 172884520448, 32319989632423, 32320789632000, 173684525344, 173716525056, 32320821633669, -4.780000
1463527245.097392, 8, 7, 13, 172884520448, 42859695938657, 42860623938560, 173812527177, 173844527104, 42860655940854, -8.870000
1463527245.183123, 8, 0, 14, 179259486720, 46163736554730, 46163768554496, 179291488933, 179323488768, 46163800556391, -2.740000
1463527245.185054, 8, 1, 14, 179259486720, 48070872181222, 48071032180736, 179419488046, 179451487744, 48071064181087, -4.200000
1463527245.187064, 8, 2, 14, 179259486720, 52689993912108, 52690281911808, 179547490827, 179579490816, 52690313913816, -8.570000
1463527245.189077, 8, 3, 14, 179259486720, 50496622895005, 50497038894592, 179675491870, 179707491840, 50497070897339, -7.110000
1463527245.191117, 8, 4, 14, 179259486720, 52643366325085, 52643910324736, 179803491075, 179835490816, 52643942325526, -3.270000
1463527245.193165, 8, 5, 14, 179259486720, 53538734057622, 53539406057472, 179931493056, 179963492864, 53539438058853, -2.150000
1463527245.195804, 8, 6, 14, 179259486720, 32326364572143, 32327164571648, 180059491560, 180091491328, 32327196573376, -5.060000
1463527245.282920, 8, 0, 15, 185634458624, 46170111488875, 46170143488512, 185666460678, 185698460672, 46170175490551, -2.300000
1463527245.284785, 8, 1, 15, 185634458624, 48077247114075, 48077407113728, 185794460122, 185826459648, 48077439113932, -2.500000
1463527245.286943, 8, 2, 15, 185634458624, 52696368835717, 52696656835584, 185922462874, 185954462720, 52696688837392, -12.600000
1463527245.288863, 8, 3, 15, 185634458624, 50502997826729, 50503413826560, 186050464016, 186082463744, 50503445829077, -4.320000
1463527245.290950, 8, 4, 15, 185634458624, 52649741256029, 52650285255680, 186178462998, 186210462720, 52650317256473, -3.050000
1463527245.292935, 8, 5, 15, 185634458624, 53545108984395, 53545780984320, 186306465050, 186338464768, 53545812985585, -1.330000
1463527245.294845, 8, 6, 15, 185634458624, 32332739517411, 32333539516928, 186434463470, 186466463232, 32333571518642, -9.840000
1463527245.296825, 8, 7, 15, 185634458624, 42872445816081, 42873373815808, 186562465281, 186594465280, 42873405818194, -5.870000
1463527245.382929, 8, 0, 16, 192009433600, 46176486426014, 46176518425600, 192041435625, 192073435136, 46176550427170, -2.430000
1463527245.384799, 8, 1, 16, 192009433600, 48083622049828, 48083782049792, 192169435355, 192201435136, 48083814050221, -5.380000
1463527245.386692, 8, 2, 16, 192009433600, 52702743762289, 52703031761920, 192297437646, 192329437184, 52703063763488, -5.150000
1463527245.388686, 8, 3, 16, 192009433600, 50509372761408, 50509788761088, 192425438842, 192457438720, 50509820763766, -8.410000
1463527245.390665, 8, 4, 16, 192009433600, 52656116189939, 52656660189696, 192553438085, 192585437696, 52656692190361, -3.560000
1463527245.392704, 8, 5, 16, 192009433600, 53551483914144, 53552155913728, 192681439701, 192713439232, 53552187914793, -1.160000
1463527245.394972, 8, 6, 16, 192009433600, 32339114465648, 32339914465280, 192809438588, 192841438208, 32339946466870, -9.430000
1463527245.396751, 8, 7, 16, 192009433600, 42878820760533, 42879748760064, 192937440127, 192969439744, 42879780762094, -6.540000
1463527245.483214, 8, 0, 17, 198384409088, 46182861363549, 46182893363200, 198416411172, 198448411136, 46182925365223, -3.300000
1463527245.484503, 8, 1, 17, 198384409088, 48089996986035, 48090156985856, 198544410693, 198576410624, 48090188986412, -4.270000
1463527245.486507, 8, 2, 17, 198384409088, 52709118689311, 52709406689280, 198672413506, 198704413184, 52709438690990, -5.350000
1463527245.488480, 8, 3, 17, 198384409088, 50515747696539, 50516163696128, 198800414266, 198832414208, 50516195698855, -10.050000
1463527245.490775, 8, 4, 17, 198384409088, 52662491124261, 52663035124224, 198928413761, 198960413696, 52663067125183, -6.550000
1463527245.492955, 8, 5, 17, 198384409088, 53557858844278, 53558530844160, 199056415470, 199088415232, 53558562845463, -1.550000
1463527245.494623, 8, 6, 17, 198384409088, 32345489414306, 32346289414144, 199184414293, 199216414208, 32346321416031, -6.310000
1463527245.496457, 8, 7, 17, 198384409088, 42885195705407, 42886123705344, 199312416002, 199344415744, 42886155707383, -4.370000
1463527245.582376, 8, 0, 18, 204759384576, 46189236300983, 46189268300800, 204791386803, 204823386624, 46189300302639, -3.380000
1463527245.584470, 8, 1, 18, 204759384576, 48096371922155, 48096531921920, 204919386106, 204951385600, 48096563922015, -6.010000
1463527245.586257, 8, 2, 18, 204759384576, 52715493616188, 52715781616128, 205047388939, 205079388672, 52715813617872, -13.200000
1463527245.588175, 8, 3, 18, 204759384576, 50522122631527, 50522538631168, 205175389790, 205207389696, 50522570633841, -11.400000
1463527245.590206, 8, 4, 18, 204759384576, 52668866058476, 52669410058240, 205303389029, 205335388672, 52669442058883, -10.900000
1463527245.592268, 8, 5, 18, 204759384576, 53564233774320, 53564905774080, 205431390840, 205463390720, 53564937775490, -1.840000
1463527245.594157, 8, 6, 18, 204759384576, 32351864362870, 32352664362496, 205559389588, 205591389184, 32352696364051, -7.740000
1463527245.596190, 8, 7, 18, 204759384576, 42891570650058, 42892498649600, 205687390865, 205719390720, 42892530651628, -13.780000
1463527245.681994, 8, 0, 19, 211134405632, 46195611283900, 46195643283456, 211166407599, 211198407168, 46195675285051, -2.920000
1463527245.683970, 8, 1, 19, 211134405632, 48102746903749, 48102906903552, 211294407160, 211326406656, 48102938903600, -7.610000
1463527245.685950, 8, 2, 19, 211134405632, 52721868588567, 52722156588544, 211422410089, 211454409728, 52722188590234, -4.920000
1463527245.687939, 8, 3, 19, 211134405632, 50528497612022, 50528913611776, 211550410996, 211582410752, 50528945614320, -12.650000
1463527245.689914, 8, 4, 19, 211134405632, 52675241038170, 52675785037824, 211678409949, 211710409728, 52675817038573, -9.130000
1463527245.691929, 8, 5, 19, 211134405632, 53570608749855, 53571280749568, 211806411879, 211838411776, 53571312751022, -2.040000
1463527245.693975, 8, 6, 19, 211134405632, 32358239356921, 32359039356416, 211934410542, 211966410240, 32359071358073, -9.150000
1463527245.781806, 8, 0, 20, 217509332480, 46201986172528, 46202018172416, 217541334774, 217573334528, 46202050174191, -3.570000
1463527245.783829, 8, 1, 20, 217509332480, 48109121791079, 48109281790976, 217669334114, 217701334016, 48109313791433, -4.630000
1463527245.785713, 8, 2, 20, 217509332480, 52728243466626, 52728531466240, 217797336573, 217829336064, 52728563467785, -1.790000
1463527245.787741, 8, 3, 20, 217509332480, 50534872498202, 50535288498176, 217925338060, 217957337600, 50535320500500, -13.440000
1463527245.789745, 8, 4, 20, 217509332480, 52681615923579, 52682159923200, 218053336784, 218085336576, 52682191923977, -12.640000
1463527245.791782, 8, 5, 20, 217509332480, 53576983631082, 53577655630848, 218181338794, 218213338624, 53577687632225, -2.370000
1463527245.793715, 8, 6, 20, 217509332480, 32364614256646, 32365414256640, 218309337915, 218341337600, 32365446258335, -6.280000
1463527245.795717, 8, 7, 20, 217509332480, 42904320536331, 42905248536064, 218437339105, 218469338624, 42905280537842, -5.740000
1463527245.881495, 8, 0, 21, 223884321280, 46208361122996, 46208393122816, 223916323502, 223948323328, 46208425124658, -5.690000
1463527245.883468, 8, 1, 21, 223884321280, 48115496740238, 48115656739840, 224044322612, 224076322304, 48115688740070, -6.930000
1463527245.885462, 8, 2, 21, 223884321280, 52734618406526, 52734906406400, 224172325638, 224204325376, 52734938408202, -1.860000
1463527245.887475, 8, 3, 21, 223884321280, 50541247446216, 50541663446016, 224300326688, 224332326400, 50541695448516, -12.040000
1463527245.889463, 8, 4, 21, 223884321280, 52687990870865, 52688534870528, 224428325723, 224460325376, 52688566871247, -11.460000
1463527245.891471, 8, 5, 21, 223884321280, 53583358574150, 53584030574080, 224556327766, 224588327424, 53584062575281, -1.960000
1463527245.893595, 8, 6, 21, 223884321280, 32370989218227, 32371789217792, 224684326284, 224716325888, 32371821219374, -4.320000
1463527245.981599, 8, 0, 22, 230259289088, 46214736052370, 46214768052224, 230291291328, 230323291136, 46214800054034, -7.000000
1463527245.983263, 8, 1, 22, 230259289088, 48121871668288, 48122031668224, 230419290738, 230451290624, 48122063668639, -4.040000
1463527245.985254, 8, 2, 22, 230259289088, 52740993325331, 52741281325056, 230547293303, 230579293184, 52741313326996, -1.550000
1463527245.987251, 8, 3, 22, 230259289088, 50547622373163, 50548038372864, 230675294435, 230707294208, 50548070375432, -10.260000
1463527245.989400, 8, 4, 22, 230259289088, 52694365797185, 52694909796864, 230803293738, 230835293696, 52694941797908, -11.130000
1463527245.991342, 8, 5, 22, 230259289088, 53589733496111, 53590405495808, 230931295353, 230963295232, 53590437497245, -2.050000
1463527245.993467, 8, 6, 22, 230259289088, 32377364158708, 32378164158464, 231059294297, 231091294208, 32378196160364, -5.480000
1463527246.081482, 8, 0, 23, 236634266624, 46221110991412, 46221142991360, 236666268985, 236698268672, 46221174993071, -6.570000
1463527246.083120, 8, 1, 23, 236634266624, 48128246605967, 48128406605824, 236794268168, 236826268160, 48128438606316, -6.510000
1463527246.085200, 8, 2, 23, 236634266624, 52747368253756, 52747656253440, 236922270786, 236954270720, 52747688255417, -2.000000
1463527246.087231, 8, 3, 23, 236634266624, 50553997309740, 50554413309440, 237050271998, 237082271744, 50554445312014, -10.940000
1463527246.090338, 8, 4, 23, 236634266624, 52700740732785, 52701284732416, 237178270973, 237210270720, 52701316733147, -20.540001
1463527246.090811, 8, 5, 23, 236634266624, 53596108427729, 53596780427264, 237306272755, 237338272256, 53596812428319, -2.100000
1463527246.093116, 8, 6, 23, 236634266624, 32383739108848, 32384539108352, 237434271647, 237466271232, 32384571109978, -4.380000
1463527246.095010, 8, 7, 23, 236634266624, 42923445377180, 42924373377024, 237562273366, 237594273280, 42924405379167, -10.010000
1463527246.181974, 8, 0, 24, 243009246720, 46227485932869, 46227517932544, 243041248821, 243073248768, 46227549934517, -5.280000
1463527246.182532, 8, 1, 24, 243009246720, 48134621546086, 48134781545984, 243169248319, 243201248256, 48134813546422, -3.500000
1463527246.184820, 8, 2, 24, 243009246720, 52753743184638, 52754031184384, 243297250949, 243329250816, 52754063186288, -2.210000
1463527246.186838, 8, 3, 24, 243009246720, 50560372248746, 50560788248576, 243425252232, 243457251840, 50560820251038, -11.160000
1463527246.188922, 8, 4, 24, 243009246720, 52707115671181, 52707659671040, 243553251630, 243585251328, 52707691672047, -4.000000
1463527246.190903, 8, 5, 24, 243009246720, 53602483361766, 53603155361280, 243681252837, 243713252352, 53603187362349, -3.760000
1463527246.192846, 8, 6, 24, 243009246720, 32390114061430, 32390914061312, 243809252143, 243841251840, 32390946063034, -3.590000
1463527246.280526, 8, 0, 25, 249384220672, 46233860868088, 46233892867584, 249416222591, 249448222208, 46233924869227, -5.880000
1463527246.283775, 8, 1, 25, 249384220672, 48140996479975, 48141156479488, 249544221873, 249576221696, 48141188479801, -5.020000
1463527246.284217, 8, 2, 25, 249384220672, 52760118109281, 52760406109184, 249672225080, 249704224768, 52760438110926, -2.680000
1463527246.286575, 8, 3, 25, 249384220672, 50566747181531, 50567163181056, 249800225891, 249832225792, 50567195183786, -10.630000
1463527246.288591, 8, 4, 25, 249384220672, 52713490603134, 52714034603008, 249928225509, 249960225280, 52714066603972, -4.240000
1463527246.290589, 8, 5, 25, 249384220672, 53608858289581, 53609530289152, 250056226859, 250088226816, 53609562290658, -5.450000
1463527246.292520, 8, 6, 25, 249384220672, 32396489007737, 32397289007616, 250184226066, 250216225792, 32397321009340, -5.710000
1463527246.294541, 8, 7, 25, 249384220672, 42936195268441, 42937123268096, 250312227273, 250344226816, 42937155269888, -7.310000
1463527246.386549, 8, 3, 26, 255759207936, 50573122127497, 50573538127360, 256175213510, 256207213056, 50573570129768, -8.000000
1463527246.386868, 8, 2, 26, 255759207936, 52766493047113, 52766781046784, 256047212118, 256079212032, 52766813048754, -2.420000
1463527246.388490, 8, 4, 26, 255759207936, 52719865548303, 52720409548288, 256303212853, 256335212544, 52720441549148, -7.460000
1463527246.390370, 8, 5, 26, 255759207936, 53615233230567, 53615905230336, 256431214307, 256463214080, 53615937231658, -5.410000
1463527246.392591, 8, 6, 26, 255759207936, 32402863967281, 32403663967232, 256559213448, 256591213056, 32403695968890, -6.390000
1463527246.394389, 8, 7, 26, 255759207936, 42942570224329, 42943498224128, 256687214843, 256719214592, 42943530226266, -1.130000
1463527246.480537, 8, 0, 27, 262134172160, 46246610741801, 46246642741760, 262166174552, 262198174208, 46246674743457, -1.760000
1463527246.482165, 8, 1, 27, 262134172160, 48153746351018, 48153906350592, 262294173395, 262326173184, 48153938350843, -3.670000
1463527246.484083, 8, 2, 27, 262134172160, 52772867961813, 52773155961344, 262422176224, 262454175744, 52773187962930, -2.440000
1463527246.486154, 8, 3, 27, 262134172160, 50579497050351, 50579913050112, 262550177664, 262582177280, 50579945052600, -7.540000
1463527246.489674, 8, 4, 27, 262134172160, 52726240470376, 52726784470016, 262678176758, 262710176256, 52726816470696, -6.010000
1463527246.490086, 8, 5, 27, 262134172160, 53621608148453, 53622280147968, 262806178316, 262838178304, 53622312149527, -2.640000
1463527246.492116, 8, 6, 27, 262134172160, 32409238903679, 32410038903296, 262934177372, 262966177280, 32410070905266, -5.920000
1463527246.580063, 8, 0, 28, 268509149696, 46252985680285, 46253017679872, 268541151729, 268573151232, 46253049681439, -2.490000
1463527246.581900, 8, 1, 28, 268509149696, 48160121288174, 48160281287680, 268669150862, 268701150720, 48160313287997, -3.720000
1463527246.583934, 8, 2, 28, 268509149696, 52779242889705, 52779530889216, 268797153759, 268829153280, 52779562890825, -1.460000
1463527246.586239, 8, 3, 28, 268509149696, 50585871986356, 50586287986176, 268925155248, 268957154816, 50586319988620, -8.130000
1463527246.587890, 8, 4, 28, 268509149696, 52732615405629, 52733159405568, 269053154607, 269085154304, 52733191406446, -4.140000
1463527246.590949, 8, 5, 28, 268509149696, 53627983079529, 53628655079424, 269181156280, 269213155840, 53628687080572, -2.630000
1463527246.592100, 8, 6, 28, 268509149696, 32415613853284, 32416413853184, 269309155230, 269341154816, 32416445854836, -3.210000
1463527246.679843, 8, 0, 29, 274884127232, 46259360618669, 46259392618496, 274916129505, 274948129280, 46259424620327, -3.600000
1463527246.681627, 8, 1, 29, 274884127232, 48166496225224, 48166656224768, 275044128423, 275076128256, 48166688225051, -3.360000
1463527246.683823, 8, 2, 29, 274884127232, 52785617817500, 52785905817088, 275172131393, 275204131328, 52785937819114, -1.790000
1463527246.685833, 8, 3, 29, 274884127232, 50592246922307, 50592662922240, 275300132918, 275332132864, 50592694925048, -8.890000
1463527246.687760, 8, 4, 29, 274884127232, 52738990340780, 52739534340608, 275428132023, 275460131840, 52739566341604, -6.020000
1463527246.690366, 8, 5, 29, 274884127232, 53634358010495, 53635030010368, 275556133807, 275588133376, 53635062011533, -2.500000
1463527246.693807, 8, 6, 29, 274884127232, 32421988802767, 32422788802560, 275684132657, 275716132352, 32422820804329, -3.550000
1463527246.694050, 8, 7, 29, 274884127232, 42961695048282, 42962623048192, 275812134247, 275844133888, 42962655049956, -14.620000
1463527246.779488, 8, 0, 30, 281259113984, 46265735566134, 46265767565824, 281291116098, 281323116032, 46265799567781, -4.750000
1463527246.781465, 8, 1, 30, 281259113984, 48172871171372, 48173031171072, 281419115324, 281451115008, 48173063171193, -4.500000
1463527246.783400, 8, 2, 30, 281259113984, 52791992754378, 52792280754176, 281547118344, 281579118080, 52792312755997, -2.650000
1463527246.785523, 8, 3, 30, 281259113984, 50598621867329, 50599037867008, 281675119415, 281707119104, 50599069869561, -8.090000
1463527246.787409, 8, 4, 30, 281259113984, 52745365285014, 52745909284864, 281803118732, 281835118592, 52745941285820, -8.380000
1463527246.789426, 8, 5, 30, 281259113984, 53640732950562, 53641404950528, 281931120667, 281963120640, 53641436952105, -2.760000
1463527246.791457, 8, 6, 30, 281259113984, 32428363761381, 32429163761152, 282059119415, 282091119104, 32429195762913, -4.020000
1463527246.795774, 8, 7, 30, 281259113984, 42968070003104, 42968998002688, 282187120696, 282219120640, 42969030004772, -14.970000
1463527246.879285, 8, 0, 31, 287634081792, 46272110494574, 46272142494208, 287666083850, 287698083840, 46272174496233, -4.660000
1463527246.881170, 8, 1, 31, 287634081792, 48179246098466, 48179406098432, 287794083386, 287826083328, 48179438098795, -4.980000
1463527246.883345, 8, 2, 31, 287634081792, 52798367672210, 52798655671808, 287922085960, 287954085888, 52798687673826, -2.320000
1463527246.885171, 8, 3, 31, 287634081792, 50604996793326, 50605412792832, 288050087078, 288082086912, 50605444795547, -8.160000
1463527246.887184, 8, 4, 31, 287634081792, 52751740210217, 52752284210176, 288178086633, 288210086400, 52752316211005, -10.850000
1463527246.889196, 8, 5, 31, 287634081792, 53647107871574, 53647779871232, 288306088169, 288338087936, 53647811872597, -2.940000
1463527246.891181, 8, 6, 31, 287634081792, 32434738700925, 32435538700800, 288434087340, 288466086912, 32435570702447, -4.990000
1463527246.893423, 8, 7, 31, 287634081792, 42974444938676, 42975372938240, 288562088278, 288594087936, 42975404940010, -12.190000
1463527246.979027, 8, 0, 32, 294009059840, 46278485433136, 46278517432832, 294041061968, 294073061888, 46278549434784, -4.700000
1463527246.980960, 8, 1, 32, 294009059840, 48185621035692, 48185781035520, 294169061298, 294201060864, 48185813035508, -4.430000
1463527246.983010, 8, 2, 32, 294009059840, 52804742600162, 52805030599680, 294297063918, 294329063424, 52805062601258, -2.040000
1463527246.985042, 8, 3, 32, 294009059840, 50611371729445, 50611787729408, 294425065591, 294457065472, 50611819732176, -9.640000
1463527246.987106, 8, 4, 32, 294009059840, 52758115145553, 52758659145216, 294553064375, 294585063936, 52758691145818, -11.860000
1463527246.989137, 8, 5, 32, 294009059840, 53653482802724, 53654154802688, 294681066559, 294713066496, 53654186804233, -3.200000
1463527246.990976, 8, 6, 32, 294009059840, 32441113650590, 32441913650176, 294809065085, 294841064960, 32441945652089, -5.470000
1463527246.992921, 8, 7, 32, 294009059840, 42980819884561, 42981747884544, 294937066724, 294969066496, 42981779886411, -14.080000
1463527247.078792, 8, 0, 33, 300384034816, 46284860368520, 46284892368384, 300416037119, 300448036864, 46284924370169, -4.910000
1463527247.080825, 8, 1, 33, 300384034816, 48191995969747, 48192155969536, 300544036226, 300576035840, 48192187969560, -4.390000
1463527247.082690, 8, 2, 33, 300384034816, 52811117524958, 52811405524480, 300672038911, 300704038400, 52811437526044, -2.250000
1463527247.084715, 8, 3, 33, 300384034816, 50617746662385, 50618162661888, 300800040129, 300832039936, 50618194664613, -8.650000
1463527247.086710, 8, 4, 33, 300384034816, 52764490077753, 52765034077696, 300928039682, 300960039424, 52765066078507, -8.680000
1463527247.088735, 8, 5, 33, 300384034816, 53659857730707, 53660529730560, 301056041441, 301088040960, 53660561731686, -3.230000
1463527247.090759, 8, 6, 33, 300384034816, 32447488597080, 32448288596992, 301184040369, 301216039936, 32448320598577, -8.540000
1463527247.092843, 8, 7, 33, 300384034816, 42987194827306, 42988122827264, 301312041740, 301344041472, 42988154829184, -7.270000
1463527247.178610, 8, 0, 34, 306759015424, 46291235309428, 46291267309056, 306791017491, 306823017472, 46291299311079, -4.330000
1463527247.180473, 8, 1, 34, 306759015424, 48198370909315, 48198530909184, 306919016904, 306951016448, 48198562909111, -3.910000
1463527247.182473, 8, 2, 34, 306759015424, 52817492455259, 52817780454912, 307047019655, 307079019520, 52817812456863, -2.460000
1463527247.184517, 8, 3, 34, 306759015424, 50624121600860, 50624537600512, 307175020911, 307207020544, 50624569603050, -7.420000
1463527247.186495, 8, 4, 34, 306759015424, 52770865015456, 52771409015296, 307303020228, 307335020032, 52771441016228, -5.340000
1463527247.188505, 8, 5, 34, 306759015424, 53666232664182, 53666904664064, 307431022083, 307463022080, 53666936665676, -3.470000
1463527247.190631, 8, 6, 34, 306759015424, 32453863549125, 32454663548928, 307559020926, 307591020544, 32454695550624, -6.060000
1463527247.278368, 8, 0, 35, 313134000128, 46297610254326, 46297642253824, 313166002045, 313198001664, 46297674255473, -3.840000
1463527247.280261, 8, 1, 35, 313134000128, 48204745852877, 48204905852416, 313294001272, 313326001152, 48204937852682, -3.330000
1463527247.282290, 8, 2, 35, 313134000128, 52823867389567, 52824155389440, 313422004594, 313454004224, 52824187391165, -1.870000
1463527247.284385, 8, 3, 35, 313134000128, 50630496543335, 50630912543232, 313550005891, 313582005760, 50630944546011, -7.440000
1463527247.286478, 8, 4, 35, 313134000128, 52777239957165, 52777783956992, 313678004936, 313710004736, 52777815957911, -3.370000
1463527247.288443, 8, 5, 35, 313134000128, 53672607601677, 53673279601664, 313806006913, 313838006784, 53673311603154, -3.610000
1463527247.290380, 8, 6, 35, 313134000128, 32460238505206, 32461038504960, 313934005682, 313966005248, 32461070506673, -3.490000
1463527247.292308, 8, 7, 35, 313134000128, 42999944727865, 43000872727552, 314062006890, 314094006784, 43000904729647, -7.390000
1463527247.378572, 8, 0, 36, 319510166528, 46303986380822, 46304018380800, 319542168954, 319574168576, 46304050382461, -4.110000
1463527247.380291, 8, 1, 36, 319510166528, 48211121978021, 48211281977856, 319670167973, 319702167552, 48211313977808, -2.850000
1463527247.382210, 8, 2, 36, 319510166528, 52830243505446, 52830531505152, 319798170825, 319830170624, 52830563507031, -3.330000
1463527247.384575, 8, 3, 36, 319510166528, 50636872667341, 50637288667136, 319926172189, 319958172160, 50637320670056, -7.300000
1463527247.386141, 8, 4, 36, 319510166528, 52783616080424, 52784160080384, 320054171473, 320086171136, 52784192081163, -3.740000
1463527247.388141, 8, 5, 36, 319510166528, 53678983720712, 53679655720448, 320182173048, 320214172672, 53679687721675, -3.140000
1463527247.390085, 8, 6, 36, 319510166528, 32466614642808, 32467414642688, 320310172211, 320342172160, 32467446644774, -3.030000
1463527247.478068, 8, 0, 37, 325885679616, 46310361853888, 46310393853440, 325917681599, 325949681152, 46310425855026, -6.070000
1463527247.479920, 8, 1, 37, 325885679616, 48217497449748, 48217657449472, 326045680935, 326077680640, 48217689449539, -2.790000
1463527247.481931, 8, 2, 37, 325885679616, 52836618967909, 52836906967552, 326173683845, 326205683712, 52836938969506, -3.380000
1463527247.483918, 8, 3, 37, 325885679616, 50643248137976, 50643664137728, 326301685242, 326333684736, 50643696140157, -7.520000
1463527247.485965, 8, 4, 37, 325885679616, 52789991550289, 52790535549952, 326429684267, 326461684224, 52790567551015, -6.700000
1463527247.487936, 8, 5, 37, 325885679616, 53685359186381, 53686031185920, 326557685956, 326589685760, 53686063187311, -4.810000
1463527247.489852, 8, 6, 37, 325885679616, 32472990127021, 32473790126592, 326685685006, 326717684736, 32473822128431, -3.050000
1463527247.491841, 8, 7, 37, 325885679616, 43012696342153, 43013624342016, 326813686650, 326845686272, 43013656344039, -5.390000
1463527247.578722, 8, 0, 38, 332260663296, 46316736797477, 46316768797184, 332292665456, 332324665344, 46316800799107, -5.650000
1463527247.579729, 8, 1, 38, 332260663296, 48223872391966, 48224032391680, 332420664612, 332452664320, 48224064391763, -3.110000
1463527247.581582, 8, 2, 38, 332260663296, 52842993900886, 52843281900544, 332548667565, 332580667392, 52843313902461, -3.050000
1463527247.583686, 8, 3, 38, 332260663296, 50649623079090, 50650039078912, 332676668996, 332708668928, 50650071081766, -7.820000
1463527247.585758, 8, 4, 38, 332260663296, 52796366490638, 52796910490624, 332804668256, 332836667904, 52796942491359, -8.570000
1463527247.587590, 8, 5, 38, 332260663296, 53691734122512, 53692406122496, 332932670083, 332964669952, 53692438123952, -6.320000
1463527247.589731, 8, 6, 38, 332260663296, 32479365081692, 32480165081600, 333060668997, 333092668928, 32480197083640, -3.970000
1463527247.591609, 8, 7, 38, 332260663296, 43019071293198, 43019999292928, 333188670167, 333220669952, 43020031294975, -4.870000
1463527247.678595, 8, 0, 39, 338635674624, 46323111768598, 46323143768576, 338667677036, 338699676672, 46323175770248, -6.650000
1463527247.679048, 8, 1, 39, 338635674624, 48230247361746, 48230407361536, 338795676018, 338827675648, 48230439361528, -3.610000
1463527247.681420, 8, 2, 39, 338635674624, 52849368861404, 52849656861184, 338923679024, 338955678720, 52849688862984, -2.980000
1463527247.685367, 8, 4, 39, 338635674624, 52802741458534, 52803285458432, 339179679471, 339211679232, 52803317459272, -11.360000
1463527247.687586, 8, 5, 39, 338635674624, 53698109086202, 53698781085696, 339307680905, 339339680768, 53698813087136, -7.890000
1463527247.689401, 8, 6, 39, 338635674624, 32485740063938, 32486540063744, 339435680230, 339467679744, 32486572065354, -4.840000
1463527247.780484, 8, 1, 40, 345010661376, 48236622306846, 48236782306816, 345170662947, 345202662912, 48236814307142, -3.780000
1463527247.780255, 8, 0, 40, 345010661376, 46329486715058, 46329518714880, 345042663632, 345074663424, 46329550716696, -5.000000
1463527247.780913, 8, 2, 40, 345010661376, 52855743797257, 52856031797248, 345298665996, 345330665984, 52856063799340, -3.490000
1463527247.783189, 8, 3, 40, 345010661376, 50662372991781, 50662788991488, 345426666999, 345458666496, 50662820993931, -7.580000
1463527247.785174, 8, 4, 40, 345010661376, 52809116401775, 52809660401664, 345554666204, 345586665984, 52809692402487, -13.770000
1463527247.787179, 8, 5, 40, 345010661376, 53704484025228, 53705156024832, 345682667780, 345714667520, 53705188026144, -8.670000
1463527247.789182, 8, 6, 40, 345010661376, 32492115021503, 32492915021312, 345810666967, 345842666496, 32492947022910, -6.440000
1463527247.791151, 8, 7, 40, 345010661376, 43031821225584, 43032749225472, 345938668609, 345970668544, 43032781227829, -3.330000
1463527247.877006, 8, 0, 41, 351383830528, 46335859843814, 46335891843584, 351415832713, 351447832576, 46335923845471, -4.880000
1463527247.878871, 8, 1, 41, 351383830528, 48242995434262, 48243155433984, 351543831856, 351575831552, 48243187434031, -4.140000
1463527247.881598, 8, 2, 41, 351383830528, 52862116915434, 52862404915200, 351671834950, 351703834624, 52862436916995, -3.550000
1463527247.885136, 8, 4, 41, 351383830528, 52815489527352, 52816033527296, 351927835421, 351959835136, 52816065528041, -12.150000
1463527247.887114, 8, 5, 41, 351383830528, 53710857146575, 53711529146368, 352055837138, 352087836672, 53711561147488, -7.700000
1463527247.888648, 8, 6, 41, 351383830528, 32498488161404, 32499288161280, 352183836205, 352215836160, 32499320163312, -7.020000
1463527247.890877, 8, 7, 41, 351383830528, 43038194361764, 43039122361344, 352311837303, 352343837184, 43039154363478, -2.750000
1463527247.976685, 8, 0, 42, 357758824448, 46342234797252, 46342266797056, 357790826679, 357822826496, 46342298798892, -4.550000
1463527247.978631, 8, 1, 42, 357758824448, 48249370386324, 48249530385920, 357918825643, 357950825472, 48249562386099, -3.810000
1463527247.980621, 8, 2, 42, 357758824448, 52868491858249, 52868779857920, 358046828770, 358078828544, 52868811859812, -3.610000
1463527247.989616, 8, 6, 42, 357758824448, 32504863125965, 32505663125504, 358558829800, 358590829568, 32505695127346, -6.250000
1463527247.989185, 8, 4, 42, 357758824448, 52821864477577, 52822408477184, 358302829011, 358334828544, 52822440477760, -10.410000
1463527247.989407, 8, 5, 42, 357758824448, 53717232092577, 53717904092160, 358430830868, 358462830592, 53717936093466, -8.470000
1463527247.990718, 8, 7, 42, 357758824448, 43044569322426, 43045497321984, 358686831044, 358718830592, 43045529323791, -2.620000
1463527248.076460, 8, 0, 43, 364133806592, 46348609738825, 46348641738752, 364165808937, 364197808640, 46348673740462, -4.510000
1463527248.078412, 8, 1, 43, 364133806592, 48255745326541, 48255905326080, 364293807724, 364325807616, 48255937326317, -4.310000
1463527248.080612, 8, 2, 43, 364133806592, 52874866789222, 52875154788864, 364421810898, 364453810688, 52875186790775, -3.130000
1463527248.088711, 8, 6, 43, 364133806592, 32511238078690, 32512038078464, 364933812206, 364965811712, 32512070080046, -6.410000
1463527248.088460, 8, 5, 43, 364133806592, 53723607026714, 53724279026688, 364805813395, 364837813248, 53724311028097, -8.770000
1463527248.089084, 8, 4, 43, 364133806592, 52828239415945, 52828783415808, 364677811422, 364709811200, 52828815416631, -10.550000
1463527248.090569, 8, 7, 43, 364133806592, 43050944271590, 43051872271360, 365061813581, 365093813248, 43051904273280, -2.340000
1463527248.176309, 8, 0, 44, 370508777984, 46354984669552, 46355016669184, 370540780041, 370572780032, 46355048671209, -4.270000
1463527248.178196, 8, 1, 44, 370508777984, 48262120255917, 48262280255488, 370668779149, 370700779008, 48262312255697, -3.710000
1463527248.180186, 8, 2, 44, 370508777984, 52881241709344, 52881529709056, 370796782365, 370828782080, 52881561710889, -2.930000
1463527248.182230, 8, 3, 44, 370508777984, 50687870936400, 50688286936064, 370924783594, 370956783104, 50688318938542, -5.000000
1463527248.184237, 8, 4, 44, 370508777984, 52834614343478, 52835158343168, 371052782666, 371084782592, 52835190344170, -6.420000
1463527248.186325, 8, 5, 44, 370508777984, 53729981949993, 53730653949952, 371180784776, 371212784640, 53730685951400, -6.860000
1463527248.189267, 8, 6, 44, 370508777984, 32517613020536, 32518413020160, 371308783438, 371340783104, 32518445021902, -5.250000
1463527248.190282, 8, 7, 44, 370508777984, 43057319209740, 43058247209472, 371436784950, 371468784640, 43058279211259, -7.490000
1463527248.276140, 8, 0, 45, 376883765760, 46361359616599, 46361391616512, 376915768103, 376947767808, 46361423618232, -5.030000
1463527248.277953, 8, 1, 45, 376883765760, 48268495201606, 48268655201280, 377043767014, 377075766784, 48268687201376, -3.860000
1463527248.279992, 8, 2, 45, 376883765760, 52887616645767, 52887904645632, 377171770301, 377203769856, 52887936647318, -2.720000
1463527248.282072, 8, 3, 45, 376883765760, 50694245881005, 50694661880832, 377299771560, 377331771392, 50694693883628, -6.330000
1463527248.283984, 8, 4, 45, 376883765760, 52840989287300, 52841533286912, 377427770355, 377459769856, 52841565287508, -8.620000
1463527248.285998, 8, 5, 45, 376883765760, 53736356889616, 53737028889600, 377555772612, 377587772416, 53737060890982, -8.550000
1463527248.288020, 8, 6, 45, 376883765760, 32523987978719, 32524787978240, 377683771122, 377715770880, 32524819980066, -5.450000
1463527248.375905, 8, 0, 46, 383258732544, 46367734542553, 46367766542336, 383290734772, 383322734592, 46367798544179, -5.130000
1463527248.377760, 8, 1, 46, 383258732544, 48274870126226, 48275030126080, 383418733992, 383450733568, 48275062125996, -3.320000
1463527248.379772, 8, 2, 46, 383258732544, 52893991561118, 52894279560704, 383546736821, 383578736640, 52894311562654, -2.130000
1463527248.381579, 8, 3, 46, 383258732544, 50700620804479, 50701036804096, 383674738098, 383706737664, 50701068806595, -7.250000
1463527248.383789, 8, 4, 46, 383258732544, 52847364210098, 52847908209664, 383802737120, 383834736640, 52847940210239, -8.430000
1463527248.385893, 8, 5, 46, 383258732544, 53742731808128, 53743403807744, 383930739017, 383962738688, 53743435808991, -7.670000
1463527248.387893, 8, 6, 46, 383258732544, 32530362915827, 32531162915328, 384058737906, 384090737664, 32531194917163, -6.670000
1463527248.389824, 8, 7, 46, 383258732544, 43070069097416, 43070997096960, 384186739185, 384218738688, 43071029098569, -11.690000
1463527248.475706, 8, 0, 47, 389633707008, 46374109476113, 46374141475840, 389665709172, 389697709056, 46374173477743, -6.240000
1463527248.477533, 8, 1, 47, 389633707008, 48281245058480, 48281405058048, 389793708175, 389825708032, 48281437058242, -3.110000
1463527248.479722, 8, 2, 47, 389633707008, 52900366484072, 52900654483968, 389921711590, 389953711104, 52900686485608, -2.770000
1463527248.481533, 8, 3, 47, 389633707008, 50706995735604, 50707411735552, 390049712906, 390081712640, 50707443738227, -5.920000
1463527248.483565, 8, 4, 47, 389633707008, 52853739140448, 52854283140096, 390177711660, 390209711616, 52854315141111, -9.320000
1463527248.485621, 8, 5, 47, 389633707008, 53749106734249, 53749778734080, 390305713712, 390337713664, 53749810735627, -9.710000
1463527248.487604, 8, 6, 47, 389633707008, 32536737860527, 32537537860096, 390433712439, 390465712128, 32537569861851, -5.290000
1463527248.489714, 8, 7, 47, 389633707008, 43076444038424, 43077372038144, 390561713838, 390593713664, 43077404040060, -12.200000
1463527248.575467, 8, 0, 48, 396008683520, 46380484411635, 46380516411392, 396040685700, 396072685568, 46380548413285, -5.520000
1463527248.577327, 8, 1, 48, 396008683520, 48287619992715, 48287779992576, 396168684991, 396200684544, 48287811992479, -3.810000
1463527248.579305, 8, 2, 48, 396008683520, 52906741408988, 52907029408768, 396296687979, 396328687616, 52907061410523, -3.140000
1463527248.581273, 8, 3, 48, 396008683520, 50713370668689, 50713786668544, 396424689337, 396456689152, 50713818671289, -5.060000
1463527248.583293, 8, 4, 48, 396008683520, 52860114072785, 52860658072576, 396552688311, 396584688128, 52860690073449, -7.420000
1463527248.585607, 8, 5, 48, 396008683520, 53755481662368, 53756153661952, 396680689989, 396712689664, 53756185663209, -7.530000
1463527248.589308, 8, 7, 48, 396008683520, 43082818981582, 43083746981376, 396936690621, 396968690176, 43083778983036, -11.040000
1463527248.676167, 8, 0, 49, 402383667712, 46386859354789, 46386891354624, 402415669982, 402447669760, 46386923356439, -5.290000
1463527248.677334, 8, 1, 49, 402383667712, 48293994934590, 48294154934272, 402543668993, 402575668736, 48294186934365, -3.010000
1463527248.679059, 8, 2, 49, 402383667712, 52913116341525, 52913404341248, 402671672102, 402703671808, 52913436343073, -3.290000
1463527248.681100, 8, 3, 49, 402383667712, 50719745609398, 50720161609216, 402799673494, 402831673344, 50720193612007, -6.210000
1463527248.683093, 8, 4, 49, 402383667712, 52866489012758, 52867033012736, 402927672691, 402959672320, 52867065013412, -8.110000
1463527248.685091, 8, 5, 49, 402383667712, 53761856598076, 53762528598016, 403055674526, 403087674368, 53762560599418, -9.170000
1463527248.687082, 8, 6, 49, 402383667712, 32549487761517, 32550287761408, 403183673485, 403215673344, 32550319763327, -5.650000
1463527248.689075, 8, 7, 49, 402383667712, 43089193932004, 43090121931776, 403311674591, 403343674368, 43090153933636, -10.100000
1463527248.774891, 8, 0, 50, 408758644224, 46393234290187, 46393266290176, 408790646645, 408822646272, 46393298291822, -5.920000
1463527248.776813, 8, 1, 50, 408758644224, 48300369868721, 48300529868288, 408918645410, 408950645248, 48300561868489, -3.290000
1463527248.778801, 8, 2, 50, 408758644224, 52919491266325, 52919779266048, 409046648628, 409078648320, 52919811267844, -2.890000
1463527248.781176, 8, 3, 50, 408758644224, 50726120542347, 50726536542208, 409174650051, 409206649856, 50726568544951, -6.180000
1463527248.782796, 8, 4, 50, 408758644224, 52872863944977, 52873407944704, 409302648960, 409334648832, 52873439945624, -12.300000
1463527248.784841, 8, 5, 50, 408758644224, 53768231526040, 53768903525888, 409430650948, 409462650880, 53768935527392, -7.940000
1463527248.786854, 8, 6, 50, 408758644224, 32555862708048, 32556662707712, 409558649773, 409590649344, 32556694709352, -5.380000
1463527248.788835, 8, 7, 50, 408758644224, 43095568874878, 43096496874496, 409686650969, 409718650880, 43096528876667, -2.630000
1463527248.874731, 8, 0, 51, 415133607424, 46399609212226, 46399641211904, 415165609540, 415197609472, 46399673213866, -6.930000
1463527248.876682, 8, 1, 51, 415133607424, 48306744789500, 48306904788992, 415293608529, 415325608448, 48306936789260, -3.350000
1463527248.878654, 8, 2, 51, 415133607424, 52925866177753, 52926154177536, 415421611892, 415453611520, 52926186179281, -2.510000
1463527248.890757, 8, 6, 51, 415133607424, 32562237641243, 32563037641216, 415933613280, 415965613056, 32563069643050, -5.060000
1463527248.890205, 8, 3, 51, 415133607424, 50732495461941, 50732911461888, 415549613335, 415581613056, 50732943464554, -7.580000
1463527248.890405, 8, 4, 51, 415133607424, 52879238863834, 52879782863360, 415677611978, 415709611520, 52879814863981, -8.860000
1463527248.890583, 8, 5, 51, 415133607424, 53774606440653, 53775278440448, 415805614120, 415837614080, 53775310441989, -9.440000
1463527248.890934, 8, 7, 51, 415133607424, 43101943804336, 43102871803904, 416061614085, 416093614080, 43102903805990, -14.800000
1463527248.974554, 8, 0, 52, 421508620288, 46405984183853, 46406016183808, 421540622666, 421572622336, 46406048185483, -7.410000
1463527248.976508, 8, 1, 52, 421508620288, 48313119759860, 48313279759360, 421668621415, 421700621312, 48313311759624, -2.950000
1463527248.978410, 8, 2, 52, 421508620288, 52932241138768, 52932529138688, 421796624895, 421828624384, 52932561140284, -2.620000
1463527248.980353, 8, 3, 52, 421508620288, 50738870431157, 50739286430720, 421924625861, 421956625408, 50739318433260, -7.570000
1463527248.982376, 8, 4, 52, 421508620288, 52885613832291, 52886157832192, 422052625223, 422084624896, 52886189832934, -10.180000
1463527248.984852, 8, 5, 52, 421508620288, 53780981404850, 53781653404672, 422180627009, 422212626944, 53781685406179, -7.190000
1463527248.986464, 8, 6, 52, 421508620288, 32568612624030, 32569412623872, 422308626023, 422340625920, 32569444625839, -4.650000
1463527248.988332, 8, 7, 52, 421508620288, 43108318783476, 43109246782976, 422436626941, 422468626432, 43109278784552, -19.660000
1463527249.074196, 8, 0, 53, 427883560448, 46412359082744, 46412391082496, 427915562642, 427947562496, 46412423084375, -7.040000
1463527249.076234, 8, 1, 53, 427883560448, 48319494657470, 48319654657024, 428043561608, 428075561472, 48319686657223, -1.830000
1463527249.078149, 8, 2, 53, 427883560448, 52938616027035, 52938904026624, 428171564715, 428203564544, 52938936028559, -2.270000
1463527249.080654, 8, 3, 53, 427883560448, 50745245327617, 50745661327360, 428299566189, 428331566080, 50745693330211, -8.470000
1463527249.082121, 8, 4, 53, 427883560448, 52891988728004, 52892532727808, 428427565297, 428459565056, 52892564728637, -9.510000
1463527249.084280, 8, 5, 53, 427883560448, 53787356296303, 53788028296192, 428555567235, 428587567104, 53788060297642, -6.530000
1463527249.086590, 8, 6, 53, 427883560448, 32574987534079, 32575787533824, 428683566102, 428715566080, 32575819535868, -4.690000
1463527249.088221, 8, 7, 53, 427883560448, 43114693690001, 43115621689856, 428811567617, 428843567616, 43115653691926, -16.969999
1463527249.173989, 8, 0, 54, 434258542592, 46418734023553, 46418766023168, 434290544656, 434322544640, 46418798025200, -6.880000
1463527249.175907, 8, 1, 54, 434258542592, 48325869597006, 48326029596672, 434418543876, 434450543616, 48326061596757, -2.090000
1463527249.177882, 8, 2, 54, 434258542592, 52944990957225, 52945278957056, 434546547081, 434578546688, 52945310958742, -2.530000
1463527249.179919, 8, 3, 54, 434258542592, 50751620265995, 50752036265984, 434674548582, 434706548224, 50752068268583, -7.180000
1463527249.181874, 8, 4, 54, 434258542592, 52898363665656, 52898907665408, 434802547421, 434834547200, 52898939666283, -6.390000
1463527249.183906, 8, 5, 54, 434258542592, 53793731229698, 53794403229696, 434930549516, 434962549248, 53794435231006, -4.450000
1463527249.185916, 8, 6, 54, 434258542592, 32581362486064, 32582162485760, 435058548222, 435090547712, 32582194487344, -4.090000
1463527249.189703, 8, 7, 54, 434258542592, 43121068638283, 43121996638208, 435186549821, 435218549760, 43122028640395, -1.760000
