1463526854.793593, 8, 0, 0, 90011289088, 30002554471397, 30002586470912, 90043290978, 90075290624, 30002618472511, -9.660000
1463526854.793846, 8, 1, 0, 90011289088, 31909695235430, 31909855235072, 90171290708, 90203290624, 31909887235688, -2.200000
1463526854.794063, 8, 2, 0, 90011289088, 36528853527479, 36529141527040, 90299293112, 90331292672, 36529173528478, -1.510000
1463526854.794295, 8, 3, 0, 90011289088, 34335450531759, 34335866531328, 90427294504, 90459294208, 34335898533838, -3.450000
1463526854.794545, 8, 4, 0, 90011289088, 36482196710852, 36482740710400, 90555293604, 90587293184, 36482772710938, -4.370000
1463526854.794753, 8, 5, 0, 90011289088, 37377581781730, 37378253781504, 90683295631, 90715295232, 37378285782498, -2.710000
1463526854.794970, 8, 6, 0, 90011289088, 16165137455756, 16165937455616, 90811294564, 90843294208, 16165969457041, -8.830000
1463526854.800242, 8, 4, 2, 102762501632, 36494947833891, 36495491833856, 103306506551, 103338506240, 36495523834509, -3.020000
1463526854.799832, 8, 5, 1, 96386331648, 37383956775134, 37384628774912, 97058338198, 97090337792, 37384660775906, -2.840000
1463526854.799601, 8, 3, 2, 102762501632, 34348201656162, 34348617655808, 103178507130, 103210506752, 34348649658243, -2.930000
1463526854.799335, 8, 2, 1, 96386331648, 36535228517866, 36535516517376, 96674335629, 96706335232, 36535548518883, -1.420000
1463526854.799437, 8, 2, 2, 102762501632, 36541604635700, 36541892635648, 103050506038, 103082505728, 36541924637214, -1.340000
1463526854.799084, 8, 1, 1, 96386331648, 31916070235082, 31916230234624, 96546333170, 96578332672, 31916262234824, -1.960000
1463526854.799167, 8, 1, 2, 102762501632, 31922446362194, 31922606362112, 102922503520, 102954503168, 31922638362465, -1.920000
1463526854.800037, 8, 6, 1, 96386331648, 16171512468146, 16172312467968, 97186337080, 97218336768, 16172344469432, -9.020000
1463526854.798704, 8, 0, 1, 96386331648, 30008929472369, 30008961472000, 96418333642, 96450333184, 30008993473508, -10.420000
1463526854.798810, 8, 0, 2, 102762501632, 30015305600817, 30015337600512, 102794503706, 102826503680, 30015369602443, -9.880000
1463526854.801234, 8, 5, 2, 102762501632, 37390332895983, 37391004895744, 103434508157, 103466507776, 37391036896759, -2.600000
1463526854.802867, 8, 6, 2, 102762501632, 16177888607987, 16178688607744, 103562506996, 103594506752, 16178720609272, -9.150000
1463526854.889844, 8, 0, 3, 109137515520, 30021680573175, 30021712572928, 109169517638, 109201517568, 30021744574816, -9.810000
1463526854.891611, 8, 1, 3, 109137515520, 31928821333271, 31928981332992, 109297517221, 109329517056, 31929013333531, -2.070000
1463526854.893636, 8, 2, 3, 109137515520, 36547979597497, 36548267597312, 109425519807, 109457519616, 36548299599006, -1.430000
1463526854.895615, 8, 3, 3, 109137515520, 34354576626054, 34354992625664, 109553521014, 109585520640, 34355024628126, -3.120000
1463526854.897609, 8, 4, 3, 109137515520, 36501322803096, 36501866802688, 109681520082, 109713519616, 36501898803192, -3.200000
1463526854.900482, 8, 5, 3, 109137515520, 37396707860787, 37397379860480, 109809521977, 109841521664, 37397411861570, -2.400000
1463526854.901743, 8, 6, 3, 109137515520, 16184263591781, 16185063591424, 109937520769, 109969520640, 16185095593063, -9.780000
1463526854.989399, 8, 0, 4, 115510829568, 30028053845754, 30028085845504, 115542831691, 115574831616, 30028117847369, -9.910000
1463526854.991330, 8, 1, 4, 115510829568, 31935194604528, 31935354604032, 115670831038, 115702830592, 31935386604291, -1.860000
1463526854.993427, 8, 2, 4, 115510829568, 36554352859478, 36554640859136, 115798833697, 115830833664, 36554672860985, -1.290000
1463526854.995338, 8, 3, 4, 115510829568, 34360949896106, 34361365895680, 115926834984, 115958834688, 34361397898190, -3.590000
1463526854.997342, 8, 4, 4, 115510829568, 36507696072482, 36508240072192, 116054834240, 116086834176, 36508272073097, -3.180000
1463526854.999336, 8, 5, 4, 115510829568, 37403081125793, 37403753125376, 116182835910, 116214835712, 37403785126569, -2.590000
1463526855.003369, 8, 6, 4, 115510829568, 16190636875753, 16191436875264, 116310834675, 116342834176, 16191468876542, -9.040000
1463526855.003584, 8, 7, 4, 115510829568, 26730358427576, 26731286427136, 116438836389, 116470836224, 26731318429184, -9.760000
1463526855.089138, 8, 0, 5, 121886079488, 30034429054232, 30034461053952, 121918081600, 121950081536, 30034493055863, -9.330000
1463526855.091115, 8, 1, 5, 121886079488, 31941569811694, 31941729811456, 122046081209, 122078081024, 31941761811965, -1.980000
1463526855.093076, 8, 2, 5, 121886079488, 36560728057365, 36561016057344, 122174083939, 122206083584, 36561048058875, -1.160000
1463526855.095128, 8, 3, 5, 121886079488, 34367325102107, 34367741102080, 122302085312, 122334085120, 34367773104695, -3.660000
1463526855.097093, 8, 4, 5, 121886079488, 36514071277793, 36514615277568, 122430084216, 122462084096, 36514647278413, -2.880000
1463526855.099145, 8, 5, 5, 121886079488, 37409456326719, 37410128326656, 122558086182, 122590086144, 37410160328011, -2.280000
1463526855.101141, 8, 6, 5, 121886079488, 16197012095665, 16197812095488, 122686084903, 122718084608, 16197844096978, -8.500000
1463526855.105373, 8, 7, 5, 121886079488, 26736733643726, 26737661643264, 122814086299, 122846086144, 26737693645326, -9.210000
1463526855.188912, 8, 0, 6, 128261447680, 30040804381028, 30040836380672, 128293449721, 128325449216, 30040868382126, -8.670000
1463526855.191283, 8, 1, 6, 128261447680, 31947945137178, 31948105137152, 128421449634, 128453449216, 31948137137454, -2.200000
1463526855.192878, 8, 2, 6, 128261447680, 36567103373546, 36567391373312, 128549451916, 128581451776, 36567423375073, -1.740000
1463526855.194904, 8, 3, 6, 128261447680, 34373700426399, 34374116426240, 128677453379, 128709453312, 34374148428987, -3.830000
1463526855.197099, 8, 4, 6, 128261447680, 36520446601415, 36520990601216, 128805452435, 128837452288, 36521022602036, -3.530000
1463526855.198946, 8, 5, 6, 128261447680, 37415831645950, 37416503645696, 128933454177, 128965453824, 37416535646731, -2.660000
1463526855.200874, 8, 6, 6, 128261447680, 16203387433889, 16204187433472, 129061452846, 129093452800, 16204219435187, -9.040000
1463526855.288709, 8, 0, 7, 134637063680, 30047179955688, 30047211955200, 134669065574, 134701065216, 30047243956800, -7.910000
1463526855.290682, 8, 1, 7, 134637063680, 31954320710517, 31954480710144, 134797065279, 134829065216, 31954512710769, -1.810000
1463526855.292737, 8, 2, 7, 134637063680, 36573478937595, 36573766937088, 134925067628, 134957067264, 36573798938605, -1.260000
1463526855.294692, 8, 3, 7, 134637063680, 34380075998574, 34380491998208, 135053069144, 135085068800, 34380524000654, -4.560000
1463526855.296677, 8, 4, 7, 134637063680, 36526822172900, 36527366172672, 135181068394, 135213068288, 36527398173535, -3.750000
1463526855.298689, 8, 5, 7, 134637063680, 37422207213056, 37422879213056, 135309070424, 135341070336, 37422911214357, -2.250000
1463526855.300715, 8, 6, 7, 134637063680, 16209763019979, 16210563019776, 135437069043, 135469068800, 16210595021301, -9.190000
1463526855.302673, 8, 7, 7, 134637063680, 26749484560479, 26750412560384, 135565070835, 135597070336, 26750444562117, -8.610000
1463526855.388458, 8, 0, 8, 141010941440, 30053553792141, 30053585792000, 141042943679, 141074943488, 30053617793777, -7.960000
1463526855.390388, 8, 1, 8, 141010941440, 31960694545635, 31960854545408, 141170943164, 141202942976, 31960886545905, -1.810000
1463526855.392429, 8, 2, 8, 141010941440, 36579852763459, 36580140763136, 141298945573, 141330945536, 36580172764975, -1.260000
1463526855.394583, 8, 3, 8, 141010941440, 34386449832548, 34386865832448, 141426947182, 141458947072, 34386897835142, -4.110000
1463526855.396381, 8, 4, 8, 141010941440, 36533196006203, 36533740005888, 141554946056, 141586946048, 36533772006842, -3.580000
1463526855.398526, 8, 5, 8, 141010941440, 37428581041964, 37429253041664, 141682947873, 141714947584, 37429285042768, -2.490000
1463526855.400611, 8, 6, 8, 141010941440, 16216136867884, 16216936867840, 141810946963, 141842946560, 16216968869218, -9.670000
1463526855.402382, 8, 7, 8, 141010941440, 26755858404631, 26756786404352, 141938948409, 141970948096, 26756818406264, -8.890000
1463526855.488697, 8, 0, 9, 147385974784, 30059928784253, 30059960783872, 147417976776, 147449976320, 30059992785378, -8.840000
1463526855.490216, 8, 1, 9, 147385974784, 31967069536419, 31967229536256, 147545976581, 147577976320, 31967261536692, -1.620000
1463526855.492245, 8, 2, 9, 147385974784, 36586227744960, 36586515744768, 147673979043, 147705978880, 36586547746486, -1.330000
1463526855.494244, 8, 3, 9, 147385974784, 34392824822179, 34393240821760, 147801980199, 147833979904, 34393272824272, -3.970000
1463526855.496302, 8, 4, 9, 147385974784, 36539570995164, 36540114994688, 147929979243, 147961978880, 36540146995296, -4.370000
1463526855.498300, 8, 5, 9, 147385974784, 37434956026529, 37435628026368, 148057981349, 148089980928, 37435660027349, -2.230000
1463526855.500239, 8, 6, 9, 147385974784, 16222511871456, 16223311870976, 148185979873, 148217979392, 16223343872272, -8.470000
1463526855.502228, 8, 7, 9, 147385974784, 26762233404426, 26763161404416, 148313982019, 148345981952, 26763193406592, -7.830000
1463526855.588209, 8, 0, 10, 153761014784, 30066303783078, 30066335782912, 153793017001, 153825016832, 30066367784716, -8.240000
1463526855.589991, 8, 1, 10, 153761014784, 31973444533924, 31973604533760, 153921016580, 153953016320, 31973636534199, -1.570000
1463526855.592109, 8, 2, 10, 153761014784, 36592602733169, 36592890733056, 154049019117, 154081018880, 36592922734691, -1.380000
1463526855.594001, 8, 3, 10, 153761014784, 34399199818526, 34399615818240, 154177020334, 154209019904, 34399647820626, -3.880000
1463526855.596044, 8, 4, 10, 153761014784, 36545945990832, 36546489990656, 154305019536, 154337019392, 36546521991479, -4.190000
1463526855.598107, 8, 5, 10, 153761014784, 37441331017822, 37442003017728, 154433021419, 154465020928, 37442035018634, -2.610000
1463526855.600007, 8, 6, 10, 153761014784, 16228886881721, 16229686881280, 154561019886, 154593019392, 16229718882567, -9.120000
1463526855.602005, 8, 7, 10, 153761014784, 26768608410961, 26769536410624, 154689021667, 154721021440, 26769568412617, -8.290000
1463526855.687856, 8, 0, 11, 160136052736, 30072678779943, 30072710779904, 160168055072, 160200054784, 30072742781574, -9.000000
1463526855.689716, 8, 1, 11, 160136052736, 31979819529451, 31979979529216, 160296054468, 160328054272, 31980011529728, -1.580000
1463526855.691756, 8, 2, 11, 160136052736, 36598977719422, 36599265719296, 160424057050, 160456056832, 36599297720949, -1.290000
1463526855.693761, 8, 3, 11, 160136052736, 34405574812911, 34405990812672, 160552058339, 160584057856, 34406022815005, -4.170000
1463526855.695768, 8, 4, 11, 160136052736, 36552320984544, 36552864984064, 160680057183, 160712056832, 36552896984689, -4.450000
1463526855.697766, 8, 5, 11, 160136052736, 37447706007138, 37448378007040, 160808059344, 160840058880, 37448410007968, -2.910000
1463526855.699774, 8, 6, 11, 160136052736, 16235261890041, 16236061889536, 160936057755, 160968057344, 16236093890887, -9.160000
1463526855.701843, 8, 7, 11, 160136052736, 26774983415499, 26775911415296, 161064059744, 161096059392, 26775943417196, -7.940000
1463526855.787513, 8, 0, 12, 166511088128, 30079053774320, 30079085773824, 166543090018, 166575089664, 30079117775448, -8.490000
1463526855.789653, 8, 1, 12, 166511088128, 31986194522477, 31986354522112, 166671089702, 166703089664, 31986386522771, -1.590000
1463526855.791504, 8, 2, 12, 166511088128, 36605352703169, 36605640702976, 166799092363, 166831092224, 36605672704721, -1.230000
1463526855.793507, 8, 3, 12, 166511088128, 34411949804789, 34412365804544, 166927093695, 166959093248, 34412397806897, -3.840000
1463526855.795667, 8, 4, 12, 166511088128, 36558695975775, 36559239975424, 167055092694, 167087092224, 36559271975917, -5.560000
1463526855.797603, 8, 5, 12, 166511088128, 37454080993967, 37454752993792, 167183094644, 167215094272, 37454784994806, -2.210000
1463526855.799528, 8, 6, 12, 166511088128, 16241636895876, 16242436895744, 167311093501, 167343093248, 16242468897249, -8.830000
1463526855.801471, 8, 7, 12, 166511088128, 26781358417573, 26782286417408, 167439095164, 167471094784, 26782318419254, -8.390000
1463526855.887375, 8, 0, 13, 172886134784, 30085428780040, 30085460780032, 172918137163, 172950136832, 30085492781680, -7.980000
1463526855.889293, 8, 1, 13, 172886134784, 31992569526877, 31992729526784, 173046136645, 173078136320, 31992761527157, -1.380000
1463526855.891234, 8, 2, 13, 172886134784, 36611727698281, 36612015697920, 173174138849, 173206138368, 36612047699306, -1.400000
1463526855.893301, 8, 3, 13, 172886134784, 34418324808024, 34418740807680, 173302140229, 173334139904, 34418772810157, -3.170000
1463526855.895334, 8, 4, 13, 172886134784, 36565070978339, 36565614978048, 173430139400, 173462139392, 36565646979017, -4.880000
1463526855.897336, 8, 5, 13, 172886134784, 37460455992158, 37461127991808, 173558141120, 173590140928, 37461159992995, -2.130000
1463526855.899309, 8, 6, 13, 172886134784, 16248011913069, 16248811912704, 173686139935, 173718139904, 16248843914431, -8.910000
1463526855.901267, 8, 7, 13, 172886134784, 26787733431017, 26788661430784, 173814141762, 173846141440, 26788693432714, -8.090000
1463526855.987147, 8, 0, 14, 179261166080, 30091803770483, 30091835770368, 179293168377, 179325168128, 30091867772120, -7.460000
1463526855.989165, 8, 1, 14, 179261166080, 31998944515969, 31999104515584, 179421167660, 179453167616, 31999136516256, -1.840000
1463526855.991129, 8, 2, 14, 179261166080, 36618102678082, 36618390678016, 179549170424, 179581170176, 36618422679635, -1.400000
1463526855.993065, 8, 3, 14, 179261166080, 34424699796010, 34425115795968, 179677171871, 179709171712, 34425147798623, -4.680000
1463526855.995126, 8, 4, 14, 179261166080, 36571445965629, 36571989965312, 179805170677, 179837170176, 36572021965796, -4.710000
1463526855.997068, 8, 5, 14, 179261166080, 37466830975061, 37467502974976, 179933172685, 179965172224, 37467534975907, -2.190000
1463526855.999018, 8, 6, 14, 179261166080, 16254386914952, 16255186914816, 180061171434, 180093171200, 16255218916340, -7.300000
1463526856.001046, 8, 7, 14, 179261166080, 26794108429171, 26795036428800, 180189172911, 180221172736, 26795068430877, -7.750000
1463526856.087618, 8, 0, 15, 185636201472, 30098178765099, 30098210764800, 185668203587, 185700203520, 30098242766747, -6.480000
1463526856.088821, 8, 1, 15, 185636201472, 32005319509264, 32005479508992, 185796203163, 185828203008, 32005511509542, -1.370000
1463526856.090830, 8, 2, 15, 185636201472, 36624477662084, 36624765661696, 185924205497, 185956205056, 36624797663129, -1.430000
1463526856.092877, 8, 3, 15, 185636201472, 34431074788134, 34431490787840, 186052206991, 186084206592, 34431522790261, -4.080000
1463526856.094860, 8, 4, 15, 185636201472, 36577820957106, 36578364956672, 186180205943, 186212205568, 36578396957281, -4.730000
1463526856.096995, 8, 5, 15, 185636201472, 37473205962144, 37473877961728, 186308207728, 186340207616, 37473909962996, -1.550000
1463526856.098960, 8, 6, 15, 185636201472, 16260761921040, 16261561921024, 186436206944, 186468206592, 16261593922437, -7.300000
1463526856.100819, 8, 7, 15, 185636201472, 26800483431493, 26801411431424, 186564208579, 186596208128, 26801443433227, -7.700000
1463526856.186705, 8, 0, 16, 192011250688, 30104553773620, 30104585773568, 192043253059, 192075252736, 30104617775259, -6.830000
1463526856.188620, 8, 1, 16, 192011250688, 32011694516444, 32011854516224, 192171252428, 192203252224, 32011886516731, -1.260000
1463526856.190627, 8, 2, 16, 192011250688, 36630852659990, 36631140659712, 192299254828, 192331254784, 36631172661539, -1.580000
1463526856.192567, 8, 3, 16, 192011250688, 34437449794169, 34437865794048, 192427256372, 192459256320, 34437897796820, -4.680000
1463526856.194675, 8, 4, 16, 192011250688, 36584195962481, 36584739962368, 192555255462, 192587255296, 36584771963180, -4.770000
1463526856.196625, 8, 5, 16, 192011250688, 37479580963116, 37480252962816, 192683257037, 192715256832, 37480284963998, -2.190000
1463526856.198607, 8, 6, 16, 192011250688, 16267136941038, 16267936940544, 192811255676, 192843255296, 16267968941924, -7.930000
1463526856.286504, 8, 0, 17, 198386273280, 30110928755625, 30110960755200, 198418275280, 198450274816, 30110992756743, -5.790000
1463526856.288487, 8, 1, 17, 198386273280, 32018069497132, 32018229496832, 198546274948, 198578274816, 32018261497423, -1.220000
1463526856.294660, 8, 3, 17, 198386273280, 34443824773722, 34444240773632, 198802278980, 198834278912, 34444272776362, -3.670000
1463526856.294473, 8, 2, 17, 198386273280, 36637227631383, 36637515631104, 198674277418, 198706277376, 36637547632929, -1.600000
1463526856.294837, 8, 4, 17, 198386273280, 36590570941352, 36591114940928, 198930277738, 198962277376, 36591146941537, -5.630000
1463526856.296605, 8, 5, 17, 198386273280, 37485955937597, 37486627937280, 199058279609, 199090279424, 37486659938481, -2.010000
1463526856.298473, 8, 6, 17, 198386273280, 16273511934498, 16274311934464, 199186278702, 199218278400, 16274343935923, -7.720000
1463526856.300454, 8, 7, 17, 198386273280, 26813233437382, 26814161437184, 199314280240, 199346279936, 26814193439144, -10.040000
1463526856.386157, 8, 0, 18, 204761312256, 30117303754075, 30117335753728, 204793314342, 204825314304, 30117367755710, -4.850000
1463526856.388151, 8, 1, 18, 204761312256, 32024444494265, 32024604493824, 204921313760, 204953313280, 32024636494055, -1.520000
1463526856.390164, 8, 2, 18, 204761312256, 36643602619217, 36643890618880, 205049316315, 205081315840, 36643922620252, -1.550000
1463526856.392156, 8, 3, 18, 204761312256, 34450199769713, 34450615769600, 205177317957, 205209317888, 34450647772340, -4.010000
1463526856.396162, 8, 5, 18, 204761312256, 37492330928526, 37493002928128, 205433318492, 205465318400, 37493034929415, -1.880000
1463526856.398266, 8, 6, 18, 204761312256, 16279886944433, 16280686944256, 205561317537, 205593317376, 16280718945862, -7.690000
1463526856.400144, 8, 7, 18, 204761312256, 26819608443534, 26820536443392, 205689319195, 205721318912, 26820568445334, -10.210000
1463526856.486345, 8, 0, 19, 211136351744, 30123678753143, 30123710752768, 211168353810, 211200353792, 30123742754773, -4.720000
1463526856.488038, 8, 1, 19, 211136351744, 32030819492023, 32030979491840, 211296353512, 211328353280, 32031011492322, -1.490000
1463526856.489941, 8, 2, 19, 211136351744, 36649977607661, 36650265607168, 211424355653, 211456355328, 36650297608722, -1.300000
1463526856.492089, 8, 3, 19, 211136351744, 34456574766289, 34456990766080, 211552357312, 211584356864, 34457022768445, -4.380000
1463526856.494000, 8, 4, 19, 211136351744, 36603320932590, 36603864932352, 211680356354, 211712356352, 36603896933318, -5.310000
1463526856.497570, 8, 5, 19, 211136351744, 37498705920071, 37499377920000, 211808358297, 211840357888, 37499409920976, -2.020000
1463526856.497792, 8, 6, 19, 211136351744, 16286261954988, 16287061954560, 211936356773, 211968356352, 16287093955911, -7.430000
1463526856.499948, 8, 7, 19, 211136351744, 26825983450373, 26826911450112, 212064358595, 212096358400, 26826943452157, -10.630000
1463526856.586814, 8, 0, 20, 217511387136, 30130053748198, 30130085747712, 217543389102, 217575388672, 30130117749324, -3.720000
1463526856.587517, 8, 1, 20, 217511387136, 32037194485760, 32037354485760, 217671389084, 217703388672, 32037386486065, -1.150000
1463526856.589804, 8, 2, 20, 217511387136, 36656352592105, 36656640591872, 217799391298, 217831391232, 36656672593683, -1.290000
1463526856.591734, 8, 3, 20, 217511387136, 34462949758880, 34463365758464, 217927392486, 217959392256, 34463397761045, -4.940000
1463526856.593720, 8, 4, 20, 217511387136, 36609695924518, 36610239924224, 218055391679, 218087391232, 36610271924731, -5.660000
1463526856.595740, 8, 5, 20, 217511387136, 37505080907591, 37505752907264, 218183393421, 218215393280, 37505784908509, -2.560000
1463526856.599736, 8, 6, 20, 217511387136, 16292636961518, 16293436961280, 218311392326, 218343392256, 16293468962982, -7.320000
1463526856.600143, 8, 7, 20, 217511387136, 26832358453170, 26833286452736, 218439393788, 218471393280, 26833318454464, -10.720000
1463526856.685514, 8, 0, 21, 223886424064, 30136428744881, 30136460744704, 223918426317, 223950426112, 30136492746524, -4.380000
1463526856.687412, 8, 1, 21, 223886424064, 32043569481134, 32043729480704, 224046425596, 224078425088, 32043761480931, -1.610000
1463526856.689479, 8, 2, 21, 223886424064, 36662727578179, 36663015578112, 224174428376, 224206428160, 36663047579749, -1.340000
1463526856.691700, 8, 3, 21, 223886424064, 34469324753098, 34469740752896, 224302429611, 224334429184, 34469772755270, -4.550000
1463526856.693453, 8, 4, 21, 223886424064, 36616070918101, 36616614917632, 224430428441, 224462428160, 36616646918312, -5.060000
1463526856.695440, 8, 5, 21, 223886424064, 37511455896761, 37512127896576, 224558430471, 224590430208, 37512159897687, -2.540000
1463526856.697577, 8, 6, 21, 223886424064, 16299011969701, 16299811969536, 224686429324, 224718429184, 16299843971172, -6.730000
1463526856.699556, 8, 7, 21, 223886424064, 26838733457591, 26839661457408, 224814430936, 224846430720, 26839693459443, -10.060000
1463526856.785270, 8, 0, 22, 230261459456, 30142803740121, 30142835739648, 230293461416, 230325460992, 30142867741257, -4.520000
1463526856.787369, 8, 1, 22, 230261459456, 32049944475060, 32050104474624, 230421460980, 230453460480, 32050136474846, -1.730000
1463526856.789424, 8, 2, 22, 230261459456, 36669102562824, 36669390562816, 230549463823, 230581463552, 36669422564397, -1.300000
1463526856.791251, 8, 3, 22, 230261459456, 34475699745877, 34476115745792, 230677465112, 230709465088, 34476147748587, -3.580000
1463526856.793244, 8, 4, 22, 230261459456, 36622445910234, 36622989910016, 230805464080, 230837464064, 36623021910977, -4.540000
1463526856.795210, 8, 5, 22, 230261459456, 37517830884492, 37518502884352, 230933465904, 230965465600, 37518534885419, -2.600000
1463526856.797229, 8, 6, 22, 230261459456, 16305386976426, 16306186976256, 231061464682, 231093464576, 16306218977922, -7.150000
1463526856.799365, 8, 7, 22, 230261459456, 26845108460638, 26846036460544, 231189466440, 231221466112, 26846068462458, -8.490000
1463526856.885425, 8, 0, 23, 236636495872, 30149178736488, 30149210736128, 236668497919, 236700497408, 30149242737624, -6.170000
1463526856.887041, 8, 1, 23, 236636495872, 32056319470079, 32056479469568, 236796497301, 236828496896, 32056511469876, -1.330000
1463526856.889154, 8, 2, 23, 236636495872, 36675477548580, 36675765548544, 236924500215, 236956499968, 36675797550170, -1.500000
1463526856.890991, 8, 3, 23, 236636495872, 34482074739804, 34482490739712, 237052501531, 237084501504, 34482522742493, -5.410000
1463526856.892985, 8, 4, 23, 236636495872, 36628820903483, 36629364903424, 237180500653, 237212500480, 36629396904239, -2.910000
1463526856.895011, 8, 5, 23, 236636495872, 37524205873330, 37524877873152, 237308502258, 237340502016, 37524909874277, -3.310000
1463526856.896984, 8, 6, 23, 236636495872, 16311761984306, 16312561984000, 237436500976, 237468500480, 16312593985295, -6.600000
1463526856.984989, 8, 0, 24, 243011538432, 30155553739094, 30155585738752, 243043540514, 243075540480, 30155617740747, -5.390000
1463526856.986801, 8, 1, 24, 243011538432, 32062694471343, 32062854471168, 243171540207, 243203539968, 32062886471658, -1.810000
1463526856.988748, 8, 2, 24, 243011538432, 36681852540575, 36682140540416, 243299542656, 243331542528, 36682172542166, -1.440000
1463526856.990779, 8, 3, 24, 243011538432, 34488449739960, 34488865739776, 243427544022, 243459543552, 34488897742124, -3.650000
1463526856.992863, 8, 4, 24, 243011538432, 36635195902954, 36635739902464, 243555542740, 243587542528, 36635771903215, -1.580000
1463526856.994764, 8, 5, 24, 243011538432, 37530580868402, 37531252868096, 243683544680, 243715544576, 37531284869357, -3.940000
1463526856.996797, 8, 6, 24, 243011538432, 16318136998394, 16318936997888, 243811543327, 243843543040, 16318968999396, -5.740000
1463526857.084555, 8, 0, 25, 249386569216, 30161928730045, 30161960729600, 249418571209, 249450570752, 30161992731184, -3.600000
1463526857.086621, 8, 1, 25, 249386569216, 32069069460930, 32069229460480, 249546570695, 249578570240, 32069261460730, -2.200000
1463526857.088628, 8, 2, 25, 249386569216, 36688227520892, 36688515520512, 249674573212, 249706572800, 36688547521973, -1.480000
1463526857.090538, 8, 3, 25, 249386569216, 34494824728407, 34495240728064, 249802574634, 249834574336, 34495272730609, -3.720000
1463526857.093280, 8, 4, 25, 249386569216, 36641570890773, 36642114890752, 249930573988, 249962573824, 36642146891548, -1.780000
1463526857.094815, 8, 5, 25, 249386569216, 37536955851812, 37537627851776, 250058575724, 250090575360, 37537659852782, -4.830000
1463526857.096669, 8, 6, 25, 249386569216, 16324512000835, 16325312000512, 250186574279, 250218573824, 16325344001839, -4.910000
1463526857.098639, 8, 7, 25, 249386569216, 26864233473673, 26865161473536, 250314576111, 250346575872, 26865193475527, -7.450000
1463526857.184422, 8, 0, 26, 255761606656, 30168303727724, 30168335727616, 255793608943, 255825608704, 30168367729374, -4.610000
1463526857.186337, 8, 1, 26, 255761606656, 32075444457260, 32075604456960, 255921608281, 255953608192, 32075636457576, -2.570000
1463526857.189582, 8, 2, 26, 255761606656, 36694602507957, 36694890507776, 256049610850, 256081610752, 36694922509553, -1.310000
1463526857.190380, 8, 3, 26, 255761606656, 34501199723613, 34501615723520, 256177612306, 256209612288, 34501647726350, -3.710000
1463526857.192369, 8, 4, 26, 255761606656, 36647945885332, 36648489885184, 256305611294, 256337611264, 36648521886109, -4.300000
1463526857.194501, 8, 5, 26, 255761606656, 37543330841954, 37544002841600, 256433612833, 256465612800, 37544034842927, -4.690000
1463526857.196488, 8, 6, 26, 255761606656, 16330887009985, 16331687009792, 256561611824, 256593611776, 16331719011528, -7.780000
1463526857.284241, 8, 0, 27, 262136650240, 30174678731694, 30174710731264, 262168652233, 262200651776, 30174742732822, -3.460000
1463526857.286198, 8, 1, 27, 262136650240, 32081819459844, 32081979459584, 262296651890, 262328651776, 32082011460157, -2.460000
1463526857.288182, 8, 2, 27, 262136650240, 36700977501286, 36701265501184, 262424654537, 262456654336, 36701297502884, -1.630000
1463526857.290093, 8, 3, 27, 262136650240, 34507574725087, 34507990724608, 262552655494, 262584655360, 34508022727286, -3.130000
1463526857.293667, 8, 4, 27, 262136650240, 36654320886136, 36654864885760, 262680654615, 262712654336, 36654896886418, -1.730000
1463526857.293877, 8, 5, 27, 262136650240, 37549705838367, 37550377838080, 262808656466, 262840656384, 37550409839345, -4.240000
1463526857.383917, 8, 0, 28, 268511681024, 30181053722918, 30181085722624, 268543683130, 268575683072, 30181117724562, -3.490000
1463526857.385866, 8, 1, 28, 268511681024, 32088194449713, 32088354449408, 268671682623, 268703682560, 32088386450038, -3.160000
1463526857.387896, 8, 2, 28, 268511681024, 36707352481886, 36707640481792, 268799685328, 268831685120, 36707672483487, -1.680000
1463526857.389878, 8, 3, 28, 268511681024, 34513949713830, 34514365713408, 268927686336, 268959686144, 34514397716033, -3.420000
1463526857.391845, 8, 4, 28, 268511681024, 36660695874242, 36661239874048, 269055685581, 269087685120, 36661271874528, -3.620000
1463526857.394226, 8, 5, 28, 268511681024, 37556080822053, 37556752821760, 269183687253, 269215687168, 37556784823051, -2.580000
1463526857.395771, 8, 6, 28, 268511681024, 16343637028110, 16344437027840, 269311686090, 269343685632, 16344469029159, -7.080000
1463526857.397817, 8, 7, 28, 268511681024, 26883358489662, 26884286489600, 269439687903, 269471687680, 26884318491578, -8.120000
1463526857.484505, 8, 0, 29, 274886714880, 30187428717316, 30187460717056, 274918717001, 274950716928, 30187492718956, -4.640000
1463526857.485782, 8, 1, 29, 274886714880, 32094569442773, 32094729442304, 275046716313, 275078715904, 32094761442585, -2.830000
1463526857.487770, 8, 2, 29, 274886714880, 36713727465645, 36714015465472, 275174719100, 275206718976, 36714047467261, -1.440000
1463526857.489655, 8, 3, 29, 274886714880, 34520324705741, 34520740705280, 275302720130, 275334720000, 34520772707971, -3.250000
1463526857.492048, 8, 4, 29, 274886714880, 36667070865517, 36667614865408, 275430719513, 275462719488, 36667646866314, -3.810000
1463526857.493673, 8, 5, 29, 274886714880, 37562455808917, 37563127808512, 275558720997, 275590720512, 37563159809400, -3.540000
1463526857.497286, 8, 6, 29, 274886714880, 16350012033994, 16350812033536, 275686719773, 275718719488, 16350844035065, -4.200000
1463526857.497790, 8, 7, 29, 274886714880, 26889733491802, 26890661491712, 275814721719, 275846721536, 26890693493730, -9.480000
1463526857.583648, 8, 0, 30, 281261753856, 30193803716928, 30193835716608, 281293755910, 281325755904, 30193867718583, -3.040000
1463526857.585425, 8, 1, 30, 281261753856, 32100944441028, 32101104440832, 281421755565, 281453755392, 32101136441359, -2.480000
1463526857.587521, 8, 2, 30, 281261753856, 36720102454622, 36720390454272, 281549757903, 281581757440, 36720422455732, -1.170000
1463526857.589582, 8, 3, 30, 281261753856, 34526699702855, 34527115702784, 281677759493, 281709759488, 34527147705604, -3.070000
1463526857.591575, 8, 4, 30, 281261753856, 36673445861972, 36673989861888, 281805758485, 281837758464, 36674021862793, -3.220000
1463526857.593447, 8, 5, 30, 281261753856, 37568830800977, 37569502800896, 281933760293, 281965760000, 37569534802000, -4.990000
1463526857.595614, 8, 6, 30, 281261753856, 16356387045074, 16357187044864, 282061758976, 282093758976, 16357219046663, -2.400000
1463526857.597467, 8, 7, 30, 281261753856, 26896108499153, 26897036498944, 282189760554, 282221760512, 26897068501114, -6.970000
1463526857.683238, 8, 0, 31, 287636791808, 30200178715634, 30200210715136, 287668793682, 287700793344, 30200242716774, -2.540000
1463526857.685185, 8, 1, 31, 287636791808, 32107319438365, 32107479438336, 287796793663, 287828793344, 32107511438693, -3.610000
1463526857.687361, 8, 2, 31, 287636791808, 36726477442673, 36726765442560, 287924796096, 287956795904, 36726797444297, -1.060000
1463526857.691191, 8, 4, 31, 287636791808, 36679820857524, 36680364857344, 288180796330, 288212795904, 36680396857840, -3.260000
1463526857.693182, 8, 5, 31, 287636791808, 37575205792105, 37575877791744, 288308797952, 288340797952, 37575909793127, -4.690000
1463526857.695353, 8, 6, 31, 287636791808, 16362762055228, 16363562055168, 288436797074, 288468796928, 16363594056822, -3.260000
1463526857.697144, 8, 7, 31, 287636791808, 26902483505599, 26903411505152, 288564798259, 288596797952, 26903443507058, -8.920000
1463526857.783265, 8, 0, 32, 294011838464, 30206553723111, 30206585722880, 294043840587, 294075840512, 30206617724781, -3.140000
1463526857.786288, 8, 1, 32, 294011838464, 32113694444506, 32113854444032, 294171839884, 294203839488, 32113886444325, -3.000000
1463526857.787053, 8, 2, 32, 294011838464, 36732852439524, 36733140439040, 294299842372, 294331842048, 36733172440627, -1.610000
1463526857.788946, 8, 3, 32, 294011838464, 34539449704044, 34539865703936, 294427844034, 294459843584, 34539897706279, -4.290000
1463526857.790915, 8, 4, 32, 294011838464, 36686195861873, 36686739861504, 294555842775, 294587842560, 36686771862195, -3.230000
1463526857.792942, 8, 5, 32, 294011838464, 37581580792022, 37582252791808, 294683844728, 294715844608, 37582284793072, -2.870000
1463526857.794993, 8, 6, 32, 294011838464, 16369137074172, 16369937073664, 294811843242, 294843843072, 16369969075268, -4.590000
1463526857.796974, 8, 7, 32, 294011838464, 26908858520840, 26909786520576, 294939845106, 294971844608, 26909818522333, -4.560000
1463526857.882892, 8, 0, 33, 300386884608, 30212928730169, 30212960730112, 300418886879, 300450886656, 30212992731836, -1.930000
1463526857.884789, 8, 1, 33, 300386884608, 32120069450222, 32120229449728, 300546885997, 300578885632, 32120261450050, -3.650000
1463526857.886740, 8, 2, 33, 300386884608, 36739227435939, 36739515435520, 300674888578, 300706888192, 36739547437056, -1.390000
1463526857.888709, 8, 3, 33, 300386884608, 34545824708629, 34546240708608, 300802890278, 300834890240, 34546272711378, -4.440000
1463526857.890775, 8, 4, 33, 300386884608, 36692570865802, 36693114865664, 300930889147, 300962888704, 36693146866128, -3.300000
1463526857.892774, 8, 5, 33, 300386884608, 37587955791542, 37588627791360, 301058890921, 301090890752, 37588659792595, -2.350000
1463526857.894749, 8, 6, 33, 300386884608, 16375512092709, 16376312092672, 301186889852, 301218889728, 16376344094325, -5.780000
1463526857.896835, 8, 7, 33, 300386884608, 26915233535642, 26916161535488, 301314891330, 301346891264, 26916193537657, -4.450000
1463526857.982795, 8, 0, 34, 306763621888, 30219305428448, 30219337427968, 306795623739, 306827623424, 30219369429588, -2.370000
1463526857.984593, 8, 1, 34, 306763621888, 32126446147160, 32126606147072, 306923623682, 306955623424, 32126638147487, -2.340000
1463526857.986631, 8, 2, 34, 306763621888, 36745604123561, 36745892123136, 307051625863, 307083625472, 36745924124694, -1.260000
1463526857.988554, 8, 3, 34, 306763621888, 34552201404388, 34552617403904, 307179627061, 307211627008, 34552649406638, -4.580000
1463526857.992520, 8, 5, 34, 306763621888, 37594332482234, 37595004482048, 307435628160, 307467628032, 37595036483304, -3.190000
1463526857.994864, 8, 6, 34, 306763621888, 16381888802435, 16382688802304, 307563627028, 307595627008, 16382720804081, -4.800000
1463526857.996522, 8, 7, 34, 306763621888, 26921610241669, 26922538241536, 307691628604, 307723628544, 26922570243679, -6.520000
1463526858.082262, 8, 0, 35, 313137112576, 30225678880231, 30225710879744, 313169114390, 313201114112, 30225742881380, -2.650000
1463526858.084225, 8, 1, 35, 313137112576, 32132819597616, 32132979597312, 313297114150, 313329114112, 32133011597957, -2.460000
1463526858.086247, 8, 2, 35, 313137112576, 36751977564712, 36752265564672, 313425116925, 313457116672, 36752297566366, -1.750000
1463526858.088365, 8, 3, 35, 313137112576, 34558574853656, 34558990853632, 313553118148, 313585117696, 34559022855923, -7.600000
1463526858.090380, 8, 4, 35, 313137112576, 36705321009592, 36705865009152, 313681116777, 313713116672, 36705897009942, -3.070000
1463526858.092310, 8, 5, 35, 313137112576, 37600705926469, 37601377926144, 313809118711, 313841118208, 37601409927020, -3.840000
1463526858.094253, 8, 6, 35, 313137112576, 16388262265709, 16389062265344, 313937117484, 313969117184, 16389094266840, -3.580000
1463526858.096241, 8, 7, 35, 313137112576, 26927983701215, 26928911700992, 314065119166, 314097118720, 26928943702712, -6.560000
1463526858.182140, 8, 0, 36, 319511970816, 30232053699651, 30232085699584, 319543973050, 319575972864, 30232117701316, -3.350000
1463526858.184123, 8, 1, 36, 319511970816, 32139194415673, 32139354415616, 319671972613, 319703972352, 32139386416028, -2.960000
1463526858.186138, 8, 2, 36, 319511970816, 36758352373487, 36758640373248, 319799974976, 319831974912, 36758672375138, -1.440000
1463526858.188141, 8, 3, 36, 319511970816, 34564949670596, 34565365670400, 319927976243, 319959975936, 34565397672862, -6.740000
1463526858.190133, 8, 4, 36, 319511970816, 36711695825871, 36712239825408, 320055974969, 320087974912, 36712271826226, -2.250000
1463526858.192183, 8, 5, 36, 319511970816, 37607080738331, 37607752738304, 320183977252, 320215976960, 37607784739387, -2.760000
1463526858.194034, 8, 6, 36, 319511970816, 16394637096574, 16395437096448, 320311975930, 320343975424, 16395469097715, -3.960000
1463526858.196071, 8, 7, 36, 319511970816, 26934358528379, 26935286528000, 320439977210, 320471976960, 26935318529912, -7.910000
1463526858.281860, 8, 0, 37, 325888037376, 30238429727489, 30238461727232, 325920039408, 325952038912, 30238493728628, -3.880000
1463526858.283819, 8, 1, 37, 325888037376, 32145570442155, 32145730441728, 326048038798, 326080038400, 32145762441991, -2.480000
1463526858.285823, 8, 2, 37, 325888037376, 36764728390676, 36765016390656, 326176041751, 326208041472, 36765048392333, -0.970000
1463526858.287797, 8, 3, 37, 325888037376, 34571325695921, 34571741695488, 326304042523, 326336042496, 34571773698213, -9.360000
1463526858.289838, 8, 4, 37, 325888037376, 36718071850570, 36718615850496, 326432041897, 326464041472, 36718647850939, -2.400000
1463526858.291803, 8, 5, 37, 325888037376, 37613456758572, 37614128758272, 326560043501, 326592043008, 37614160759148, -3.170000
1463526858.293816, 8, 6, 37, 325888037376, 16401013135861, 16401813135360, 326688042085, 326720041984, 16401845137021, -5.510000
1463526858.295762, 8, 7, 37, 325888037376, 26940734563984, 26941662563840, 326816043980, 326848043520, 26941694565503, -7.310000
1463526858.382588, 8, 0, 38, 332262055936, 30244803707401, 30244835707392, 332294058195, 332326057984, 30244867709063, -3.370000
1463526858.384560, 8, 1, 38, 332262055936, 32151944420721, 32152104420352, 332422057418, 332454056960, 32152136420554, -2.960000
1463526858.386027, 8, 2, 38, 332262055936, 36771102359956, 36771390359552, 332550059938, 332582059520, 36771422361093, -0.920000
1463526858.388961, 8, 3, 38, 332262055936, 34577699673336, 34578115673088, 332678061256, 332710061056, 34578147675616, -7.990000
1463526858.389574, 8, 4, 38, 332262055936, 36724445827353, 36724989827072, 332806060239, 332838060032, 36725021827715, -3.270000
1463526858.391597, 8, 5, 38, 332262055936, 37619830730918, 37620502730752, 332934062182, 332966062080, 37620534732012, -2.030000
1463526858.393915, 8, 6, 38, 332262055936, 16407387127233, 16408187126784, 333062060662, 333094060544, 16408219128397, -6.740000
1463526858.395572, 8, 7, 38, 332262055936, 26947108551673, 26948036551168, 333190062150, 333222062080, 26948068553198, -6.740000
1463526858.481777, 8, 0, 39, 338637093376, 30251178706282, 30251210705920, 338669095277, 338701094912, 30251242707442, -5.050000
1463526858.485571, 8, 2, 39, 338637093376, 36777477348181, 36777765347840, 338925097422, 338957096960, 36777797349338, -1.280000
1463526858.485319, 8, 1, 39, 338637093376, 32158319418245, 32158479417856, 338797094842, 338829094400, 32158511418095, -2.670000
1463526858.488032, 8, 3, 39, 338637093376, 34584074669727, 34584490669568, 339053098788, 339085098496, 34584522672011, -7.490000
1463526858.489515, 8, 4, 39, 338637093376, 36730820823102, 36731364823040, 339181097885, 339213097472, 36731396823472, -4.020000
1463526858.491781, 8, 5, 39, 338637093376, 37626205722230, 37626877722112, 339309099661, 339341099520, 37626909723333, -1.940000
1463526858.493366, 8, 6, 39, 338637093376, 16413762137584, 16414562137088, 339437098053, 339469097984, 16414594138755, -8.280000
1463526858.581463, 8, 0, 40, 345012134400, 30257553708824, 30257585708544, 345044136380, 345076135936, 30257617709981, -3.750000
1463526858.583132, 8, 1, 40, 345012134400, 32164694419433, 32164854418944, 345172135762, 345204135424, 32164886419279, -4.540000
1463526858.587693, 8, 3, 40, 345012134400, 34590449669758, 34590865669632, 345428139829, 345460139520, 34590897672058, -7.450000
1463526858.587429, 8, 2, 40, 345012134400, 36783852340068, 36784140339712, 345300138432, 345332137984, 36784172341220, -0.890000
1463526858.589216, 8, 4, 40, 345012134400, 36737195822506, 36737739822080, 345556138552, 345588138496, 36737771822889, -4.600000
1463526858.591236, 8, 5, 40, 345012134400, 37632580717198, 37633252717056, 345684140659, 345716140544, 37633284718311, -2.580000
1463526858.593144, 8, 6, 40, 345012134400, 16420137151596, 16420937151488, 345812139473, 345844139008, 16420969152775, -6.800000
1463526858.595168, 8, 7, 40, 345012134400, 26959858568569, 26960786568192, 345940140701, 345972140544, 26960818570138, -5.490000
1463526858.681044, 8, 0, 41, 351387166720, 30263928702758, 30263960702464, 351419168694, 351451168256, 30263992703909, -4.330000
1463526858.683072, 8, 1, 41, 351387166720, 32171069412000, 32171229411840, 351547168411, 351579168256, 32171261412351, -3.850000
1463526858.684899, 8, 2, 41, 351387166720, 36790227323361, 36790515322880, 351675170637, 351707170304, 36790547324514, -1.180000
1463526858.687164, 8, 3, 41, 351387166720, 34596824661199, 34597240660992, 351803172087, 351835171840, 34597272663499, -5.560000
1463526858.689414, 8, 4, 41, 351387166720, 36743570813293, 36744114812928, 351931170909, 351963170816, 36744146813682, -4.190000
1463526858.690865, 8, 5, 41, 351387166720, 37638955703552, 37639627703296, 352059172847, 352091172352, 37639659704160, -2.360000
1463526858.692918, 8, 6, 41, 351387166720, 16426512156988, 16427312156672, 352187171573, 352219171328, 16427344158190, -6.800000
1463526858.694915, 8, 7, 41, 351387166720, 26966233570289, 26967161569792, 352315172894, 352347172864, 26967193571852, -5.520000
1463526858.780660, 8, 0, 42, 357762202112, 30270303699821, 30270335699456, 357794203978, 357826203648, 30270367700972, -4.760000
1463526858.782636, 8, 1, 42, 357762202112, 32177444407717, 32177604407296, 357922203530, 357954203136, 32177636407570, -3.260000
1463526858.784675, 8, 2, 42, 357762202112, 36796602309786, 36796890309632, 358050206352, 358082206208, 36796922311456, -1.940000
1463526858.786639, 8, 3, 42, 357762202112, 34603199655800, 34603615655424, 358178207302, 358210207232, 34603647658100, -5.630000
1463526858.788698, 8, 4, 42, 357762202112, 36749945807229, 36750489806848, 358306206261, 358338206208, 36750521807629, -4.240000
1463526858.793196, 8, 6, 42, 357762202112, 16432887165539, 16433687165440, 358562207183, 358594206720, 16433719166753, -5.620000
1463526858.793030, 8, 5, 42, 357762202112, 37645330693056, 37646002692608, 358434208042, 358466207744, 37646034693667, -3.370000
1463526858.794810, 8, 7, 42, 357762202112, 26972608575152, 26973536574976, 358690208586, 358722208256, 26973568576738, -5.590000
1463526858.880579, 8, 0, 43, 364137240064, 30276678699534, 30276710699520, 364169242274, 364201242112, 30276742701212, -3.850000
1463526858.882478, 8, 1, 43, 364137240064, 32183819406054, 32183979405824, 364297241665, 364329241600, 32184011406435, -4.290000
1463526858.884511, 8, 2, 43, 364137240064, 36802977298854, 36803265298432, 364425244038, 364457243648, 36803297300012, -1.290000
1463526858.886506, 8, 3, 43, 364137240064, 34609574653013, 34609990652928, 364553245536, 364585245184, 34610022655327, -6.640000
1463526858.888511, 8, 4, 43, 364137240064, 36756320803812, 36756864803328, 364681244101, 364713243648, 36756896803703, -3.970000
1463526858.890512, 8, 5, 43, 364137240064, 37651705685195, 37652377684992, 364809246218, 364841246208, 37652409686332, -3.280000
1463526858.894563, 8, 6, 43, 364137240064, 16439262176730, 16440062176256, 364937244772, 364969244672, 16440094177952, -4.760000
1463526858.894756, 8, 7, 43, 364137240064, 26978983582656, 26979911582208, 365065246243, 365097246208, 26979943584277, -2.480000
1463526858.980500, 8, 0, 44, 370512278016, 30283053699318, 30283085699072, 370544279984, 370576279552, 30283117700480, -4.350000
1463526858.982397, 8, 1, 44, 370512278016, 32190194404467, 32190354404352, 370672279741, 370704279552, 32190386404840, -4.440000
1463526858.984524, 8, 2, 44, 370512278016, 36809352287990, 36809640287744, 370800282174, 370832282112, 36809672289669, -0.960000
1463526858.986463, 8, 3, 44, 370512278016, 34615949650302, 34616365649920, 370928283198, 370960283136, 34616397652609, -6.800000
1463526858.988284, 8, 4, 44, 370512278016, 36762695800457, 36763239800320, 371056282394, 371088282112, 36763271800865, -3.360000
1463526858.990291, 8, 5, 44, 370512278016, 37658080677408, 37658752677376, 371184284345, 371216284160, 37658784678551, -3.110000
1463526858.992202, 8, 6, 44, 370512278016, 16445637187991, 16446437187584, 371312282766, 371344282624, 16446469189226, -3.930000
1463526859.080452, 8, 0, 45, 376887314944, 30289428698158, 30289460698112, 376919317112, 376951316992, 30289492699831, -4.070000
1463526859.081982, 8, 1, 45, 376887314944, 32196569401939, 32196729401856, 377047316714, 377079316480, 32196761402305, -4.050000
1463526859.083977, 8, 2, 45, 376887314944, 36815727276201, 36816015276032, 377175319188, 377207319040, 36816047277873, -1.050000
1463526859.086094, 8, 3, 45, 376887314944, 34622324646642, 34622740646400, 377303320246, 377335320064, 34622772648966, -5.980000
1463526859.088155, 8, 4, 45, 376887314944, 36769070796169, 36769614795776, 377431319050, 377463319040, 36769646796589, -3.200000
1463526859.090018, 8, 5, 45, 376887314944, 37664455668686, 37665127668224, 377559320834, 377591320576, 37665159669328, -4.190000
1463526859.092098, 8, 6, 45, 376887314944, 16452012198328, 16452812197888, 377687319685, 377719319552, 16452844199528, -4.290000
1463526859.179790, 8, 0, 46, 383262360576, 30295803705774, 30295835705344, 383294362351, 383326362112, 30295867706923, -4.990000
1463526859.181743, 8, 1, 46, 383262360576, 32202944408173, 32203104408064, 383422362304, 383454362112, 32203136408549, -5.510000
1463526859.183758, 8, 2, 46, 383262360576, 36822102273174, 36822390273024, 383550364846, 383582364672, 36822422274849, -1.240000
1463526859.185765, 8, 3, 46, 383262360576, 34628699651757, 34629115651584, 383678365942, 383710365696, 34629147654093, -5.420000
1463526859.187811, 8, 4, 46, 383262360576, 36775445800635, 36775989800448, 383806364873, 383838364672, 36776021801066, -2.800000
1463526859.189744, 8, 5, 46, 383262360576, 37670830668725, 37671502668288, 383934366477, 383966366208, 37671534669370, -3.380000
1463526859.191769, 8, 6, 46, 383262360576, 16458387217373, 16459187216896, 384062365217, 384094365184, 16459219218624, -4.800000
1463526859.193776, 8, 7, 46, 383262360576, 26998108612342, 26999036612096, 384190366895, 384222366720, 26999068614015, -5.130000
1463526859.279566, 8, 0, 47, 389637394944, 30302178702200, 30302210701824, 389669396764, 389701396480, 30302242703365, -4.210000
1463526859.281585, 8, 1, 47, 389637394944, 32209319403240, 32209479403008, 389797396540, 389829396480, 32209511403614, -6.550000
1463526859.283483, 8, 2, 47, 389637394944, 36828477258962, 36828765258752, 389925399151, 389957399040, 36828797260653, -0.910000
1463526859.285540, 8, 3, 47, 389637394944, 34635074645726, 34635490645504, 390053400263, 390085400064, 34635522648041, -4.470000
1463526859.287487, 8, 4, 47, 389637394944, 36781820793951, 36782364793856, 390181399324, 390213399040, 36782396794377, -3.350000
1463526859.289481, 8, 5, 47, 389637394944, 37677205657592, 37677877657088, 390309400771, 390341400576, 37677909658263, -3.620000
1463526859.291734, 8, 6, 47, 389637394944, 16464762225291, 16465562225152, 390437399896, 390469399552, 16465594226557, -6.040000
1463526859.293494, 8, 7, 47, 389637394944, 27004483616629, 27005411616256, 390565401143, 390597401088, 27005443618299, -4.840000
1463526859.379381, 8, 0, 48, 396012429312, 30308553698699, 30308585698304, 396044431103, 396076430848, 30308617699854, -4.150000
1463526859.381288, 8, 1, 48, 396012429312, 32215694398369, 32215854397952, 396172430701, 396204430336, 32215886398225, -7.740000
1463526859.383338, 8, 2, 48, 396012429312, 36834852244838, 36835140244480, 396300433388, 396332432896, 36835172246006, -1.050000
1463526859.385308, 8, 3, 48, 396012429312, 34641449639727, 34641865639424, 396428434555, 396460434432, 34641897642053, -2.750000
1463526859.387411, 8, 4, 48, 396012429312, 36788195787309, 36788739787264, 396556433733, 396588433408, 36788771787746, -4.580000
1463526859.389330, 8, 5, 48, 396012429312, 37683580646511, 37684252646400, 396684435512, 396716435456, 37684284647697, -4.860000
1463526859.391311, 8, 6, 48, 396012429312, 16471137233256, 16471937232896, 396812434007, 396844433920, 16471969234535, -8.020000
1463526859.393549, 8, 7, 48, 396012429312, 27010858620944, 27011786620928, 396940435815, 396972435456, 27011818622623, -7.540000
1463526859.479229, 8, 0, 49, 402387474944, 30314928706544, 30314960706048, 402419476653, 402451476480, 30314992707691, -4.210000
1463526859.481149, 8, 1, 49, 402387474944, 32222069404845, 32222229404672, 402547476583, 402579476480, 32222261405222, -7.070000
1463526859.483384, 8, 2, 49, 402387474944, 36841227242024, 36841515241984, 402675479313, 402707479040, 36841547243727, -0.890000
1463526859.485586, 8, 3, 49, 402387474944, 34647824645057, 34648240644608, 402803480013, 402835479552, 34648272646889, -4.070000
1463526859.487210, 8, 4, 49, 402387474944, 36794570792024, 36795114791936, 402931479314, 402963479040, 36795146792466, -4.850000
1463526859.489220, 8, 5, 49, 402387474944, 37689955646785, 37690627646464, 403059480921, 403091480576, 37690659647469, -6.470000
1463526859.491468, 8, 6, 49, 402387474944, 16477512252591, 16478312252416, 403187479806, 403219479552, 16478344253870, -8.550000
1463526859.579199, 8, 0, 50, 408762497024, 30321303690874, 30321335690752, 408794499083, 408826499072, 30321367692539, -4.340000
1463526859.580860, 8, 1, 50, 408762497024, 32228444387839, 32228604387328, 408922498305, 408954498048, 32228636387705, -6.960000
1463526859.582885, 8, 2, 50, 408762497024, 36847602215749, 36847890215424, 409050501124, 409082501120, 36847922217446, -1.500000
1463526859.585006, 8, 3, 50, 408762497024, 34654199626921, 34654615626752, 409178502386, 409210502144, 34654647629263, -3.850000
1463526859.586987, 8, 4, 50, 408762497024, 36800945773228, 36801489773056, 409306501303, 409338501120, 36801521773684, -5.770000
1463526859.588902, 8, 5, 50, 408762497024, 37696330623575, 37697002623488, 409434503229, 409466503168, 37697034624759, -6.650000
1463526859.590908, 8, 6, 50, 408762497024, 16483887248437, 16484687248384, 409562502009, 409594501632, 16484719249716, -7.880000
1463526859.592879, 8, 7, 50, 408762497024, 27023608628811, 27024536628736, 409690503440, 409722503168, 27024568630525, -4.410000
1463526859.678768, 8, 0, 51, 415137574400, 30327678730600, 30327710730240, 415169576227, 415201575936, 30327742731757, -4.380000
1463526859.680688, 8, 1, 51, 415137574400, 32234819426221, 32234979425792, 415297575759, 415329575424, 32235011426091, -7.490000
1463526859.682608, 8, 2, 51, 415137574400, 36853977244838, 36854265244672, 415425578653, 415457578496, 36854297246544, -1.640000
1463526859.684606, 8, 3, 51, 415137574400, 34660574664147, 34660990663680, 415553579437, 415585579008, 34661022665978, -2.900000
1463526859.686601, 8, 4, 51, 415137574400, 36807320809825, 36807864809472, 415681578482, 415713577984, 36807896809767, -5.420000
1463526859.688619, 8, 5, 51, 415137574400, 37702705655722, 37703377655296, 415809580257, 415841580032, 37703409656409, -5.150000
1463526859.690589, 8, 6, 51, 415137574400, 16490262299651, 16491062299648, 415937579447, 415969579008, 16491094300949, -6.430000
1463526859.692627, 8, 7, 51, 415137574400, 27029983676377, 27030911675904, 416065580395, 416097580032, 27030943677567, -5.880000
1463526859.778472, 8, 0, 52, 421512580096, 30334053698716, 30334085698560, 421544582112, 421576581632, 30334117699881, -4.650000
1463526859.780350, 8, 1, 52, 421512580096, 32241194393007, 32241354392576, 421672581472, 421704581120, 32241386392872, -7.690000
1463526859.782358, 8, 2, 52, 421512580096, 36860352202322, 36860640202240, 421800584424, 421832584192, 36860672204037, -2.200000
1463526859.784403, 8, 3, 52, 421512580096, 34666949629756, 34667365629440, 421928585270, 421960585216, 34667397632125, -2.480000
1463526859.786445, 8, 4, 52, 421512580096, 36813695774816, 36814239774720, 422056584438, 422088584192, 36814271775268, -4.940000
1463526859.788392, 8, 5, 52, 421512580096, 37709080616279, 37709752615936, 422184586035, 422216585728, 37709784616979, -4.340000
1463526859.790344, 8, 6, 52, 421512580096, 16496637279265, 16497437279232, 422312585123, 422344584704, 16497469280565, -6.040000
1463526859.792375, 8, 7, 52, 421512580096, 27036358652337, 27037286651904, 422440586084, 422472585728, 27037318653528, -7.290000
1463526859.878502, 8, 0, 53, 427887619584, 30340428700703, 30340460700672, 427919621714, 427951621632, 30340492702374, -6.160000
1463526859.880164, 8, 1, 53, 427887619584, 32247569393637, 32247729393152, 428047620889, 428079620608, 32247761393505, -9.810000
1463526859.882248, 8, 2, 53, 427887619584, 36866727193683, 36867015193600, 428175623929, 428207623680, 36867047195391, -2.180000
1463526859.884157, 8, 3, 53, 427887619584, 34673324629274, 34673740628992, 428303624804, 428335624704, 34673772631599, -3.190000
1463526859.886142, 8, 4, 53, 427887619584, 36820070773654, 36820614773248, 428431623607, 428463623168, 36820646773596, -5.330000
1463526859.888162, 8, 5, 53, 427887619584, 37715455610670, 37716127610368, 428559625529, 428591625216, 37716159611382, -5.160000
1463526859.890132, 8, 6, 53, 427887619584, 16503012292736, 16503812292608, 428687624505, 428719624192, 16503844294054, -6.010000
1463526859.892148, 8, 7, 53, 427887619584, 27042733662143, 27043661661696, 428815625506, 428847625216, 27043693663370, -8.420000
1463526859.978419, 8, 0, 54, 434262659584, 30346803703269, 30346835702784, 434294661267, 434326661120, 30346867704411, -5.310000
1463526859.979942, 8, 1, 54, 434262659584, 32253944394829, 32254104394752, 434422661278, 434454661120, 32254136395216, -12.400000
1463526859.981919, 8, 2, 54, 434262659584, 36873102185604, 36873390185472, 434550663878, 434582663680, 36873422187322, -2.050000
1463526859.983907, 8, 3, 54, 434262659584, 34679699629309, 34680115629056, 434678664794, 434710664704, 34680147631677, -3.460000
1463526859.985953, 8, 4, 54, 434262659584, 36826445773071, 36826989772800, 434806663720, 434838663680, 36827021773548, -5.240000
1463526859.987923, 8, 5, 54, 434262659584, 37721830605652, 37722502605312, 434934665480, 434966665216, 37722534606368, -5.510000
1463526859.989987, 8, 6, 54, 434262659584, 16509387306784, 16510187306496, 435062664346, 435094664192, 16510219308098, -5.690000
1463526859.991902, 8, 7, 54, 434262659584, 27049108672563, 27050036672512, 435190665918, 435222665728, 27050068674290, -8.340000
1463526860.077805, 8, 0, 55, 440637682176, 30353178688490, 30353210688000, 440669683836, 440701683712, 30353242689654, -5.980000
1463526860.080328, 8, 1, 55, 440637682176, 32260319378708, 32260479378432, 440797683668, 440829683200, 32260511378588, -12.640000
1463526860.081726, 8, 2, 55, 440637682176, 36879477160202, 36879765159936, 440925686343, 440957686272, 36879797161920, -1.720000
1463526860.083743, 8, 3, 55, 440637682176, 34686074612057, 34686490611712, 441053687301, 441085687296, 34686522614418, -4.180000
1463526860.085707, 8, 4, 55, 440637682176, 36832820755157, 36833364754944, 441181686373, 441213686272, 36833396755636, -5.050000
1463526860.087830, 8, 5, 55, 440637682176, 37728205583307, 37728877582848, 441309687961, 441341687808, 37728909584030, -5.020000
1463526860.089650, 8, 6, 55, 440637682176, 16515762303487, 16516562302976, 441437686685, 441469686272, 16516594304306, -6.080000
1463526860.091753, 8, 7, 55, 440637682176, 27055483665621, 27056411665408, 441565688320, 441597688320, 27056443667380, -8.890000
1463526860.177794, 8, 0, 56, 447012719104, 30359553688118, 30359585688064, 447044721199, 447076721152, 30359617689786, -6.550000
1463526860.179637, 8, 1, 56, 447012719104, 32266694376956, 32266854376448, 447172720355, 447204720128, 32266886376841, -12.920000
1463526860.182334, 8, 2, 56, 447012719104, 36885852149186, 36886140148736, 447300723083, 447332722688, 36886172150400, -1.440000
1463526860.183839, 8, 3, 56, 447012719104, 34692449609189, 34692865608704, 447428724088, 447460723712, 34692897611052, -4.070000
1463526860.186441, 8, 4, 56, 447012719104, 36839195751646, 36839739751424, 447556723279, 447588723200, 36839771752134, -5.020000
1463526860.187251, 8, 5, 56, 447012719104, 37734580575341, 37735252575232, 447684725222, 447716724736, 37735284576080, -4.630000
1463526860.189789, 8, 6, 56, 447012719104, 16522137314593, 16522937314304, 447812723821, 447844723712, 16522969315938, -6.030000
1463526860.191479, 8, 7, 56, 447012719104, 27061858673118, 27062786672640, 447940724977, 447972724736, 27062818674359, -9.690000
1463526860.277302, 8, 0, 57, 453387749376, 30365928681168, 30365960680960, 453419751304, 453451750912, 30365992682333, -7.450000
1463526860.279251, 8, 1, 57, 453387749376, 32273069368645, 32273229368320, 453547750804, 453579750400, 32273261368527, -13.460000
1463526860.281237, 8, 2, 57, 453387749376, 36892227131621, 36892515131392, 453675753593, 453707753472, 36892547133335, -2.220000
1463526860.283463, 8, 3, 57, 453387749376, 34698824599763, 34699240599552, 453803754627, 453835754496, 34699272602144, -4.110000
1463526860.285527, 8, 4, 57, 453387749376, 36845570741570, 36846114741248, 453931753451, 453963752960, 36846146741539, -5.150000
1463526860.287259, 8, 5, 57, 453387749376, 37740955560824, 37741627560448, 454059755222, 454091755008, 37741659561567, -5.170000
1463526860.289243, 8, 6, 57, 453387749376, 16528512319112, 16529312318976, 454187754221, 454219753984, 16529344320485, -6.520000
1463526860.291261, 8, 7, 57, 453387749376, 27068233674032, 27069161673728, 454315755411, 454347755008, 27069193675307, -10.300000
1463526860.377196, 8, 0, 58, 459762783232, 30372303677872, 30372335677440, 459794784960, 459826784768, 30372367679032, -8.060000
1463526860.378993, 8, 1, 58, 459762783232, 32279444363984, 32279604363776, 459922784804, 459954784768, 32279636364374, -10.030000
1463526860.381124, 8, 2, 58, 459762783232, 36898602117660, 36898890117632, 460050787627, 460082787328, 36898922119389, -2.930000
1463526860.383016, 8, 3, 58, 459762783232, 34705199593964, 34705615593472, 460178788203, 460210787840, 34705647595820, -3.560000
1463526860.385059, 8, 4, 58, 459762783232, 36851945735124, 36852489734656, 460306787146, 460338786816, 36852521735117, -4.720000
1463526860.387227, 8, 5, 58, 459762783232, 37747330549932, 37748002549760, 460434789277, 460466788864, 37748034550686, -5.130000
1463526860.389008, 8, 6, 58, 459762783232, 16534887327306, 16535687327232, 460562788145, 460594787840, 16535719328667, -5.800000
1463526860.390974, 8, 7, 58, 459762783232, 27074608678586, 27075536678400, 460690789361, 460722788864, 27075568679867, -8.240000
1463526860.476968, 8, 0, 59, 466137815040, 30378678672575, 30378710672384, 466169816986, 466201816576, 30378742673744, -7.160000
1463526860.478834, 8, 1, 59, 466137815040, 32285819357332, 32285979357184, 466297816682, 466329816576, 32286011357724, -9.340000
1463526860.480822, 8, 2, 59, 466137815040, 36904977101738, 36905265101312, 466425819019, 466457818624, 36905297102965, -3.150000
1463526860.482874, 8, 3, 59, 466137815040, 34711574586200, 34711990585856, 466553820158, 466585819648, 34712022588072, -3.840000
1463526860.485166, 8, 4, 59, 466137815040, 36858320726713, 36858864726528, 466681819231, 466713819136, 36858896727215, -4.550000
1463526860.487132, 8, 5, 59, 466137815040, 37753705537075, 37754377537024, 466809821208, 466841821184, 37754409538336, -5.360000
1463526860.490041, 8, 6, 59, 466137815040, 16541262333512, 16542062333440, 466937819951, 466969819648, 16542094334911, -6.470000
1463526860.490460, 8, 7, 59, 466137815040, 27080983681177, 27081911681024, 467065821203, 467097821184, 27081943682968, -9.590000
1463526860.576862, 8, 0, 60, 472512849920, 30385053670435, 30385085670400, 472544852028, 472576851968, 30385117672098, -7.140000
1463526860.578692, 8, 1, 60, 472512849920, 32292194353812, 32292354353664, 472672851545, 472704851456, 32292386354213, -7.110000
1463526860.580548, 8, 2, 60, 472512849920, 36911352088946, 36911640088576, 472800853950, 472832853504, 36911672090171, -3.440000
1463526860.582655, 8, 3, 60, 472512849920, 34717949581554, 34718365581312, 472928855136, 472960855040, 34718397583952, -2.990000
1463526860.584672, 8, 4, 60, 472512849920, 36864695721446, 36865239720960, 473056853810, 473088853504, 36865271721441, -4.980000
1463526860.586621, 8, 5, 60, 472512849920, 37760080527339, 37760752526848, 473184855635, 473216855552, 37760784528099, -5.720000
1463526860.588598, 8, 6, 60, 472512849920, 16547637342846, 16548437342720, 473312854778, 473344854528, 16548469344235, -5.660000
1463526860.590735, 8, 7, 60, 472512849920, 27087358686898, 27088286686720, 473440856047, 473472855552, 27088318688201, -8.530000
1463526860.676404, 8, 0, 61, 478887881728, 30391428665296, 30391460664832, 478919883422, 478951883264, 30391492666458, -6.410000
1463526860.678314, 8, 1, 61, 478887881728, 32298569347305, 32298729347072, 479047883257, 479079882752, 32298761347182, -8.670000
1463526860.680330, 8, 2, 61, 478887881728, 36917727073181, 36918015072768, 479175885741, 479207885312, 36918047074394, -3.650000
1463526860.682336, 8, 3, 61, 478887881728, 34724324573933, 34724740573696, 479303886966, 479335886848, 34724772576322, -2.980000
1463526860.684435, 8, 4, 61, 478887881728, 36871070713187, 36871614712832, 479431885764, 479463885312, 36871646713192, -5.060000
1463526860.686354, 8, 5, 61, 478887881728, 37766455514620, 37767127514112, 479559887422, 479591887360, 37767159515377, -6.540000
1463526860.688346, 8, 6, 61, 478887881728, 16554012349180, 16554812348928, 479687886448, 479719886336, 16554844350581, -7.200000
1463526860.690489, 8, 7, 61, 478887881728, 27093733689624, 27094661689344, 479815887736, 479847887360, 27094693690956, -9.150000
1463526860.776544, 8, 0, 62, 485262912512, 30397803659185, 30397835658752, 485294914238, 485326914048, 30397867660345, -6.380000
1463526860.778394, 8, 1, 62, 485262912512, 32304944339840, 32305104339456, 485422913862, 485454913536, 32305136339735, -10.440000
1463526860.780127, 8, 2, 62, 485262912512, 36924102056427, 36924390055936, 485550916430, 485582916096, 36924422057662, -3.230000
1463526860.782138, 8, 3, 62, 485262912512, 34730699565348, 34731115565056, 485678917690, 485710917632, 34731147567744, -2.310000
1463526860.784120, 8, 4, 62, 485262912512, 36877445703949, 36877989703680, 485806916608, 485838916608, 36878021704486, -5.070000
1463526860.786179, 8, 5, 62, 485262912512, 37772830500925, 37773502500864, 485934918657, 485966918656, 37773534502220, -5.780000
1463526860.788148, 8, 6, 62, 485262912512, 16560387354571, 16561187354112, 486062917040, 486094916608, 16561219355464, -6.430000
1463526860.790138, 8, 7, 62, 485262912512, 27100108691411, 27101036690944, 486190918327, 486222918144, 27101068692736, -10.790000
1463526860.876623, 8, 0, 63, 491637948416, 30404178658269, 30404210657792, 491669950107, 491701949952, 30404242659439, -6.630000
1463526860.877540, 8, 1, 63, 491637948416, 32311319337583, 32311479337472, 491797950056, 491829949952, 32311511337974, -10.060000
1463526860.879847, 8, 2, 63, 491637948416, 36930477044875, 36930765044736, 491925952695, 491957952512, 36930797046625, -3.070000
1463526860.881903, 8, 3, 63, 491637948416, 34737074561946, 34737490561536, 492053953480, 492085953024, 34737522563840, -2.540000
1463526860.883962, 8, 4, 63, 491637948416, 36883820699915, 36884364699648, 492181952519, 492213952512, 36884396700453, -5.210000
1463526860.885929, 8, 5, 63, 491637948416, 37779205492436, 37779877492224, 492309954405, 492341954048, 37779909493215, -6.310000
1463526860.887870, 8, 6, 63, 491637948416, 16566762365143, 16567562364928, 492437953182, 492469953024, 16567594366559, -7.080000
1463526860.889858, 8, 7, 63, 491637948416, 27106483698384, 27107411698176, 492565954494, 492597954048, 27107443699705, -10.690000
1463526860.975766, 8, 0, 64, 498013939712, 30410554612775, 30410586612736, 498045941828, 498077941760, 30410618614461, -5.410000
1463526860.977787, 8, 1, 64, 498013939712, 32317695290751, 32317855290368, 498173941054, 498205940736, 32317887290661, -8.070000
1463526860.979880, 8, 2, 64, 498013939712, 36936852988761, 36937140988416, 498301943790, 498333943296, 36937172989993, -2.150000
1463526860.981722, 8, 3, 64, 498013939712, 34743450513984, 34743866513920, 498429945108, 498461944832, 34743898516395, -2.850000
1463526860.983748, 8, 4, 64, 498013939712, 36890196651320, 36890740651008, 498557943768, 498589943296, 36890772651349, -3.960000
1463526860.985656, 8, 5, 64, 498013939712, 37785581439375, 37786253438976, 498685945512, 498717945344, 37786285440160, -6.320000
1463526860.987759, 8, 6, 64, 498013939712, 16573138331168, 16573938331136, 498813944645, 498845944320, 16573970332591, -7.720000
1463526860.989667, 8, 7, 64, 498013939712, 27112859660790, 27113787660288, 498941945476, 498973945344, 27113819662141, -10.940000
1463526861.075510, 8, 0, 65, 504389738496, 30416930374851, 30416962374656, 504421740451, 504453740032, 30416994376024, -5.010000
1463526861.077513, 8, 1, 65, 504389738496, 32324071051508, 32324231051264, 504549739979, 504581739520, 32324263051402, -11.550000
1463526861.079598, 8, 2, 65, 504389738496, 36943228740196, 36943516740096, 504677742801, 504709742592, 36943548741946, -1.950000
1463526861.083305, 8, 4, 65, 504389738496, 36896572410285, 36897116409856, 504933742436, 504965742080, 36897148410317, -3.840000
1463526861.082967, 8, 3, 65, 504389738496, 34749826273590, 34750242273280, 504805743644, 504837743616, 34750274276012, -2.300000
1463526861.085530, 8, 5, 65, 504389738496, 37791957193874, 37792629193728, 505061744543, 505093744128, 37792661194677, -6.610000
1463526861.087571, 8, 6, 65, 504389738496, 16579514104746, 16580314104320, 505189743022, 505221742592, 16580346105654, -7.870000
1463526861.089442, 8, 7, 65, 504389738496, 27119235430782, 27120163430400, 505317744375, 505349744128, 27120195432117, -11.340000
1463526861.175303, 8, 0, 66, 510764770816, 30423305370551, 30423337370112, 510796772561, 510828772352, 30423369371699, -5.370000
1463526861.177335, 8, 1, 66, 510764770816, 32330446045851, 32330606045696, 510924772380, 510956772352, 32330638046261, -10.020000
1463526861.179349, 8, 2, 66, 510764770816, 36949603725228, 36949891724800, 511052774792, 511084774400, 36949923726481, -1.790000
1463526861.183198, 8, 4, 66, 510764770816, 36902947402848, 36903491402752, 511308775094, 511340774912, 36903523403389, -3.420000
1463526861.186025, 8, 5, 66, 510764770816, 37798332181983, 37799004181504, 511436776535, 511468776448, 37799036182775, -6.810000
1463526861.187348, 8, 6, 66, 510764770816, 16585889111922, 16586689111552, 511564775397, 511596774912, 16586721112848, -7.760000
1463526861.189459, 8, 7, 66, 510764770816, 27125610434362, 27126538434048, 511692776762, 511724776448, 27126570435724, -11.950000
1463526861.275094, 8, 0, 67, 517139798016, 30429680361172, 30429712360960, 517171799982, 517203799552, 30429744362326, -4.980000
1463526861.277019, 8, 1, 67, 517139798016, 32336821035171, 32336981035008, 517299799571, 517331799552, 32337013035565, -10.800000
1463526861.279076, 8, 2, 67, 517139798016, 36955978705237, 36956266704896, 517427802083, 517459801600, 36956298706479, -1.810000
1463526861.281034, 8, 3, 67, 517139798016, 34762576254959, 34762992254464, 517555803000, 517587802624, 34763024256860, -3.280000
1463526861.283875, 8, 4, 67, 517139798016, 36909322390367, 36909866390016, 517683802035, 517715801600, 36909898390408, -2.740000
1463526861.285340, 8, 5, 67, 517139798016, 37804707165050, 37805379164672, 517811803828, 517843803648, 37805411165838, -6.830000
1463526861.287598, 8, 6, 67, 517139798016, 16592264114060, 16593064113664, 517939802548, 517971802112, 16593096114990, -7.800000
1463526861.289039, 8, 7, 67, 517139798016, 27131985432916, 27132913432576, 518067803915, 518099803648, 27132945434293, -9.560000
